block_index,frames,chain_us,max_one_us,deadline_us,late_start_us,automated
0,64,88.8,12.7,666.666666667,34.3,1
1,64,121.1,17.1,666.666666667,612.634,0
2,64,68.1,9.3,666.666666667,91.767,0
3,64,74.5,9.3,666.666666667,1266.1,0
4,64,60.5,7.7,666.666666667,690.234,0
5,64,58.1,6.8,666.666666667,100.167,0
6,64,77.2,9.6,666.666666667,1252.4,0
7,64,60.2,7.2,666.666666667,679.434,0
8,64,55.9,6.7,666.666666667,89.067,0
9,64,95,11.4,666.666666667,1260,0
10,64,81.3,8.3,666.666666667,712.834,0
11,64,80.5,8.2,666.666666667,152.167,0
12,64,97,11.7,666.666666667,1764.5,0
13,64,86.8,10.6,666.666666667,1218.734,0
14,64,86.2,10.5,666.666666667,662.367,0
15,64,87,10.8,666.666666667,105.6,0
16,64,93.3,11.4,666.666666667,1458.534,0
17,64,83.9,11.3,666.666666667,908.967,0
18,64,84.8,10.6,666.666666667,349.5,0
19,64,65.3,7.6,666.666666667,1447.634,0
20,64,56.2,6.7,666.666666667,863.067,0
21,64,55.5,6.9,666.666666667,268.9,0
22,64,60.6,7,666.666666667,1446.634,0
23,64,56,6.5,666.666666667,857.167,0
24,64,55,6.6,666.666666667,262.8,0
25,64,81.4,10,666.666666667,1454.434,0
26,64,67.8,6.9,666.666666667,889.767,0
27,64,67.4,6.9,666.666666667,311.4,0
28,64,86.9,10.6,666.666666667,1458.834,0
29,64,85.5,10.3,666.666666667,903.767,0
30,64,85.2,10.3,666.666666667,365.1,1
31,64,66.3,9.6,666.666666667,1451.834,0
32,64,56.4,7.2,666.666666667,868.067,0
33,64,55.1,5.7,666.666666667,274.2,0
34,64,63.9,7.9,666.666666667,1449.934,0
35,64,57.9,7.2,666.666666667,863.667,0
36,64,57.4,6.7,666.666666667,271.1,0
37,64,88.8,10.5,666.666666667,1457.134,0
38,64,85.4,10,666.666666667,904.067,0
39,64,82.3,9.7,666.666666667,347.5,0
40,64,84.6,10,666.666666667,1454.834,0
41,64,81.2,8.2,666.666666667,897.867,0
42,64,81.3,8.5,666.666666667,337.1,0
43,64,78.5,9.7,666.666666667,1453.334,0
44,64,70.6,8.6,666.666666667,885.967,0
45,64,69.1,8.2,666.666666667,310.2,0
46,64,143.9,20.4,666.666666667,1483.834,0
47,64,122.4,15.8,666.666666667,995.767,0
48,64,121.5,15.2,666.666666667,485.7,0
49,64,67.7,8,666.666666667,1452.234,0
50,64,56.8,6.7,666.666666667,869.867,0
51,64,56.1,6.5,666.666666667,276.2,0
52,64,67.9,7.9,666.666666667,1458.534,0
53,64,55.9,6.7,666.666666667,876.267,0
54,64,55.1,6.8,666.666666667,281.4,0
55,64,62.9,7.8,666.666666667,1452.434,0
56,64,54.6,5.6,666.666666667,865.467,0
57,64,54,5.6,666.666666667,270,0
58,64,61.8,7.8,666.666666667,1444.034,0
59,64,54,5.4,666.666666667,855.667,0
60,64,54.5,5.7,666.666666667,274.6,1
61,64,62.8,8.6,666.666666667,1442.734,0
62,64,58,6.9,666.666666667,855.467,0
63,64,57.5,6.8,666.666666667,263.6,0
64,64,97.9,13.3,666.666666667,1459.034,0
65,64,83.6,10.2,666.666666667,915.167,0
66,64,83,10,666.666666667,356.8,0
67,64,80.3,9.7,666.666666667,1454.634,0
68,64,70.1,8.5,666.666666667,888.467,0
69,64,69.3,8.2,666.666666667,312.4,0
70,64,190.6,44.1,666.666666667,1502.034,0
71,64,127.9,16.2,666.666666667,1062.067,0
72,64,126.8,15.9,666.666666667,558.6,0
73,64,126.2,16.2,666.666666667,54.334,0
74,64,63.8,7.9,666.666666667,788.467,0
75,64,56.7,7,666.666666667,202.3,0
76,64,73.8,8.7,666.666666667,1454.934,0
77,64,72.3,8.8,666.666666667,882.767,0
78,64,70.4,8.5,666.666666667,309,0
79,64,63.7,7.6,666.666666667,1452.934,0
80,64,54.7,5.6,666.666666667,866.467,0
81,64,54.8,5.6,666.666666667,270.7,0
82,64,95.4,11.6,666.666666667,1463.434,0
83,64,87.6,10.7,666.666666667,916.167,0
84,64,87.2,10.5,666.666666667,360.7,0
85,64,61.6,7.1,666.666666667,1455.134,0
86,64,55.9,6.6,666.666666667,866.367,0
87,64,55.1,6.5,666.666666667,271.9,0
88,64,60.9,7.4,666.666666667,1459.634,0
89,64,54,5.5,666.666666667,870.167,0
90,64,53.5,5.5,666.666666667,285.8,1
91,64,76.6,9.6,666.666666667,1465.534,0
92,64,67.9,6.9,666.666666667,896.167,0
93,64,67.9,6.9,666.666666667,318.2,0
94,64,81.9,11.7,666.666666667,1461.134,0
95,64,71.9,8.7,666.666666667,897.067,0
96,64,71.4,8.6,666.666666667,322.9,0
97,64,67.4,9.5,666.666666667,1465.634,0
98,64,56.2,6.8,666.666666667,882.867,0
99,64,55.4,6.7,666.666666667,288.6,0
100,64,65.6,8,666.666666667,1456.534,0
101,64,56,6.7,666.666666667,873.967,0
102,64,56,6.6,666.666666667,279.7,0
103,64,71.9,8.7,666.666666667,1459.434,0
104,64,67.9,6.9,666.666666667,884.867,0
105,64,67.6,6.9,666.666666667,306.4,0
106,64,71.7,8.6,666.666666667,1461.934,0
107,64,69.4,8.2,666.666666667,886.967,0
108,64,69.3,8,666.666666667,310.1,0
109,64,74.4,8.6,666.666666667,966.834,0
110,64,71.8,8.4,666.666666667,394.967,0
111,64,72.7,8.3,666.666666667,1635.4,0
112,64,72,8.4,666.666666667,1062.034,0
113,64,68.5,7,666.666666667,487.967,0
114,64,92,10.9,666.666666667,1642.6,0
115,64,85.1,10,666.666666667,1092.234,0
116,64,84.5,9.8,666.666666667,534.667,0
117,64,85.2,9.9,666.666666667,1642.1,0
118,64,70.4,8.5,666.666666667,1081.534,0
119,64,69.2,8.3,666.666666667,505.867,0
120,64,64.3,7.9,666.666666667,1649,1
121,64,53.7,5.4,666.666666667,1063.134,0
122,64,54.1,5.5,666.666666667,466.567,0
123,64,60,6.9,666.666666667,1635.4,0
124,64,53.7,5.8,666.666666667,1044.934,0
125,64,53.2,5.4,666.666666667,448.167,0
126,64,95.9,13.3,666.666666667,1644.4,0
127,64,88.1,10.8,666.666666667,1097.534,0
128,64,57.2,6.9,666.666666667,540.067,0
129,64,63.6,8.2,666.666666667,1636.8,0
130,64,56,6.7,666.666666667,1049.934,0
131,64,55.4,6.7,666.666666667,455.467,0
132,64,63.9,7.8,666.666666667,1635.5,0
133,64,55.9,6.9,666.666666667,1049.234,0
134,64,56.1,6.9,666.666666667,454.667,0
135,64,60,7.2,666.666666667,1634.6,0
136,64,55,5.7,666.666666667,1044.534,0
137,64,54.7,5.5,666.666666667,449.467,0
138,64,64.1,7.8,666.666666667,1636.7,0
139,64,56.1,7.1,666.666666667,1050.534,0
140,64,56,6.8,666.666666667,456.167,0
141,64,88,11,666.666666667,1645.8,0
142,64,89,10.3,666.666666667,1096.434,0
143,64,67.5,6.9,666.666666667,539.167,0
144,64,80.9,9.7,666.666666667,1636.5,0
145,64,71.1,8.4,666.666666667,1071.234,0
146,64,70.5,8.2,666.666666667,495.967,0
147,64,65.1,7.5,666.666666667,1635.3,0
148,64,57.3,6.7,666.666666667,1050.034,0
149,64,56.8,6.7,666.666666667,456.767,0
150,64,67.1,7.7,666.666666667,1647.6,1
151,64,56.5,6.8,666.666666667,1064.734,0
152,64,56,6.6,666.666666667,470.667,0
153,64,56.6,6.7,666.666666667,1633.4,0
154,64,54.6,5.6,666.666666667,1039.534,0
155,64,53.9,5.5,666.666666667,443.767,0
156,64,62.2,7.9,666.666666667,1638.8,0
157,64,54.4,5.5,666.666666667,1050.834,0
158,64,54,5.5,666.666666667,454.767,0
159,64,68.7,7,666.666666667,1640.2,0
160,64,67.6,6.9,666.666666667,1062.134,0
161,64,67.1,6.7,666.666666667,483.267,0
162,64,142.6,18.5,666.666666667,1669.3,0
163,64,93.8,15.5,666.666666667,1181.034,0
164,64,73.1,9.2,666.666666667,632.667,0
165,64,72.8,8.6,666.666666667,59.4,0
166,64,113.5,14.9,666.666666667,985.934,0
167,64,109.3,13.6,666.666666667,464.767,0
168,64,62.1,7.6,666.666666667,1638.8,0
169,64,56.1,7.1,666.666666667,1050.734,0
170,64,53.7,5.5,666.666666667,456.567,0
171,64,68.5,7,666.666666667,1641.9,0
172,64,66.8,6.8,666.666666667,1063.934,0
173,64,66.9,6.8,666.666666667,484.267,0
174,64,99.6,15.6,666.666666667,1650.2,0
175,64,84.5,10.4,666.666666667,1107.934,0
176,64,82.8,10,666.666666667,550.467,0
177,64,95.5,11.1,666.666666667,2149.6,0
178,64,80.4,9.4,666.666666667,1601.834,0
179,64,85.2,12.9,666.666666667,1038.367,0
180,64,79.9,9.4,666.666666667,492.4,1
181,64,74,8.8,666.666666667,1782.734,0
182,64,70.4,8.2,666.666666667,1210.167,0
183,64,69.8,8.2,666.666666667,634.2,0
184,64,70,8.3,666.666666667,57.734,0
185,64,62.5,7.9,666.666666667,1115.667,0
186,64,56,6.9,666.666666667,527.9,0
187,64,63.9,7.7,666.666666667,1782.434,0
188,64,58.3,7.3,666.666666667,1196.767,0
189,64,55.9,5.8,666.666666667,605.4,0
190,64,91.3,11.8,666.666666667,1792.534,0
191,64,81,8.3,666.666666667,1241.967,0
192,64,80.1,8,666.666666667,680.8,0
193,64,80.5,8.2,666.666666667,118.734,0
194,64,79.1,9.8,666.666666667,1120.767,0
195,64,72.1,9.1,666.666666667,553.9,0
196,64,66.4,9.1,666.666666667,1780.434,0
197,64,61.1,6.9,666.666666667,1196.767,0
198,64,58.4,6.7,666.666666667,607.4,0
199,64,56.9,6.7,666.666666667,15.534,0
200,64,60.7,7.8,666.666666667,1113.467,0
201,64,53.8,5.4,666.666666667,523.9,0
202,64,61.7,7.8,666.666666667,1784.334,0
203,64,54.3,5.6,666.666666667,1200.367,0
204,64,54.5,5.5,666.666666667,604.5,0
205,64,86.4,10.9,666.666666667,1789.134,0
206,64,83.6,10.3,666.666666667,1233.667,0
207,64,84,10.4,666.666666667,675.5,0
208,64,84,10.7,666.666666667,117.434,0
209,64,132.8,20.8,666.666666667,1123.267,0
210,64,82.4,8.6,666.666666667,629.1,1
211,64,80.3,8.1,666.666666667,68.934,0
212,64,74.9,9.5,666.666666667,1120.167,0
213,64,68,7,666.666666667,549,0
214,64,102.9,11.7,666.666666667,1790.534,0
215,64,89.5,10.7,666.666666667,1250.267,0
216,64,92.7,10.8,666.666666667,696.9,0
217,64,93.5,10.8,666.666666667,146.834,0
218,64,67.8,7.8,666.666666667,1112.967,0
219,64,55.7,6.8,666.666666667,530.5,0
220,64,56.9,7.1,666.666666667,1776.734,0
221,64,56,7.1,666.666666667,1183.167,0
222,64,54.3,5.5,666.666666667,588.7,0
223,64,69.3,7.1,666.666666667,1780.934,0
224,64,67.9,6.9,666.666666667,1203.867,0
225,64,67.7,7,666.666666667,625.4,0
226,64,68.1,7.1,666.666666667,46.834,0
227,64,98.7,13.7,666.666666667,1133.267,0
228,64,87,10.5,666.666666667,590.1,0
229,64,84.9,10,666.666666667,34.934,0
230,64,63.9,8.1,666.666666667,1111.767,0
231,64,56.7,6.6,666.666666667,525.3,0
232,64,65,7.9,666.666666667,1784.134,0
233,64,57.4,7,666.666666667,1198.867,0
234,64,55.4,6.6,666.666666667,605.8,0
235,64,64.1,8.1,666.666666667,1783.234,0
236,64,54.6,5.6,666.666666667,1197.167,0
237,64,54.4,5.5,666.666666667,601.3,0
238,64,79.2,9.5,666.666666667,1788.734,0
239,64,70.6,8.6,666.666666667,1221.967,0
240,64,70.6,8.5,666.666666667,658.1,1
241,64,70,8.6,666.666666667,82.234,0
242,64,70.6,9.7,666.666666667,1121.167,0
243,64,58.9,7.7,666.666666667,541.7,0
244,64,61.9,7.9,666.666666667,1787.034,0
245,64,54.3,5.5,666.666666667,1198.767,0
246,64,54.1,5.6,666.666666667,602.8,0
247,64,124.6,14.5,666.666666667,1802.534,0
248,64,116.1,13.7,666.666666667,1291.267,0
249,64,84.8,12.1,666.666666667,771.3,0
250,64,75.6,8.8,666.666666667,209.734,0
251,64,63.2,7.7,666.666666667,1118.367,0
252,64,56.6,7,666.666666667,531.5,0
253,64,75.1,8.9,666.666666667,1797.034,0
254,64,70.3,8.6,666.666666667,1225.867,0
255,64,68.1,6.8,666.666666667,650.3,0
256,64,68.5,6.8,666.666666667,72.534,0
257,64,77.8,10,666.666666667,1123.867,0
258,64,69.1,7,666.666666667,556.1,0
259,64,73.7,8.7,666.666666667,1787.534,0
260,64,68.5,6.8,666.666666667,1215.267,0
261,64,67.8,7,666.666666667,638.1,0
262,64,67.5,6.8,666.666666667,59.834,0
263,64,97.6,13.8,666.666666667,1632.767,0
264,64,86.4,10,666.666666667,1088.5,0
265,64,85.4,9.8,666.666666667,532.934,0
266,64,156.7,59.6,666.666666667,1432.567,0
267,64,85.5,10.4,666.666666667,945.1,0
268,64,69.4,8.5,666.666666667,383.834,0
269,64,62.7,7.8,666.666666667,1425.567,0
270,64,56.5,7.3,666.666666667,851.5,1
271,64,53.5,5.4,666.666666667,257.734,0
272,64,64.5,7.8,666.666666667,1420.967,0
273,64,56.7,6.8,666.666666667,835.6,0
274,64,56.2,6.7,666.666666667,242.034,0
275,64,71.5,8.8,666.666666667,1425.267,0
276,64,69,7.1,666.666666667,850.5,0
277,64,67.8,6.8,666.666666667,273.634,0
278,64,113.4,17.4,666.666666667,1500.167,0
279,64,86.4,10.5,666.666666667,972.5,0
280,64,86.2,10.3,666.666666667,418.034,0
281,64,70,8.2,666.666666667,1426.867,0
282,64,59.5,7.3,666.666666667,847.4,0
283,64,58.3,6.9,666.666666667,257.134,0
284,64,83.9,9.4,666.666666667,1426.067,0
285,64,71.8,8.3,666.666666667,863.7,0
286,64,61.6,7.6,666.666666667,289.334,0
287,64,65.9,7.7,666.666666667,1426.167,0
288,64,54.9,5.7,666.666666667,842,0
289,64,54.5,5.6,666.666666667,246.534,0
290,64,58.6,6.3,666.666666667,1421.567,0
291,64,54.8,5.7,666.666666667,829.8,0
292,64,54.2,5.5,666.666666667,234.234,0
293,64,62.7,8,666.666666667,1423.167,0
294,64,56.8,5.8,666.666666667,836.2,0
295,64,56,5.8,666.666666667,243.334,0
296,64,57.8,6,666.666666667,925.767,0
297,64,56.5,5.8,666.666666667,333.7,0
298,64,95.2,13.6,666.666666667,1612.134,0
299,64,85.9,10.7,666.666666667,1065.367,0
300,64,84.5,10.1,666.666666667,522.2,1
301,64,148.9,19.9,666.666666667,1653.534,0
302,64,129.8,15.7,666.666666667,1171.667,0
303,64,129,15.5,666.666666667,670.3,0
304,64,129.3,15.6,666.666666667,168.334,0
305,64,60.6,7.5,666.666666667,932.867,0
306,64,54.7,5.6,666.666666667,343.1,0
307,64,94.2,11.5,666.666666667,1605.534,0
308,64,83.4,10.1,666.666666667,1057.767,0
309,64,83,10.1,666.666666667,498.8,0
310,64,60.2,7.5,666.666666667,1595.834,0
311,64,54.2,5.6,666.666666667,1005.767,0
312,64,54.4,5.6,666.666666667,409.5,0
313,64,83.2,8.5,666.666666667,1605.034,0
314,64,80.6,8.2,666.666666667,1045.867,0
315,64,80.4,8.3,666.666666667,483.7,0
316,64,96.4,11.6,666.666666667,1109.334,0
317,64,86.2,10.8,666.666666667,562.567,0
318,64,83,9.8,666.666666667,1774.5,0
319,64,74.3,8.8,666.666666667,1210.934,0
320,64,70.1,8.4,666.666666667,638.367,0
321,64,69.2,8.3,666.666666667,61.6,0
322,64,75,8.7,666.666666667,1108.934,0
323,64,71.2,8.2,666.666666667,537.267,0
324,64,133.4,31.2,666.666666667,1778.6,0
325,64,61.7,7.7,666.666666667,1269.334,0
326,64,54.3,5.5,666.666666667,680.667,0
327,64,54.1,5.6,666.666666667,84.7,0
328,64,55.7,5.8,666.666666667,1098.034,0
329,64,53.8,5.4,666.666666667,503.667,0
330,64,93.9,12.7,666.666666667,1793.6,1
331,64,86,10.4,666.666666667,1246.334,0
332,64,85,10.1,666.666666667,690.367,0
333,64,86.2,10.6,666.666666667,133.5,0
334,64,69.3,7.3,666.666666667,1106.834,0
335,64,68.5,7.1,666.666666667,530.067,0
336,64,73.1,8.7,666.666666667,1772.7,0
337,64,70.8,8.3,666.666666667,1199.734,0
338,64,79.3,9.8,666.666666667,624.667,0
339,64,84.8,10,666.666666667,62,0
340,64,63.5,7.7,666.666666667,1102.934,0
341,64,55.8,6.9,666.666666667,516.367,0
342,64,63.1,7.7,666.666666667,1766.5,0
343,64,56,7,666.666666667,1179.634,0
344,64,54.2,5.4,666.666666667,585.267,0
345,64,68.9,7.1,666.666666667,1768.4,0
346,64,67.5,6.7,666.666666667,1191.034,0
347,64,67.7,6.8,666.666666667,612.267,0
348,64,67.5,6.8,666.666666667,33.5,0
349,64,152.2,19.7,666.666666667,1156.534,0
350,64,100,12.6,666.666666667,677.267,0
351,64,85.8,10,666.666666667,135,0
352,64,83.4,9.9,666.666666667,1117.934,0
353,64,66.8,6.7,666.666666667,555.367,0
354,64,80.2,9.4,666.666666667,1773.7,0
355,64,73.2,8.8,666.666666667,1208.034,0
356,64,71.6,8.4,666.666666667,635.267,0
357,64,72.4,8.9,666.666666667,61,0
358,64,63.4,8,666.666666667,1102.834,0
359,64,56,6.8,666.666666667,516.067,0
360,64,56.5,6.7,666.666666667,1780.5,1
361,64,55.5,6.8,666.666666667,1186.634,0
362,64,53.8,5.5,666.666666667,591.667,0
363,64,90.5,11.4,666.666666667,1778.1,0
364,64,85.8,10.3,666.666666667,1226.934,0
365,64,85.5,10,666.666666667,670.867,0
366,64,85.9,10,666.666666667,114.6,0
367,64,82.6,10,666.666666667,1120.534,0
368,64,68.5,6.9,666.666666667,557.067,0
369,64,76.5,9.3,666.666666667,1772.8,0
370,64,71.7,8.4,666.666666667,1202.934,0
371,64,83.5,9.8,666.666666667,628.067,0
372,64,86.2,10.4,666.666666667,69.8,0
373,64,128.6,22.2,666.666666667,1103.434,0
374,64,121.6,16,666.666666667,596.067,0
375,64,127.1,16.2,666.666666667,87.6,0
376,64,63,7.9,666.666666667,1098.934,0
377,64,54.2,5.6,666.666666667,512.067,0
378,64,57.6,6,666.666666667,1766.6,0
379,64,56.7,5.9,666.666666667,1174.334,0
380,64,56.4,5.8,666.666666667,581.167,0
381,64,57,5.8,666.666666667,1764.7,0
382,64,56.4,5.7,666.666666667,1171.934,0
383,64,55.9,5.8,666.666666667,578.767,0
384,64,65.2,7.6,666.666666667,1771.5,0
385,64,57.4,6.8,666.666666667,1186.434,0
386,64,62.2,11.4,666.666666667,593.567,0
387,64,101,11.5,666.666666667,1783.8,0
388,64,91,12.5,666.666666667,1243.534,0
389,64,84.3,9.8,666.666666667,693.567,0
390,64,85.4,9.9,666.666666667,147.9,1
391,64,60.3,7.3,666.666666667,1101.634,0
392,64,83.9,10,666.666666667,518.167,0
393,64,62.6,7.5,666.666666667,1773.5,0
394,64,56.1,7.1,666.666666667,1185.634,0
395,64,54.1,5.5,666.666666667,591.267,0
396,64,99.6,14.2,666.666666667,1785.6,0
397,64,90.9,10.7,666.666666667,1244.034,0
398,64,70.1,8.3,666.666666667,688.767,0
399,64,70.7,8.5,666.666666667,112.7,0
400,64,62.5,8,666.666666667,1107.434,0
401,64,54.4,5.5,666.666666667,519.767,0
402,64,78.6,9.4,666.666666667,1774.3,0
403,64,72.8,8.7,666.666666667,1207.134,0
404,64,72,8.6,666.666666667,634.167,0
405,64,71.7,8.8,666.666666667,60.2,0
406,64,73.4,8.9,666.666666667,1111.534,0
407,64,67.5,6.8,666.666666667,538.867,0
408,64,74.3,8.9,666.666666667,1283.5,0
409,64,70.3,8.2,666.666666667,711.834,0
410,64,74.2,10.7,666.666666667,136.067,0
411,64,85.4,10.3,666.666666667,1062.1,0
412,64,82.2,8.2,666.666666667,505.734,0
413,64,61.5,7.6,666.666666667,1724.667,0
414,64,55,5.6,666.666666667,1135.9,0
415,64,54.5,5.6,666.666666667,540.534,0
416,64,67.3,8.2,666.666666667,1728.467,0
417,64,60.4,7.3,666.666666667,1146.3,0
418,64,58.8,6.8,666.666666667,557.034,0
419,64,116.4,14.3,666.666666667,1266.067,0
420,64,106.3,13.7,666.666666667,765.9,1
421,64,101.9,10.3,666.666666667,236.334,0
422,64,77.9,9.8,666.666666667,717.667,0
423,64,69.6,8.7,666.666666667,149.2,0
424,64,65.2,7.6,666.666666667,1379.834,0
425,64,57.8,6.9,666.666666667,794.667,0
426,64,56.1,6.9,666.666666667,201.8,0
427,64,88.5,10.9,666.666666667,1384.834,0
428,64,83.1,10,666.666666667,830.867,0
429,64,82.4,9.7,666.666666667,271.1,0
430,64,84.5,10.1,666.666666667,1385.534,0
431,64,84,10.2,666.666666667,827.767,0
432,64,82.4,10,666.666666667,269.2,0
433,64,79.5,11,666.666666667,1382.734,0
434,64,72.7,8.9,666.666666667,816.067,0
435,64,69.6,8.2,666.666666667,242.2,0
436,64,88.7,10.6,666.666666667,1389.034,0
437,64,81.7,8.3,666.666666667,835.567,0
438,64,81.2,8.3,666.666666667,275.2,0
439,64,89.1,11,666.666666667,1386.834,0
440,64,83.4,10,666.666666667,833.767,0
441,64,84.1,10,666.666666667,274.7,0
442,64,141.3,30.2,666.666666667,1442.334,0
443,64,92.8,12.1,666.666666667,945.767,0
444,64,94.8,31.5,666.666666667,392.2,0
445,64,81.4,9.9,666.666666667,1385.634,0
446,64,69.9,8.3,666.666666667,821.167,0
447,64,69.2,8.2,666.666666667,244.6,0
448,64,84.2,9.9,666.666666667,1388.534,0
449,64,80.5,8.4,666.666666667,830.567,0
450,64,81.6,8.3,666.666666667,279,1
451,64,94.2,11.7,666.666666667,1393.134,0
452,64,83.4,10.3,666.666666667,845.367,0
453,64,82.3,9.9,666.666666667,286.4,0
454,64,89.5,10.4,666.666666667,1390.434,0
455,64,85.1,10,666.666666667,837.567,0
456,64,84,9.8,666.666666667,280.3,0
457,64,88.8,11,666.666666667,1410.134,0
458,64,81.9,9.7,666.666666667,856.767,0
459,64,82.4,9.8,666.666666667,296.6,0
460,64,65.7,7.6,666.666666667,1382.234,0
461,64,55.9,6.9,666.666666667,797.667,0
462,64,56,6.7,666.666666667,203.3,0
463,64,75.6,9.1,666.666666667,1392.434,0
464,64,69.7,8.4,666.666666667,821.967,0
465,64,69.1,8.2,666.666666667,245.6,0
466,64,136.4,21.6,666.666666667,1924.234,0
467,64,104.7,13.2,666.666666667,1422.867,0
468,64,102.6,12.8,666.666666667,890.4,0
469,64,97.7,13.1,666.666666667,355.534,0
470,64,61,7.6,666.666666667,1225.267,0
471,64,54,5.4,666.666666667,636.3,0
472,64,53.8,5.6,666.666666667,39.834,0
473,64,73.2,8.9,666.666666667,736.767,0
474,64,69.5,8.3,666.666666667,163.8,0
475,64,85.9,10,666.666666667,1405.834,0
476,64,85.3,10.3,666.666666667,849.367,0
477,64,82.2,10,666.666666667,292.4,0
478,64,66,8.2,666.666666667,1906.234,0
479,64,56.4,6.7,666.666666667,1321.967,0
480,64,56.7,6.7,666.666666667,737.2,1
481,64,55.9,6.8,666.666666667,143.534,0
482,64,58.4,6.3,666.666666667,757.867,0
483,64,54.9,5.7,666.666666667,166.2,0
484,64,91.2,11.4,666.666666667,1438.834,0
485,64,81.2,8.1,666.666666667,888.467,0
486,64,80.4,8.1,666.666666667,327.3,0
487,64,85.9,10.4,666.666666667,1435.734,0
488,64,82.6,9.8,666.666666667,879.367,0
489,64,82,9.7,666.666666667,319.7,0
490,64,198.4,56,666.666666667,1440.634,0
491,64,140.6,21.5,666.666666667,1008.567,0
492,64,128.8,15.4,666.666666667,518,0
493,64,81.3,9.7,666.666666667,1434.134,0
494,64,68,6.8,666.666666667,869.367,0
495,64,68,6.9,666.666666667,291.6,0
496,64,81.1,9.7,666.666666667,1428.834,0
497,64,71.3,8.6,666.666666667,864.167,0
498,64,71.4,8.5,666.666666667,289.5,0
499,64,73.2,8.9,666.666666667,1427.334,0
500,64,70.3,8.7,666.666666667,854.567,0
501,64,69.5,8.4,666.666666667,279,0
502,64,73.4,9,666.666666667,1949.434,0
503,64,70.8,8.4,666.666666667,1376.667,0
504,64,69.5,8.1,666.666666667,801.4,0
505,64,69.4,8.2,666.666666667,224.634,0
506,64,62.3,7.9,666.666666667,793.567,0
507,64,54.8,5.7,666.666666667,205.7,0
508,64,60.2,7.8,666.666666667,1460.234,0
509,64,59.8,7.5,666.666666667,870.967,0
510,64,58.7,7.2,666.666666667,295.4,1
511,64,101.5,11.9,666.666666667,1470.234,0
512,64,89.7,10.5,666.666666667,931.367,0
513,64,88.9,10.2,666.666666667,380.1,0
514,64,85.6,10.2,666.666666667,1507.834,0
515,64,57.3,7.4,666.666666667,950.567,0
516,64,55.1,5.8,666.666666667,357.9,0
517,64,75.4,9.6,666.666666667,1469.734,0
518,64,67.7,6.9,666.666666667,898.967,0
519,64,67.1,6.9,666.666666667,320.3,0
520,64,94.7,11.5,666.666666667,1475.134,0
521,64,84.3,10.3,666.666666667,928.467,0
522,64,84.2,10.2,666.666666667,370.8,0
523,64,66.6,7.7,666.666666667,1462.734,0
524,64,57.6,6.9,666.666666667,879.367,0
525,64,56.8,6.8,666.666666667,286.7,0
526,64,61.7,7.3,666.666666667,1461.134,0
527,64,53.9,5.6,666.666666667,872.567,0
528,64,53.7,5.5,666.666666667,276,0
529,64,78.6,9.6,666.666666667,1460.934,0
530,64,70.6,8.5,666.666666667,893.267,0
531,64,70.2,8.6,666.666666667,317.7,0
532,64,73.4,8.8,666.666666667,1459.834,0
533,64,69.3,8.4,666.666666667,886.967,0
534,64,69.1,8.2,666.666666667,310.1,0
535,64,98.7,13.7,666.666666667,1469.434,0
536,64,85.4,10.3,666.666666667,925.867,0
537,64,83.4,9.8,666.666666667,368.6,0
538,64,171.7,49.9,666.666666667,1463.334,0
539,64,82.6,8.3,666.666666667,997.167,0
540,64,81.4,8.2,666.666666667,451.3,1
541,64,94,11.7,666.666666667,1471.934,0
542,64,82.1,10,666.666666667,923.467,0
543,64,55.9,6.8,666.666666667,355.9,0
544,64,95.1,11.6,666.666666667,1472.834,0
545,64,82.4,9.9,666.666666667,926.067,0
546,64,82.5,10,666.666666667,366.1,0
547,64,86.7,10.3,666.666666667,1474.934,0
548,64,82.5,9.7,666.666666667,919.267,0
549,64,82.1,9.7,666.666666667,359.3,0
550,64,63.1,7.5,666.666666667,1457.234,0
551,64,54.4,5.5,666.666666667,870.167,0
552,64,54.4,5.7,666.666666667,274.2,0
553,64,69.3,7.1,666.666666667,1460.434,0
554,64,68.4,7,666.666666667,884.067,0
555,64,68.1,6.8,666.666666667,306.2,0
556,64,85.4,10.2,666.666666667,1470.734,0
557,64,82.3,9.7,666.666666667,913.967,0
558,64,82,9.8,666.666666667,353.8,0
559,64,79.6,9.1,666.666666667,1466.134,0
560,64,70.5,8.4,666.666666667,899.667,0
561,64,70.2,8.2,666.666666667,323.8,0
562,64,166.7,27.4,666.666666667,1478.134,0
563,64,118.8,14.1,666.666666667,1012.967,0
564,64,120,14.2,666.666666667,498.9,0
565,64,62.6,7.7,666.666666667,1466.334,0
566,64,54.8,5.6,666.666666667,878.767,0
567,64,54.1,5.5,666.666666667,283.3,0
568,64,77.7,9.7,666.666666667,1468.034,0
569,64,70,8.5,666.666666667,899.667,0
570,64,69.8,8.2,666.666666667,337,1
571,64,65.4,8.9,666.666666667,1463.034,0
572,64,57.3,6.8,666.666666667,878.167,0
573,64,56.5,6.6,666.666666667,285.2,0
574,64,96.9,14.1,666.666666667,1472.834,0
575,64,81.7,8.3,666.666666667,927.667,0
576,64,81.9,8.4,666.666666667,367.1,0
577,64,69.8,7.2,666.666666667,1465.134,0
578,64,67.5,6.9,666.666666667,888.567,0
579,64,67.3,6.8,666.666666667,309.6,0
580,64,71.6,9.3,666.666666667,1465.434,0
581,64,69.5,8.7,666.666666667,890.767,0
582,64,70.2,8.3,666.666666667,314.3,0
583,64,76.6,8.9,666.666666667,968.034,0
584,64,72.1,8.3,666.666666667,398.667,0
585,64,159.6,33.7,666.666666667,1635.6,0
586,64,73.7,8.8,666.666666667,1149.534,0
587,64,67.7,7,666.666666667,576.767,0
588,64,75.6,9.2,666.666666667,1642,0
589,64,67.6,6.9,666.666666667,1071.334,0
590,64,67.5,6.9,666.666666667,492.567,0
591,64,100.1,11.5,666.666666667,1648.7,0
592,64,90.7,10.7,666.666666667,1106.534,0
593,64,135,46.1,666.666666667,550.067,0
594,64,59.7,7.1,666.666666667,34.6,0
595,64,62.2,7.7,666.666666667,971.234,0
596,64,55,5.7,666.666666667,383.467,0
597,64,87.4,10.6,666.666666667,1642.8,0
598,64,83.1,9.9,666.666666667,1088.234,0
599,64,83.1,9.8,666.666666667,529.267,0
600,64,79.6,9.3,666.666666667,1652.8,1
601,64,70,8.5,666.666666667,1086.334,0
602,64,69.8,8.3,666.666666667,510.167,0
603,64,96.1,13.5,666.666666667,1647.3,0
604,64,83.8,10.7,666.666666667,1101.334,0
605,64,82.7,10.1,666.666666667,542.967,0
606,64,89.7,11.1,666.666666667,1642.4,0
607,64,84.6,10,666.666666667,1090.234,0
608,64,83.2,9.7,666.666666667,532.967,0
609,64,179.9,60.3,666.666666667,1635.5,0
610,64,83.3,8.8,666.666666667,1173.934,0
611,64,71.8,8,666.666666667,615.167,0
612,64,67.1,6.9,666.666666667,40.8,0
613,64,76.5,9.5,666.666666667,979.034,0
614,64,70.5,8.8,666.666666667,409.667,0
615,64,72.6,8.5,666.666666667,1641.3,0
616,64,69.8,8.7,666.666666667,1067.934,0
617,64,67.4,6.7,666.666666667,491.667,0
618,64,80.4,9.7,666.666666667,1642.8,0
619,64,71,8.4,666.666666667,1077.134,0
620,64,70.4,8.2,666.666666667,501.667,0
621,64,72.4,8.7,666.666666667,1643,0
622,64,67.9,6.9,666.666666667,1069.134,0
623,64,66.9,6.7,666.666666667,490.867,0
624,64,81.5,9.6,666.666666667,1144.5,0
625,64,70.5,8.8,666.666666667,580.234,0
626,64,65.1,7.3,666.666666667,1808.167,0
627,64,59.5,6.9,666.666666667,1223.3,0
628,64,57.7,6.8,666.666666667,632.834,0
629,64,57,6.7,666.666666667,40.467,0
630,64,83.3,8.5,666.666666667,1163.9,1
631,64,81.7,8.2,666.666666667,605.634,0
632,64,81.6,8.4,666.666666667,45.167,0
633,64,226.9,86.5,666.666666667,1175.9,0
634,64,129.8,15.4,666.666666667,773.034,0
635,64,122.7,16.7,666.666666667,261.867,0
636,64,65.3,7.7,666.666666667,1146.1,0
637,64,57.2,7.3,666.666666667,561.434,0
638,64,80.1,11.5,666.666666667,1817.567,0
639,64,71.6,8.6,666.666666667,1251.4,0
640,64,71.3,8.7,666.666666667,676.534,0
641,64,69,8.3,666.666666667,101.167,0
642,64,75.1,9.7,666.666666667,1147.8,0
643,64,67.9,6.9,666.666666667,576.334,0
644,64,63.8,7.7,666.666666667,1810.867,0
645,64,56.5,7.1,666.666666667,1224.3,0
646,64,56.4,6.9,666.666666667,630.734,0
647,64,57.3,7.2,666.666666667,36.867,0
648,64,69.8,7.2,666.666666667,1144.6,0
649,64,68.1,6.9,666.666666667,568.234,0
650,64,75.9,9.1,666.666666667,1812.267,0
651,64,70.5,8.2,666.666666667,1241.8,0
652,64,70,8.1,666.666666667,665.834,0
653,64,70.8,8.5,666.666666667,89.567,0
654,64,62,7.6,666.666666667,1138.4,0
655,64,55.1,5.6,666.666666667,550.334,0
656,64,177.9,51.6,666.666666667,1825.367,0
657,64,87.1,11.9,666.666666667,1370.1,0
658,64,78.3,9.9,666.666666667,813.334,0
659,64,77.9,9.8,666.666666667,247.567,0
660,64,67.5,8.1,666.666666667,1174.4,1
661,64,60,7.2,666.666666667,592.634,0
662,64,65,7.7,666.666666667,1805.267,0
663,64,58.1,7.2,666.666666667,1220.2,0
664,64,54.6,5.5,666.666666667,627.734,0
665,64,54.4,5.9,666.666666667,31.867,0
666,64,70,10.9,666.666666667,1145.5,0
667,64,96.6,11.8,666.666666667,587.834,0
668,64,85,9.9,666.666666667,43.067,0
669,64,79.4,9.3,666.666666667,1148,0
670,64,72.4,9.1,666.666666667,581.334,0
671,64,72.7,9.3,666.666666667,1812.867,0
672,64,69.4,8.2,666.666666667,1239.1,0
673,64,69.4,8.3,666.666666667,662.134,0
674,64,67.9,6.9,666.666666667,85.667,0
675,64,64.2,7.8,666.666666667,1142.5,0
676,64,56.1,6.9,666.666666667,556.634,0
677,64,85.3,10.1,666.666666667,1815.167,0
678,64,84.1,10.5,666.666666667,1258.5,0
679,64,82,8.3,666.666666667,700.834,0
680,64,81.6,8.1,666.666666667,140.967,0
681,64,78.4,9.7,666.666666667,1146.9,0
682,64,69.5,8.5,666.666666667,579.334,0
683,64,79.1,9.6,666.666666667,1816.167,0
684,64,72.9,9.1,666.666666667,1249.2,0
685,64,69.2,8.4,666.666666667,675.834,0
686,64,69.4,8.2,666.666666667,98.767,0
687,64,87.1,10.3,666.666666667,1152.7,0
688,64,83.2,9.9,666.666666667,598.134,0
689,64,82.9,9.7,666.666666667,39.467,0
690,64,91.5,11,666.666666667,1161.8,1
691,64,81,8.1,666.666666667,611.234,0
692,64,80.7,8.1,666.666666667,49.967,0
693,64,75,9.7,666.666666667,1148.2,0
694,64,67.5,6.8,666.666666667,577.034,0
695,64,97.5,11.5,666.666666667,1821.767,0
696,64,86.2,9.8,666.666666667,1277.3,0
697,64,85.6,9.9,666.666666667,720.934,0
698,64,87.3,10.2,666.666666667,163.967,0
699,64,86.9,9.7,666.666666667,1149.2,0
700,64,81.6,8.2,666.666666667,594.034,0
701,64,80.5,8.1,666.666666667,33.367,0
702,64,93.7,11.5,666.666666667,1154.9,0
703,64,84.5,10.3,666.666666667,606.834,0
704,64,84,10.2,666.666666667,49.667,0
705,64,81.5,9.8,666.666666667,1157.8,0
706,64,71.7,8.8,666.666666667,593.434,0
707,64,70.3,8.4,666.666666667,18.667,0
708,64,81.6,11.6,666.666666667,1150.7,0
709,64,70.8,8.8,666.666666667,586.834,0
710,64,75.2,9.3,666.666666667,1326.167,0
711,64,69.9,8.5,666.666666667,755.3,0
712,64,69.2,8.2,666.666666667,178.934,0
713,64,64.8,7.6,666.666666667,831.267,0
714,64,56.1,6.9,666.666666667,245.7,0
715,64,63.6,7.7,666.666666667,1197.734,0
716,64,56.3,7.2,666.666666667,611.067,0
717,64,54.2,5.7,666.666666667,16.8,0
718,64,80.1,9.6,666.666666667,1207.034,0
719,64,71.3,8.4,666.666666667,640.967,0
720,64,70.6,8.2,666.666666667,78.6,1
721,64,65,8.1,666.666666667,1200.634,0
722,64,54.8,5.6,666.666666667,615.367,0
723,64,54.3,5.5,666.666666667,19.5,0
724,64,69.2,7.1,666.666666667,1202.034,0
725,64,77.1,8.2,666.666666667,624.967,0
726,64,81.9,8.4,666.666666667,60.1,0
727,64,137.8,22,666.666666667,1223.534,0
728,64,105.4,13.7,666.666666667,719.967,0
729,64,131.5,15.8,666.666666667,194.3,0
730,64,90.9,13.6,666.666666667,1214.734,0
731,64,68.4,7,666.666666667,659.667,0
732,64,74.6,12.9,666.666666667,82.2,0
733,64,77.2,9.7,666.666666667,1202.534,0
734,64,80.7,12.7,666.666666667,633.667,0
735,64,75.7,7.9,666.666666667,70.3,0
736,64,97.6,16.8,666.666666667,724.034,0
737,64,92.1,15.4,666.666666667,180.967,0
738,64,63.1,7.7,666.666666667,1012.3,0
739,64,58.5,7.2,666.666666667,425.834,0
740,64,98.7,13.8,666.666666667,1699.667,0
741,64,88.6,10.4,666.666666667,1156.7,0
742,64,85,10.1,666.666666667,603.734,0
743,64,85,10.2,666.666666667,46.667,0
744,64,65.6,8.2,666.666666667,1020.5,0
745,64,57.6,7.1,666.666666667,436.334,0
746,64,90,10.4,666.666666667,1688.567,0
747,64,80.8,9.9,666.666666667,1135,0
748,64,78.5,9.4,666.666666667,571.334,0
749,64,89.5,12.3,666.666666667,1721.467,0
750,64,57.4,6.1,666.666666667,1171.9,1
751,64,56.1,5.8,666.666666667,579.034,0
752,64,95.3,11.6,666.666666667,1697.867,0
753,64,85,10.1,666.666666667,1151,0
754,64,85,10,666.666666667,593.834,0
755,64,86.3,10.6,666.666666667,36.667,0
756,64,88.1,10.1,666.666666667,1021.9,0
757,64,81.8,8.2,666.666666667,468.234,0
758,64,91.7,11.3,666.666666667,1693.467,0
759,64,82.1,8.4,666.666666667,1143.8,0
760,64,81.6,8.1,666.666666667,583.934,0
761,64,81.8,8.4,666.666666667,23.567,0
762,64,97.8,11.5,666.666666667,1040.8,0
763,64,87.4,10,666.666666667,496.634,0
764,64,62.5,7.1,666.666666667,1184.167,0
765,64,59.3,7,666.666666667,596.6,0
766,64,76.5,9.9,666.666666667,1863.334,0
767,64,67.7,6.9,666.666666667,1293.967,0
768,64,67.7,7,666.666666667,715.3,0
769,64,67.7,7,666.666666667,136.934,0
770,64,57.9,5.9,666.666666667,1191.167,0
771,64,58.7,7.5,666.666666667,599.6,0
772,64,146.2,41.6,666.666666667,1863.934,0
773,64,93.7,11.4,666.666666667,1370.367,0
774,64,123.7,42,666.666666667,823.6,0
775,64,90.6,12.2,666.666666667,306.934,0
776,64,63.4,7.6,666.666666667,1192.867,0
777,64,56.2,6.6,666.666666667,606.5,0
778,64,95.4,11.5,666.666666667,1871.534,0
779,64,85.6,10.4,666.666666667,1325.367,0
780,64,83.1,10,666.666666667,782,1
781,64,82.8,10,666.666666667,222.834,0
782,64,72.5,7.9,666.666666667,698.767,0
783,64,68.3,7.2,666.666666667,125,0
784,64,63.7,7.6,666.666666667,1128.334,0
785,64,58.6,7.1,666.666666667,542.067,0
786,64,76.1,9,666.666666667,1798.1,0
787,64,71.2,8.5,666.666666667,1228.334,0
788,64,59.2,8.3,666.666666667,653.767,0
789,64,54.3,5.5,666.666666667,62.8,0
790,64,73.7,8,666.666666667,1131.634,0
791,64,68.6,6.9,666.666666667,559.367,0
792,64,81,9.7,666.666666667,1801.6,0
793,64,71.8,8.5,666.666666667,1237.034,0
794,64,71.3,8.5,666.666666667,662.767,0
795,64,72.9,9,666.666666667,88,0
796,64,134.6,17.7,666.666666667,1164.534,0
797,64,86.4,10.6,666.666666667,664.967,0
798,64,70,8.4,666.666666667,105.1,0
799,64,79,9.7,666.666666667,1135.034,0
800,64,67.7,6.8,666.666666667,567.967,0
801,64,61.6,7.5,666.666666667,1794.7,0
802,64,54.5,5.6,666.666666667,1205.934,0
803,64,54.2,5.6,666.666666667,610.067,0
804,64,54.2,5.4,666.666666667,13.6,0
805,64,83,8.5,666.666666667,1135.734,0
806,64,80.1,8.1,666.666666667,576.867,0
807,64,72.4,8.8,666.666666667,1796.5,0
808,64,69.7,8,666.666666667,1222.734,0
809,64,69.5,8,666.666666667,646.167,0
810,64,70.5,8.5,666.666666667,80.6,1
811,64,64,9.2,666.666666667,1127.934,0
812,64,56.8,6.8,666.666666667,541.667,0
813,64,63.4,8,666.666666667,1794.3,0
814,64,59.1,7.2,666.666666667,1207.534,0
815,64,64.8,8.1,666.666666667,616.467,0
816,64,83.8,10.4,666.666666667,39.7,0
817,64,74.7,9.5,666.666666667,1138.234,0
818,64,68.4,7,666.666666667,566.867,0
819,64,147.3,57.5,666.666666667,1808.8,0
820,64,85.7,10.3,666.666666667,1312.534,0
821,64,83.6,9.9,666.666666667,755.767,0
822,64,84.2,10.1,666.666666667,197,0
823,64,79.8,9.9,666.666666667,1135.634,0
824,64,67.9,6.9,666.666666667,569.367,0
825,64,68.5,7.1,666.666666667,1798.6,0
826,64,67.4,6.8,666.666666667,1220.634,0
827,64,75,8.1,666.666666667,641.767,0
828,64,80.7,8.1,666.666666667,74.6,0
829,64,74.6,9,666.666666667,1133.734,0
830,64,71.5,8.6,666.666666667,561.967,0
831,64,75.9,8.6,666.666666667,1798.2,0
832,64,73.3,8.5,666.666666667,1227.834,0
833,64,70.6,8.3,666.666666667,654.767,0
834,64,69.3,8.4,666.666666667,78.9,0
835,64,55.1,5.8,666.666666667,1126.134,0
836,64,54,5.4,666.666666667,530.767,0
837,64,89.8,11.2,666.666666667,1805.1,0
838,64,80.4,8.1,666.666666667,1253.434,0
839,64,80.2,8.1,666.666666667,691.567,0
840,64,80.5,8.3,666.666666667,142.8,1
841,64,113.8,14.1,666.666666667,1145.534,0
842,64,105.6,12.9,666.666666667,623.367,0
843,64,105.1,12.9,666.666666667,93.3,0
844,64,85.4,11.6,666.666666667,1134.934,0
845,64,71.5,8.5,666.666666667,574.267,0
846,64,65.4,8.9,666.666666667,1795,0
847,64,60,7.1,666.666666667,1210.234,0
848,64,55.8,6.6,666.666666667,620.167,0
849,64,55.7,6.7,666.666666667,25.7,0
850,64,61.8,7.7,666.666666667,1124.934,0
851,64,54.4,5.5,666.666666667,536.467,0
852,64,72.1,9.2,666.666666667,1797.1,0
853,64,72.3,8.7,666.666666667,1222.734,0
854,64,84.2,10.1,666.666666667,648.167,0
855,64,85.9,10.5,666.666666667,89.8,0
856,64,71.8,8.9,666.666666667,1127.534,0
857,64,68.8,7,666.666666667,552.867,0
858,64,69.7,7.2,666.666666667,1794.1,0
859,64,69.2,7.1,666.666666667,1217.434,0
860,64,65.3,10.6,666.666666667,640.367,0
861,64,57.6,5.8,666.666666667,56.1,0
862,64,59.6,6.3,666.666666667,1145.534,0
863,64,57.6,5.8,666.666666667,555.567,0
864,64,70.5,8.4,666.666666667,1808.6,0
865,64,61.9,7.1,666.666666667,1229.834,0
866,64,81.9,10.3,666.666666667,641.967,0
867,64,92.4,11,666.666666667,82.7,0
868,64,63.6,7.9,666.666666667,1126.734,0
869,64,54,5.7,666.666666667,540.167,0
870,64,90.5,11.4,666.666666667,1823.6,1
871,64,80.7,8.2,666.666666667,1271.934,0
872,64,80.4,8.3,666.666666667,710.467,0
873,64,80.1,8.1,666.666666667,148.8,0
874,64,78,9.3,666.666666667,1131.634,0
875,64,70.8,8.6,666.666666667,563.467,0
876,64,83.5,11.5,666.666666667,1800.7,0
877,64,75.9,8.7,666.666666667,1238.034,0
878,64,58.5,8,666.666666667,667.767,0
879,64,57.2,6.6,666.666666667,75.8,0
880,64,59.8,6.5,666.666666667,1124.034,0
881,64,54.1,5.5,666.666666667,533.467,0
882,64,93.9,11.3,666.666666667,1804.6,0
883,64,84,10.4,666.666666667,1256.634,0
884,64,84.5,10.1,666.666666667,698.367,0
885,64,83.6,10.5,666.666666667,140.9,0
886,64,58.2,6.3,666.666666667,1123.934,0
887,64,54.1,5.4,666.666666667,531.967,0
888,64,99.5,12.4,666.666666667,1806.3,0
889,64,89.1,10.5,666.666666667,1264.634,0
890,64,88,10.3,666.666666667,712.167,0
891,64,88.8,10.7,666.666666667,159.2,0
892,64,64.9,8.2,666.666666667,1127.634,0
893,64,56.3,5.6,666.666666667,542.867,0
894,64,63.4,8.1,666.666666667,1795.8,0
895,64,54.2,5.5,666.666666667,1209.034,0
896,64,56.4,6.6,666.666666667,612.667,0
897,64,67.2,6.8,666.666666667,22.8,0
898,64,116.5,17.1,666.666666667,1137.834,0
899,64,80.6,10.1,666.666666667,612.567,0
900,64,72,8.2,666.666666667,56.5,1
901,64,80.6,9.2,666.666666667,1131.634,0
902,64,67.1,6.8,666.666666667,565.967,0
903,64,68.1,7.1,666.666666667,1796.9,0
904,64,66.8,6.7,666.666666667,1218.534,0
905,64,73.1,8,666.666666667,638.967,0
906,64,80.6,8.2,666.666666667,70,0
907,64,63.9,7.8,666.666666667,1133.834,0
908,64,59.3,7.1,666.666666667,547.767,0
909,64,101.9,13.6,666.666666667,1803.3,0
910,64,90.6,10.7,666.666666667,1263.234,0
911,64,88.8,10.4,666.666666667,711.967,0
912,64,86.3,10.2,666.666666667,158.7,0
913,64,96.5,17,666.666666667,1151.734,0
914,64,99.1,36.7,666.666666667,604.567,0
915,64,77.4,7.9,666.666666667,56,0
916,64,78.6,9.8,666.666666667,1136.734,0
917,64,89.4,11.9,666.666666667,569.567,0
918,64,63.3,7.9,666.666666667,1795.2,0
919,64,56.5,7.2,666.666666667,1208.434,0
920,64,54.4,5.5,666.666666667,618.567,0
921,64,54.9,5.6,666.666666667,22.8,0
922,64,80.9,9.9,666.666666667,1133.034,0
923,64,71.4,8.5,666.666666667,568.167,0
924,64,71.5,8.3,666.666666667,1796.8,0
925,64,72.2,8.7,666.666666667,1222.134,0
926,64,78.8,8.2,666.666666667,648.167,0
927,64,81.1,8.3,666.666666667,84.4,0
928,64,62.7,8.1,666.666666667,1128.034,0
929,64,54.7,5.5,666.666666667,540.767,0
930,64,68.5,7,666.666666667,1810.4,1
931,64,67.4,6.9,666.666666667,1232.534,0
932,64,79.4,8.3,666.666666667,653.667,0
933,64,80.8,8.2,666.666666667,90.6,0
934,64,91.5,11.3,666.666666667,1139.034,0
935,64,82.6,8.4,666.666666667,589.167,0
936,64,81.8,8.3,666.666666667,29.7,0
937,64,97.4,11.3,666.666666667,1141.534,0
938,64,83.6,9.9,666.666666667,596.967,0
939,64,72.3,8.2,666.666666667,34.1,0
940,64,67.8,7.9,666.666666667,1125.934,0
941,64,54.6,5.6,666.666666667,543.667,0
942,64,76.9,9.5,666.666666667,1802.1,0
943,64,68.3,7,666.666666667,1233.034,0
944,64,68.5,6.9,666.666666667,655.267,0
945,64,68,6.9,666.666666667,77.8,0
946,64,75.9,9,666.666666667,1134.134,0
947,64,75.2,8.8,666.666666667,563.967,0
948,64,75.4,8.7,666.666666667,1799.2,0
949,64,75.3,8.8,666.666666667,1228.934,0
950,64,79,8.4,666.666666667,658.067,0
951,64,81,8.1,666.666666667,95,0
952,64,71.4,8.6,666.666666667,1138.934,0
953,64,69.4,8.3,666.666666667,564.467,0
954,64,78.7,9.4,666.666666667,1801.3,0
955,64,70.8,9,666.666666667,1233.934,0
956,64,81.5,8.2,666.666666667,658.467,0
957,64,81,8.1,666.666666667,97.9,0
958,64,96.6,11.8,666.666666667,1150.734,0
959,64,85.3,10,666.666666667,605.167,0
960,64,83.9,9.7,666.666666667,59.8,1
961,64,83.2,10.2,666.666666667,1141.234,0
962,64,67.4,6.8,666.666666667,578.267,0
963,64,68.4,7.1,666.666666667,1800.6,0
964,64,66.9,6.6,666.666666667,1221.934,0
965,64,66.7,6.7,666.666666667,642.367,0
966,64,66.7,6.6,666.666666667,62.2,0
967,64,90.1,11.6,666.666666667,1142.134,0
968,64,79.6,8.2,666.666666667,589.967,0
969,64,67,6.8,666.666666667,22.9,0
970,64,89.5,11.7,666.666666667,645.334,0
971,64,73.2,8.5,666.666666667,89.067,0
972,64,76.1,8.6,666.666666667,1310.1,0
973,64,73.9,8.8,666.666666667,740.334,0
974,64,67.7,6.8,666.666666667,168.267,0
975,64,69.3,7.2,666.666666667,1309,0
976,64,68.6,7,666.666666667,732.134,0
977,64,68,6.8,666.666666667,154.467,0
978,64,110.8,14.8,666.666666667,1322.6,0
979,64,104.8,13.6,666.666666667,798.434,0
980,64,107.2,13.4,666.666666667,267.667,0
981,64,100.1,13.2,666.666666667,1313.6,0
982,64,87.4,10.1,666.666666667,771.934,0
983,64,87,10,666.666666667,217.067,0
984,64,68.2,9.5,666.666666667,1304.5,0
985,64,55.8,6.6,666.666666667,722.434,0
986,64,56,6.6,666.666666667,127.867,0
987,64,57,6.8,666.666666667,1301.2,0
988,64,55.3,5.7,666.666666667,708.134,0
989,64,54.7,5.6,666.666666667,113.267,0
990,64,96.9,11.5,666.666666667,1335.1,1
991,64,86.5,10.2,666.666666667,790.134,0
992,64,85.4,9.9,666.666666667,233.967,0
993,64,81.7,9.8,666.666666667,1311.1,0
994,64,67.7,6.9,666.666666667,746.834,0
995,64,67.5,7,666.666666667,168.067,0
996,64,83.2,8.6,666.666666667,1327.6,0
997,64,80.5,8.2,666.666666667,768.434,0
998,64,80.6,8.3,666.666666667,206.767,0
999,64,82.4,8.5,666.666666667,1311.3,0
1000,64,80.7,8.3,666.666666667,751.134,0
1001,64,80.7,8.2,666.666666667,189.367,0
1002,64,99.4,11.6,666.666666667,1322.3,0
1003,64,87.8,10.2,666.666666667,779.834,0
1004,64,87.1,10,666.666666667,225.367,0
1005,64,63.5,7.2,666.666666667,1304.1,0
1006,64,54.6,5.6,666.666666667,717.134,0
1007,64,54.1,5.5,666.666666667,121.267,0
1008,64,77.3,9.8,666.666666667,1317.9,0
1009,64,67.6,6.8,666.666666667,749.034,0
1010,64,67.7,7,666.666666667,170.367,0
1011,64,92.8,11.5,666.666666667,1824.6,0
1012,64,85.3,10.8,666.666666667,1274.634,0
1013,64,85.2,10.6,666.666666667,716.967,0
1014,64,85,10.9,666.666666667,159.4,0
1015,64,98.9,13.4,666.666666667,1155.334,0
1016,64,88.5,10.8,666.666666667,612.167,0
1017,64,90.5,10.9,666.666666667,58.4,0
1018,64,69.8,9.8,666.666666667,1151.134,0
1019,64,56.2,6.7,666.666666667,571.367,0
1020,64,63.5,7.8,666.666666667,1831.7,1
1021,64,56.4,7.2,666.666666667,1245.234,0
1022,64,54.1,5.6,666.666666667,655.267,0
1023,64,53.7,5.4,666.666666667,58.8,0
1024,64,61.4,7.7,666.666666667,1146.934,0
1025,64,53.9,5.5,666.666666667,558.167,0
1026,64,96.5,11.9,666.666666667,1824,0
1027,64,85.1,10,666.666666667,1278.534,0
1028,64,83.7,9.8,666.666666667,721.267,0
1029,64,84.9,10.4,666.666666667,162.8,0
1030,64,142.7,33.9,666.666666667,1150.634,0
1031,64,111.4,12.5,666.666666667,655.767,0
1032,64,80.8,8.1,666.666666667,125.1,0
1033,64,61.6,7.3,666.666666667,1149.734,0
1034,64,53.9,5.4,666.666666667,561.067,0
1035,64,66.6,7.8,666.666666667,1812.8,0
1036,64,58.5,6.7,666.666666667,1229.234,0
1037,64,58.6,6.7,666.666666667,637.367,0
1038,64,58.8,6.9,666.666666667,45.6,0
1039,64,57.8,6.2,666.666666667,1149.534,0
1040,64,54.7,5.5,666.666666667,557.167,0
1041,64,61.1,7.7,666.666666667,1829.1,0
1042,64,54.2,5.4,666.666666667,1240.034,0
1043,64,63.6,6.8,666.666666667,644.167,0
1044,64,67.5,6.8,666.666666667,61.7,0
1045,64,75.3,9.6,666.666666667,1154.834,0
1046,64,68.2,7,666.666666667,584.167,0
1047,64,101.8,13.3,666.666666667,1825.4,0
1048,64,91.9,10.7,666.666666667,1284.534,0
1049,64,91.4,10.5,666.666666667,733.467,0
1050,64,92.3,10.8,666.666666667,197.2,1
1051,64,60.7,7,666.666666667,1144.234,0
1052,64,55.1,5.6,666.666666667,555.067,0
1053,64,96.3,16.9,666.666666667,1862.4,0
1054,64,85.3,25,666.666666667,1314.134,0
1055,64,55.7,6.6,666.666666667,749.067,0
1056,64,77,25.9,666.666666667,154.7,0
1057,64,78.1,9.8,666.666666667,1155.134,0
1058,64,68.3,7,666.666666667,587.667,0
1059,64,68.8,7,666.666666667,1822.9,0
1060,64,68.2,7.2,666.666666667,1245.634,0
1061,64,81.4,8.3,666.666666667,669.167,0
1062,64,81,8.3,666.666666667,108.5,0
1063,64,74,9.1,666.666666667,1154.434,0
1064,64,71.8,8.3,666.666666667,582.267,0
1065,64,94.7,11.4,666.666666667,1825.7,0
1066,64,86.7,10.7,666.666666667,1277.534,0
1067,64,78.5,8.2,666.666666667,721.067,0
1068,64,81.4,8.2,666.666666667,156.3,0
1069,64,76.5,9.6,666.666666667,1158.834,0
1070,64,69.1,7.1,666.666666667,589.367,0
1071,64,82.8,9.7,666.666666667,1822.9,0
1072,64,73.7,8.5,666.666666667,1259.134,0
1073,64,86.9,9.9,666.666666667,690.367,0
1074,64,88.1,10.5,666.666666667,134.5,0
1075,64,61.5,7.7,666.666666667,1148.034,0
1076,64,54.8,5.7,666.666666667,559.167,0
1077,64,112,16.9,666.666666667,1852.9,0
1078,64,91.7,12.4,666.666666667,1336.034,0
1079,64,81.3,8.3,666.666666667,785.567,0
1080,64,81.2,8.3,666.666666667,236.8,1
1081,64,77.6,9.4,666.666666667,1167.034,0
1082,64,71.6,8.9,666.666666667,598.567,0
1083,64,83.5,10,666.666666667,28.4,0
1084,64,79.2,9.4,666.666666667,664.634,0
1085,64,73.9,8.7,666.666666667,97.467,0
1086,64,74.1,8.8,666.666666667,659.9,0
1087,64,73,8.6,666.666666667,87.634,0
1088,64,71,8.9,666.666666667,1325.267,0
1089,64,67.5,6.8,666.666666667,749.6,0
1090,64,68,6.9,666.666666667,170.634,0
1091,64,92.8,11.4,666.666666667,1335.867,0
1092,64,82.9,10.1,666.666666667,786.5,0
1093,64,81.8,9.9,666.666666667,227.334,0
1094,64,62.3,7.2,666.666666667,1327.367,0
1095,64,57.5,6.8,666.666666667,739.6,0
1096,64,57.3,6.8,666.666666667,147.034,0
1097,64,72.5,8.3,666.666666667,831.367,0
1098,64,70.1,8.3,666.666666667,257.9,0
1099,64,78,8.2,666.666666667,1499.934,0
1100,64,76.4,7.7,666.666666667,934.267,0
1101,64,76.1,7.6,666.666666667,367.1,0
1102,64,64.3,7.7,666.666666667,1501.134,0
1103,64,57.4,6.9,666.666666667,915.967,0
1104,64,57.8,7.1,666.666666667,323.6,0
1105,64,98.6,11.5,666.666666667,1510.734,0
1106,64,84.8,9.9,666.666666667,967.467,0
1107,64,84.1,9.8,666.666666667,410.1,0
1108,64,99.9,11.9,666.666666667,1503.834,0
1109,64,84.5,8.4,666.666666667,962.967,0
1110,64,84.6,8.7,666.666666667,417.8,1
1111,64,58.2,6.1,666.666666667,1494.434,0
1112,64,56.4,5.7,666.666666667,902.967,0
1113,64,56.9,5.9,666.666666667,309.6,0
1114,64,80.3,10,666.666666667,1502.534,0
1115,64,77.6,9.3,666.666666667,939.167,0
1116,64,77.5,9.3,666.666666667,373.2,0
1117,64,108.8,14.2,666.666666667,1509.434,0
1118,64,67.5,8.8,666.666666667,974.667,0
1119,64,61.6,7.1,666.666666667,392.5,0
1120,64,82.4,11.7,666.666666667,1499.634,0
1121,64,67.7,7,666.666666667,936.067,0
1122,64,67.2,6.9,666.666666667,357.6,0
1123,64,58.8,6.2,666.666666667,1495.834,0
1124,64,56.4,5.8,666.666666667,905.067,0
1125,64,56.3,5.8,666.666666667,315.9,0
1126,64,66.8,8.1,666.666666667,1503.534,0
1127,64,58.8,7.2,666.666666667,921.267,0
1128,64,58.4,7,666.666666667,330.6,0
1129,64,81.8,9.8,666.666666667,1505.934,0
1130,64,72.1,8.6,666.666666667,942.167,0
1131,64,71.2,8.3,666.666666667,368.1,0
1132,64,65.4,7.6,666.666666667,1511.434,0
1133,64,56.2,6.9,666.666666667,926.767,0
1134,64,54.4,5.6,666.666666667,332.7,0
1135,64,78.6,9.6,666.666666667,1504.034,0
1136,64,70.7,8.6,666.666666667,936.967,0
1137,64,69.6,8.3,666.666666667,361.6,0
1138,64,89.9,10.4,666.666666667,1506.034,0
1139,64,85,10,666.666666667,954.067,0
1140,64,85.2,10,666.666666667,409.1,1
1141,64,80.7,9.9,666.666666667,1502.734,0
1142,64,67.6,7,666.666666667,937.367,0
1143,64,67.1,6.9,666.666666667,358.5,0
1144,64,90.5,11.2,666.666666667,1506.334,0
1145,64,80.8,8.3,666.666666667,954.967,0
1146,64,80.9,8.2,666.666666667,393.6,0
1147,64,82.9,9.1,666.666666667,1504.334,0
1148,64,80.7,8.3,666.666666667,945.267,0
1149,64,80.5,8.3,666.666666667,383.7,0
1150,64,68.6,9.5,666.666666667,1496.934,0
1151,64,59.7,6.8,666.666666667,915.267,0
1152,64,58.8,6.7,666.666666667,324.8,0
1153,64,69,9.8,666.666666667,1502.034,0
1154,64,54.8,5.6,666.666666667,921.167,0
1155,64,54.4,5.5,666.666666667,325.6,0
1156,64,59.1,6.5,666.666666667,1494.834,0
1157,64,54.8,5.5,666.666666667,903.667,0
1158,64,54.1,5.5,666.666666667,308.1,0
1159,64,68.5,9.2,666.666666667,1503.334,0
1160,64,57.1,7,666.666666667,921.967,0
1161,64,56.5,6.8,666.666666667,328.9,0
1162,64,72.2,8.9,666.666666667,1502.434,0
1163,64,68.3,6.9,666.666666667,928.867,0
1164,64,69,7.1,666.666666667,351.1,0
1165,64,96.3,11.7,666.666666667,1521.334,0
1166,64,84.9,9.9,666.666666667,975.967,0
1167,64,83.7,9.7,666.666666667,418.4,0
1168,64,82.3,10,666.666666667,1507.134,0
1169,64,69.3,8.4,666.666666667,943.267,0
1170,64,68.6,8.3,666.666666667,381.2,1
1171,64,141.2,21.4,666.666666667,1512.934,0
1172,64,129.8,15.5,666.666666667,1023.067,0
1173,64,128.7,15.5,666.666666667,521.3,0
1174,64,58.6,6.8,666.666666667,1501.534,0
1175,64,53.5,5.4,666.666666667,909.567,0
1176,64,53.6,5.4,666.666666667,312.3,0
1177,64,76.9,9.7,666.666666667,1510.534,0
1178,64,68.4,7.1,666.666666667,941.267,0
1179,64,67.2,6.7,666.666666667,362.7,0
1180,64,82.7,8.5,666.666666667,1506.934,0
1181,64,81.8,8.2,666.666666667,947.467,0
1182,64,82,8.3,666.666666667,387.2,0
1183,64,69.1,7.1,666.666666667,1005.134,0
1184,64,68.2,6.9,666.666666667,428.367,0
1185,64,90.2,10.4,666.666666667,1690.3,0
1186,64,86,10,666.666666667,1138.434,0
1187,64,85.4,10,666.666666667,581.967,0
1188,64,71.7,8.4,666.666666667,21.2,0
1189,64,72.2,7.7,666.666666667,1009.934,0
1190,64,71.1,9.4,666.666666667,436.267,0
1191,64,93.2,13.4,666.666666667,1681.2,0
1192,64,84.9,10.6,666.666666667,1132.734,0
1193,64,84.2,10.6,666.666666667,575.667,0
1194,64,128,28.5,666.666666667,1703.8,0
1195,64,71.7,8.9,666.666666667,1185.834,0
1196,64,67.3,8.4,666.666666667,611.167,0
1197,64,60.7,8.3,666.666666667,33.8,0
1198,64,61.6,7.7,666.666666667,1005.234,0
1199,64,55.2,5.8,666.666666667,416.567,0
1200,64,95.9,11.6,666.666666667,1696,1
1201,64,84.6,9.9,666.666666667,1149.934,0
1202,64,82.6,9.7,666.666666667,592.167,0
1203,64,71,8.5,666.666666667,28.4,0
1204,64,78.1,9.3,666.666666667,1011.434,0
1205,64,70.1,8.5,666.666666667,443.367,0
1206,64,96.2,11.3,666.666666667,1683.1,0
1207,64,88.4,10.5,666.666666667,1137.634,0
1208,64,88.9,12.3,666.666666667,583.867,0
1209,64,59.2,7.1,666.666666667,24.3,0
1210,64,61.9,7.5,666.666666667,1002.334,0
1211,64,55.4,5.8,666.666666667,414.367,0
1212,64,70.1,7.3,666.666666667,1672.1,0
1213,64,68,6.9,666.666666667,1096.334,0
1214,64,68.3,6.9,666.666666667,518.367,0
1215,64,97.2,12.1,666.666666667,1822.8,0
1216,64,84.9,8.9,666.666666667,1279.234,0
1217,64,68.8,8.5,666.666666667,723.167,0
1218,64,57,5.8,666.666666667,142.8,0
1219,64,85.2,15.2,666.666666667,1029.334,0
1220,64,57.2,5.8,666.666666667,465.467,0
1221,64,69,7.9,666.666666667,1682.2,0
1222,64,60.6,7.1,666.666666667,1101.834,0
1223,64,60,6.8,666.666666667,512.767,0
1224,64,68.7,9.3,666.666666667,1676.2,0
1225,64,56.5,6.8,666.666666667,1095.034,0
1226,64,56.5,6.7,666.666666667,501.367,0
1227,64,63.5,8.2,666.666666667,1669.8,0
1228,64,56.4,6.8,666.666666667,1083.234,0
1229,64,56.1,6.7,666.666666667,489.267,0
1230,64,71.5,8.6,666.666666667,1683.1,1
1231,64,68.5,7,666.666666667,1108.334,0
1232,64,68,6.9,666.666666667,530.367,0
1233,64,96.5,11.8,666.666666667,1682.3,0
1234,64,86.6,10.2,666.666666667,1137.234,0
1235,64,86.1,10.2,666.666666667,581.967,0
1236,64,73,8.9,666.666666667,23.7,0
1237,64,57.9,6.4,666.666666667,1001.634,0
1238,64,54.9,5.5,666.666666667,409.467,0
1239,64,97.8,11.8,666.666666667,1682.8,0
1240,64,91.3,11.2,666.666666667,1139.934,0
1241,64,92.2,10.6,666.666666667,590.267,0
1242,64,226.4,153.4,666.666666667,41.3,0
1243,64,164.4,35.9,666.666666667,1046.034,0
1244,64,108.3,13.2,666.666666667,573.967,0
1245,64,79.6,9.9,666.666666667,41.7,0
1246,64,64.2,8.4,666.666666667,1009.234,0
1247,64,56.1,5.9,666.666666667,424.067,0
1248,64,62.2,9,666.666666667,1676.9,0
1249,64,53.2,5.4,666.666666667,1088.834,0
1250,64,53.5,5.4,666.666666667,491.667,0
1251,64,88.5,10.7,666.666666667,1684.7,0
1252,64,82.3,8.3,666.666666667,1130.334,0
1253,64,81.5,8.2,666.666666667,569.767,0
1254,64,97.9,11.4,666.666666667,1686.6,0
1255,64,88.7,10.7,666.666666667,1142.334,0
1256,64,87.1,10.4,666.666666667,588.867,0
1257,64,87.8,10.5,666.666666667,34,0
1258,64,62.9,9.4,666.666666667,1010.134,0
1259,64,56.3,7.1,666.666666667,422.867,0
1260,64,94.5,12.9,666.666666667,1705.3,1
1261,64,88,11,666.666666667,1157.134,0
1262,64,85,10.7,666.666666667,602.167,0
1263,64,85.1,10.5,666.666666667,44.1,0
1264,64,62.4,7.9,666.666666667,1004.334,0
1265,64,54.4,5.5,666.666666667,416.967,0
1266,64,179.3,86.6,666.666666667,1815.2,0
1267,64,90.2,11.2,666.666666667,1351.934,0
1268,64,87.5,10.7,666.666666667,799.867,0
1269,64,86.7,11,666.666666667,245.2,0
1270,64,60.7,7.7,666.666666667,1012.934,0
1271,64,53.9,5.5,666.666666667,423.467,0
1272,64,98,11.6,666.666666667,1690.6,0
1273,64,90,10.6,666.666666667,1145.834,0
1274,64,89.7,10.8,666.666666667,592.967,0
1275,64,67.8,9.8,666.666666667,39.8,0
1276,64,59.7,7,666.666666667,1014.934,0
1277,64,54.4,5.6,666.666666667,424.567,0
1278,64,60.1,7.7,666.666666667,1679.3,0
1279,64,54.3,5.5,666.666666667,1089.034,0
1280,64,53.7,5.5,666.666666667,492.667,0
1281,64,75.8,9.6,666.666666667,1678.5,0
1282,64,67.6,6.9,666.666666667,1108.034,0
1283,64,67.5,7,666.666666667,528.967,0
1284,64,62.4,8.2,666.666666667,1675.8,0
1285,64,54.2,5.5,666.666666667,1087.534,0
1286,64,54.2,5.5,666.666666667,491.067,0
1287,64,74.6,9.4,666.666666667,1683.8,0
1288,64,67.4,6.8,666.666666667,1112.234,0
1289,64,67.1,6.8,666.666666667,533.067,0
1290,64,154.3,25.5,666.666666667,1719.9,1
1291,64,128.6,15.4,666.666666667,1243.034,0
1292,64,115,13.5,666.666666667,735.367,0
1293,64,116.9,14,666.666666667,215.4,0
1294,64,135.6,23.3,666.666666667,1900.034,0
1295,64,94.6,11.3,666.666666667,1410.767,0
1296,64,81.8,10.3,666.666666667,863.6,0
1297,64,81.5,10.4,666.666666667,303.334,0
1298,64,94.6,11.9,666.666666667,1239.467,0
1299,64,86,10.8,666.666666667,691.2,0
1300,64,86.1,10.8,666.666666667,134.034,0
1301,64,98.1,12.4,666.666666667,1234.967,0
1302,64,84.7,10.7,666.666666667,690.2,0
1303,64,84.1,10.4,666.666666667,132.134,0
1304,64,65.1,7.7,666.666666667,1222.667,0
1305,64,55.9,7,666.666666667,637.4,0
1306,64,55.8,6.8,666.666666667,42.934,0
1307,64,100,12,666.666666667,1233.867,0
1308,64,89.4,10.9,666.666666667,691.9,0
1309,64,87.1,10.5,666.666666667,138.834,0
1310,64,64.2,7.4,666.666666667,1226.967,0
1311,64,54.1,5.5,666.666666667,641,0
1312,64,53.7,5.4,666.666666667,44.634,0
1313,64,101.2,40.6,666.666666667,730.467,0
1314,64,53.5,5.4,666.666666667,181.4,0
1315,64,76.2,9.8,666.666666667,1404.634,0
1316,64,67.9,6.9,666.666666667,834.767,0
1317,64,67,7,666.666666667,256.5,0
1318,64,95.7,12.3,666.666666667,1410.234,0
1319,64,84.6,8.7,666.666666667,863.067,0
1320,64,86.7,9.1,666.666666667,327.3,1
1321,64,62.3,7.8,666.666666667,1401.934,0
1322,64,54.5,5.7,666.666666667,813.967,0
1323,64,54,5.5,666.666666667,218,0
1324,64,66.3,8.1,666.666666667,1401.834,0
1325,64,54.6,5.5,666.666666667,817.967,0
1326,64,54.5,5.7,666.666666667,222.4,0
1327,64,100.8,11.9,666.666666667,1409.734,0
1328,64,90.6,10.8,666.666666667,868.667,0
1329,64,89.7,10.7,666.666666667,320.7,0
1330,64,68.4,7.8,666.666666667,1399.334,0
1331,64,57.4,6.9,666.666666667,817.567,0
1332,64,57.2,6.7,666.666666667,224.8,0
1333,64,65.3,9,666.666666667,1400.234,0
1334,64,58.6,7,666.666666667,815.567,0
1335,64,56.1,6.6,666.666666667,224,0
1336,64,82.6,10,666.666666667,1404.134,0
1337,64,73,9.3,666.666666667,840.967,0
1338,64,70.1,8.3,666.666666667,267.9,0
1339,64,126.2,32.8,666.666666667,1411.934,0
1340,64,87.5,11.1,666.666666667,896.367,0
1341,64,86,10.9,666.666666667,341.7,0
1342,64,105.7,12.7,666.666666667,1408.334,0
1343,64,88.6,10.7,666.666666667,872.067,0
1344,64,87.4,10.6,666.666666667,318.4,0
1345,64,72.3,8.6,666.666666667,1398.534,0
1346,64,54.5,5.5,666.666666667,820.667,0
1347,64,54.1,5.5,666.666666667,224.7,0
1348,64,63.7,7.9,666.666666667,1400.534,0
1349,64,53.8,5.5,666.666666667,814.167,0
1350,64,53.9,5.5,666.666666667,234.7,1
1351,64,62.5,8,666.666666667,1396.734,0
1352,64,54.6,5.5,666.666666667,808.767,0
1353,64,53.8,5.4,666.666666667,212.9,0
1354,64,63,7.9,666.666666667,1405.434,0
1355,64,54.9,5.7,666.666666667,818.567,0
1356,64,54.7,5.7,666.666666667,223.1,0
1357,64,68.9,8.4,666.666666667,1411.634,0
1358,64,61,8.1,666.666666667,830.467,0
1359,64,58.8,7.6,666.666666667,241.1,0
1360,64,63.5,7.6,666.666666667,1404.434,0
1361,64,56.8,6.8,666.666666667,817.767,0
1362,64,57,6.6,666.666666667,224.2,0
1363,64,102,11.9,666.666666667,1413.734,0
1364,64,90,10.7,666.666666667,872.967,0
1365,64,88.7,10.6,666.666666667,319.9,0
1366,64,93.8,12.3,666.666666667,1427.534,0
1367,64,66.3,7.9,666.666666667,876.567,0
1368,64,61.8,8.5,666.666666667,305.2,0
1369,64,66.8,8.2,666.666666667,1404.634,0
1370,64,59,7.2,666.666666667,821.467,0
1371,64,56.4,6.8,666.666666667,230.4,0
1372,64,63.5,7.8,666.666666667,1402.934,0
1373,64,60.4,8.4,666.666666667,816.367,0
1374,64,81.3,8.6,666.666666667,233.6,0
1375,64,78.4,9.7,666.666666667,1406.634,0
1376,64,69.4,8.6,666.666666667,839.167,0
1377,64,68.9,8.5,666.666666667,262.2,0
1378,64,83.6,9.8,666.666666667,1409.734,0
1379,64,71.1,8.5,666.666666667,847.367,0
1380,64,70.3,8.3,666.666666667,288.8,1
1381,64,65.6,7.7,666.666666667,1403.034,0
1382,64,55.1,5.6,666.666666667,818.367,0
1383,64,54,5.4,666.666666667,223,0
1384,64,61.2,7.8,666.666666667,1402.834,0
1385,64,54,5.4,666.666666667,813.867,0
1386,64,53.9,5.4,666.666666667,217.6,0
1387,64,62,7.9,666.666666667,912.534,0
1388,64,54.4,5.6,666.666666667,324.267,0
1389,64,62,7.7,666.666666667,1576.3,0
1390,64,54.1,5.5,666.666666667,987.934,0
1391,64,54.6,5.6,666.666666667,391.467,0
1392,64,91.9,11.1,666.666666667,1591.5,0
1393,64,82.8,8.3,666.666666667,1040.534,0
1394,64,83.7,8.6,666.666666667,480.367,0
1395,64,63.7,7.8,666.666666667,1582.6,0
1396,64,58,7,666.666666667,996.134,0
1397,64,57.4,6.9,666.666666667,403.467,0
1398,64,84.7,9.8,666.666666667,1589.8,0
1399,64,76.2,8.8,666.666666667,1028.534,0
1400,64,73.4,8.4,666.666666667,458.467,0
1401,64,68.4,8.9,666.666666667,1089,0
1402,64,58,7,666.666666667,507.134,0
1403,64,66.2,8,666.666666667,1422.767,0
1404,64,58.3,7,666.666666667,838.9,0
1405,64,55.6,6.7,666.666666667,246.734,0
1406,64,62.4,7.5,666.666666667,1418.067,0
1407,64,54.3,5.5,666.666666667,830.2,0
1408,64,53.7,5.5,666.666666667,234.034,0
1409,64,61.6,8.2,666.666666667,1413.167,0
1410,64,54.5,5.5,666.666666667,838.2,1
1411,64,53.9,5.5,666.666666667,242.334,0
1412,64,123.6,14.8,666.666666667,1429.967,0
1413,64,111.7,13.5,666.666666667,917.1,0
1414,64,110.4,13.4,666.666666667,392.334,0
1415,64,69.2,7.9,666.666666667,1415.867,0
1416,64,57.1,6.8,666.666666667,835.3,0
1417,64,56.6,6.7,666.666666667,242.134,0
1418,64,65.6,7.9,666.666666667,1417.967,0
1419,64,54.9,5.6,666.666666667,833.7,0
1420,64,54,5.5,666.666666667,238.234,0
1421,64,62.2,7.8,666.666666667,1418.767,0
1422,64,54.7,5.6,666.666666667,831,0
1423,64,54.4,5.6,666.666666667,235.634,0
1424,64,91.4,10.9,666.666666667,1433.367,0
1425,64,82.8,8.4,666.666666667,882,0
1426,64,82.1,8.3,666.666666667,321.734,0
1427,64,87,10.5,666.666666667,1432.667,0
1428,64,77.7,7.8,666.666666667,876.7,0
1429,64,79,8.2,666.666666667,311.434,0
1430,64,97.6,11.2,666.666666667,1434.667,0
1431,64,97.9,11.1,666.666666667,889.2,0
1432,64,83.9,11.1,666.666666667,349.334,0
1433,64,122.3,14,666.666666667,2104.567,0
1434,64,90.1,11.7,666.666666667,1584.1,0
1435,64,83.6,10.3,666.666666667,1031.034,0
1436,64,84.3,10.3,666.666666667,471.367,0
1437,64,69.6,8.5,666.666666667,1757.6,0
1438,64,56.9,6.9,666.666666667,1177.234,0
1439,64,56.1,6.9,666.666666667,583.967,0
1440,64,69.8,8.8,666.666666667,1773.2,1
1441,64,53.9,5.4,666.666666667,1192.834,0
1442,64,53.7,5.4,666.666666667,596.267,0
1443,64,62.3,7.6,666.666666667,1750.8,0
1444,64,54.6,5.5,666.666666667,1162.934,0
1445,64,54.4,5.5,666.666666667,567.467,0
1446,64,94.9,11.6,666.666666667,2296.4,0
1447,64,85.4,10,666.666666667,1749.234,0
1448,64,84.8,10.2,666.666666667,1192.267,0
1449,64,85.8,10.7,666.666666667,634.9,0
1450,64,80.9,8.2,666.666666667,78.534,0
1451,64,60.9,7.5,666.666666667,1248.967,0
1452,64,57,7.1,666.666666667,660,0
1453,64,56.2,6.8,666.666666667,67.034,0
1454,64,60.4,7.5,666.666666667,1248.567,0
1455,64,57,5.7,666.666666667,659.5,0
1456,64,57.1,5.7,666.666666667,67.034,0
1457,64,61.1,7.3,666.666666667,1250.167,0
1458,64,56.8,5.9,666.666666667,661.9,0
1459,64,56.3,5.8,666.666666667,69.334,0
1460,64,63.2,8.2,666.666666667,1255.767,0
1461,64,56.1,5.6,666.666666667,669.6,0
1462,64,56.1,5.6,666.666666667,76.034,0
1463,64,68.9,7,666.666666667,1256.867,0
1464,64,67.9,6.8,666.666666667,679.7,0
1465,64,67.6,6.8,666.666666667,101.734,0
1466,64,98.4,13.2,666.666666667,1267.967,0
1467,64,83.1,10.1,666.666666667,724.3,0
1468,64,82.4,9.9,666.666666667,165.434,0
1469,64,70.6,9.5,666.666666667,1259.067,0
1470,64,61.4,7.1,666.666666667,691.7,1
1471,64,60.2,6.8,666.666666667,103.134,0
1472,64,83.1,10.2,666.666666667,1258.067,0
1473,64,70.8,8.2,666.666666667,694.8,0
1474,64,70.5,8.1,666.666666667,119.434,0
1475,64,65.3,7.9,666.666666667,1248.967,0
1476,64,54.7,5.6,666.666666667,664.1,0
1477,64,54.4,5.5,666.666666667,68.334,0
1478,64,121.3,16,666.666666667,1306.967,0
1479,64,81.3,8.6,666.666666667,786.4,0
1480,64,80.3,8.2,666.666666667,225.434,0
1481,64,64.1,8.2,666.666666667,1256.767,0
1482,64,56.6,5.9,666.666666667,671.5,0
1483,64,56.4,5.8,666.666666667,78.234,0
1484,64,99.5,11.7,666.666666667,1274.667,0
1485,64,87.5,10,666.666666667,732.8,0
1486,64,86.6,9.8,666.666666667,178.434,0
1487,64,65.6,9.1,666.666666667,1251.767,0
1488,64,54.6,5.6,666.666666667,667,0
1489,64,54.3,5.6,666.666666667,71.234,0
1490,64,71.3,7.9,666.666666667,1257.167,0
1491,64,67.3,7,666.666666667,681.8,0
1492,64,247.3,178.8,666.666666667,102.834,0
1493,64,78.8,11.9,666.666666667,1261.467,0
1494,64,67.7,6.9,666.666666667,694,0
1495,64,67.4,6.9,666.666666667,115.134,0
1496,64,68.4,7,666.666666667,1259.367,0
1497,64,67.2,6.9,666.666666667,681.5,0
1498,64,67.7,6.9,666.666666667,101.834,0
1499,64,111.2,14.9,666.666666667,1275.067,0
1500,64,105.4,13.6,666.666666667,760.8,1
1501,64,106.5,13.6,666.666666667,228.534,0
1502,64,149.6,54.9,666.666666667,1261.767,0
1503,64,85.6,9.7,666.666666667,768.5,0
1504,64,93.7,17.1,666.666666667,210.434,0
1505,64,86.2,11.3,666.666666667,1270.467,0
1506,64,69.1,8.4,666.666666667,710.5,0
1507,64,68.4,8.1,666.666666667,133.234,0
1508,64,63.4,7.5,666.666666667,1257.167,0
1509,64,56.5,6.6,666.666666667,670.6,0
1510,64,55.9,6.6,666.666666667,76.734,0
1511,64,79.2,9.8,666.666666667,1261.067,0
1512,64,68.3,6.9,666.666666667,694.3,0
1513,64,67.8,7,666.666666667,116.334,0
1514,64,88.6,9.7,666.666666667,1782.367,0
1515,64,82.2,8.2,666.666666667,1229.3,0
1516,64,81.8,8.4,666.666666667,669.734,0
1517,64,81.4,8.2,666.666666667,109.667,0
1518,64,81.5,9.6,666.666666667,839,0
1519,64,73.2,8.4,666.666666667,274.234,0
1520,64,82.4,9.8,666.666666667,1503.267,0
1521,64,73.2,8.6,666.666666667,939.6,0
1522,64,80.4,8.1,666.666666667,366.434,0
1523,64,68.3,7,666.666666667,1500.967,0
1524,64,67.1,6.7,666.666666667,922.7,0
1525,64,78.7,8,666.666666667,343.534,0
1526,64,62.4,7.9,666.666666667,1495.967,0
1527,64,53.5,5.4,666.666666667,908.3,0
1528,64,54,5.6,666.666666667,311.534,0
1529,64,61.4,7.9,666.666666667,1499.267,0
1530,64,54.7,5.6,666.666666667,923.2,1
1531,64,62.5,6.9,666.666666667,327.534,0
1532,64,68.6,7.1,666.666666667,1499.267,0
1533,64,67,6.7,666.666666667,921.5,0
1534,64,68.1,6.9,666.666666667,346.034,0
1535,64,90.6,10.8,666.666666667,1504.167,0
1536,64,79.1,10,666.666666667,952.7,0
1537,64,68.2,8,666.666666667,385.534,0
1538,64,108.5,13.6,666.666666667,1504.067,0
1539,64,93.4,10.5,666.666666667,969.8,0
1540,64,93,10.4,666.666666667,420.234,0
1541,64,104.4,13.2,666.666666667,1533.467,0
1542,64,82.4,10.1,666.666666667,996.4,0
1543,64,81.8,10.4,666.666666667,436.834,0
1544,64,58.4,6.7,666.666666667,1497.967,0
1545,64,53.6,5.4,666.666666667,906.1,0
1546,64,54.3,5.6,666.666666667,309.534,0
1547,64,62,7.7,666.666666667,1498.567,0
1548,64,54.7,5.6,666.666666667,910.3,0
1549,64,54.4,5.6,666.666666667,314.934,0
1550,64,65.3,7.7,666.666666667,1500.267,0
1551,64,60.2,7.3,666.666666667,915.5,0
1552,64,58.8,6.7,666.666666667,325.434,0
1553,64,66.2,7.6,666.666666667,1497.267,0
1554,64,56,6.7,666.666666667,912.9,0
1555,64,53.6,5.5,666.666666667,318.634,0
1556,64,72.2,7.7,666.666666667,1500.167,0
1557,64,68.3,6.9,666.666666667,926.2,0
1558,64,55,6,666.666666667,348.434,0
1559,64,72.2,7.8,666.666666667,1540.067,0
1560,64,74,8.5,666.666666667,979.1,1
1561,64,82,8.5,666.666666667,411.234,0
1562,64,73.9,8.2,666.666666667,1500.467,0
1563,64,69.1,7,666.666666667,928.9,0
1564,64,68.8,7,666.666666667,352.034,0
1565,64,61.7,7.7,666.666666667,1494.367,0
1566,64,54.9,5.8,666.666666667,906,0
1567,64,55.7,6.4,666.666666667,315.734,0
1568,64,64.6,8.1,666.666666667,1495.667,0
1569,64,57.2,6.3,666.666666667,910.4,0
1570,64,56.1,5.8,666.666666667,317.834,0
1571,64,125.3,20,666.666666667,1583.267,0
1572,64,86,8.8,666.666666667,1070,0
1573,64,84.5,8.6,666.666666667,515.434,0
1574,64,107.1,12.7,666.666666667,1507.167,0
1575,64,115.2,17.4,666.666666667,973.6,0
1576,64,122.1,13.4,666.666666667,453.134,0
1577,64,70.4,9.4,666.666666667,1497.967,0
1578,64,55.4,5.7,666.666666667,918.3,0
1579,64,61.3,6.8,666.666666667,323.234,0
1580,64,88.6,10.4,666.666666667,1505.267,0
1581,64,84,9.8,666.666666667,952.3,0
1582,64,83.9,9.8,666.666666667,394.834,0
1583,64,74.7,8.7,666.666666667,1502.867,0
1584,64,69.8,8.2,666.666666667,931.2,0
1585,64,67.2,6.8,666.666666667,354.634,0
1586,64,68.7,7.4,666.666666667,1500.767,0
1587,64,67.7,6.8,666.666666667,923.3,0
1588,64,67.4,6.8,666.666666667,344.934,0
1589,64,98.5,11.7,666.666666667,1520.767,0
1590,64,87.8,9.9,666.666666667,991.5,1
1591,64,86.7,9.8,666.666666667,437.534,0
1592,64,83.3,10.1,666.666666667,1532.467,0
1593,64,68.6,6.9,666.666666667,970.1,0
1594,64,68.1,6.8,666.666666667,392.834,0
1595,64,94.4,11.7,666.666666667,1512.367,0
1596,64,79.7,8.1,666.666666667,965.6,0
1597,64,70.5,9,666.666666667,399.134,0
1598,64,68.1,7,666.666666667,1507.267,0
1599,64,68.7,8.2,666.666666667,929,0
1600,64,85.7,9.5,666.666666667,354.234,0
1601,64,89,10.5,666.666666667,1512.567,0
1602,64,82.2,8.3,666.666666667,958.6,0
1603,64,82.1,8.3,666.666666667,397.834,0
1604,64,81,12.3,666.666666667,1525.667,0
1605,64,67.3,6.8,666.666666667,961,0
1606,64,81.1,8.2,666.666666667,384.234,0
1607,64,106.2,13.5,666.666666667,1557.567,0
1608,64,96.4,10.6,666.666666667,1021.1,0
1609,64,95.2,10.5,666.666666667,474.634,0
1610,64,70.6,9.1,666.666666667,1504.767,0
1611,64,55,5.6,666.666666667,925.3,0
1612,64,54.8,5.6,666.666666667,330.034,0
1613,64,63.6,7.8,666.666666667,2373.367,0
1614,64,55.9,6.8,666.666666667,1786.7,0
1615,64,55.7,6.7,666.666666667,1192.134,0
1616,64,56.2,7,666.666666667,597.567,0
1617,64,217.7,130.7,666.666666667,1714.2,0
1618,64,76.9,8.2,666.666666667,1287.734,0
1619,64,74.2,8.3,666.666666667,719.867,0
1620,64,73,7.5,666.666666667,170.5,1
1621,64,108.9,12.8,666.666666667,1060.234,0
1622,64,95.6,11.4,666.666666667,557.767,0
1623,64,67.2,7.9,666.666666667,1708.6,0
1624,64,58.9,7,666.666666667,1125.434,0
1625,64,54.3,5.5,666.666666667,533.967,0
1626,64,90.6,10.5,666.666666667,1721.3,0
1627,64,82.8,8.3,666.666666667,1169.134,0
1628,64,83,8.4,666.666666667,609.067,0
1629,64,82.9,8.4,666.666666667,48.8,0
1630,64,61.7,7.7,666.666666667,1042.534,0
1631,64,54,5.5,666.666666667,454.167,0
1632,64,60.2,7.8,666.666666667,1709.6,0
1633,64,53.3,5.5,666.666666667,1119.834,0
1634,64,54,5.6,666.666666667,522.867,0
1635,64,56.8,6.4,666.666666667,1710.4,0
1636,64,54.2,5.5,666.666666667,1116.834,0
1637,64,54,5.5,666.666666667,525.767,0
1638,64,60.7,7.8,666.666666667,1709.5,0
1639,64,53.8,5.5,666.666666667,1120.034,0
1640,64,53.9,5.5,666.666666667,523.367,0
1641,64,138.6,26.7,666.666666667,1742.1,0
1642,64,107.1,12,666.666666667,1242.534,0
1643,64,112.9,13.5,666.666666667,711.667,0
1644,64,118.7,13.5,666.666666667,188.4,0
1645,64,61.7,7.8,666.666666667,1043.634,0
1646,64,54.1,5.5,666.666666667,455.067,0
1647,64,62.8,7.7,666.666666667,1709,0
1648,64,55.9,6.8,666.666666667,1121.734,0
1649,64,55.3,6.7,666.666666667,527.167,0
1650,64,115.4,14.3,666.666666667,1742.5,1
1651,64,102.7,10.7,666.666666667,1221.334,0
1652,64,86.5,10.4,666.666666667,686.767,0
1653,64,83.6,8.5,666.666666667,129.9,0
1654,64,75.8,9.7,666.666666667,1049.134,0
1655,64,67.2,6.8,666.666666667,479.067,0
1656,64,81.9,9.8,666.666666667,1713.2,0
1657,64,72,8.2,666.666666667,1149.234,0
1658,64,72.2,8.2,666.666666667,574.967,0
1659,64,68.5,8,666.666666667,1707.7,0
1660,64,55.1,5.5,666.666666667,1125.934,0
1661,64,54.8,5.5,666.666666667,530.967,0
1662,64,69.8,7.2,666.666666667,1711.6,0
1663,64,68.1,6.8,666.666666667,1135.134,0
1664,64,68.7,6.9,666.666666667,557.267,0
1665,64,74.9,9.3,666.666666667,1719.9,0
1666,64,68.2,6.8,666.666666667,1149.334,0
1667,64,67.8,6.8,666.666666667,571.667,0
1668,64,61.5,7.9,666.666666667,1713.1,0
1669,64,53.6,5.5,666.666666667,1124.634,0
1670,64,53.3,5.3,666.666666667,527.767,0
1671,64,59.7,7,666.666666667,1714.8,0
1672,64,54.1,5.6,666.666666667,1124.334,0
1673,64,53.9,5.4,666.666666667,527.967,0
1674,64,128.9,16.4,666.666666667,1731,0
1675,64,105.6,12.3,666.666666667,1222.834,0
1676,64,143.4,26.8,666.666666667,694.767,0
1677,64,117.4,13.5,666.666666667,200.8,0
1678,64,78.1,9.7,666.666666667,1052.934,0
1679,64,68.6,7,666.666666667,485.467,0
1680,64,64.4,7.7,666.666666667,1729.5,1
1681,64,56.9,6.9,666.666666667,1144.034,0
1682,64,56.5,6.6,666.666666667,550.767,0
1683,64,64.1,7.9,666.666666667,1712.4,0
1684,64,54.4,5.6,666.666666667,1126.434,0
1685,64,54,5.5,666.666666667,530.867,0
1686,64,115.7,20.5,666.666666667,2037.4,0
1687,64,104.1,10.6,666.666666667,1516.134,0
1688,64,106,10.6,666.666666667,984.767,0
1689,64,105.2,10.7,666.666666667,454.5,0
1690,64,93.7,11.1,666.666666667,1363.134,0
1691,64,88.9,10,666.666666667,814.967,0
1692,64,88.1,10.1,666.666666667,261.9,0
1693,64,103.4,12.1,666.666666667,1360.934,0
1694,64,84.2,8.8,666.666666667,821.267,0
1695,64,84.4,8.5,666.666666667,262.1,0
1696,64,62.4,7.7,666.666666667,1347.234,0
1697,64,54.2,5.5,666.666666667,759.767,0
1698,64,54,5.5,666.666666667,163.4,0
1699,64,74.9,9.4,666.666666667,1353.234,0
1700,64,67.3,6.9,666.666666667,782.067,0
1701,64,66.7,6.8,666.666666667,203,0
1702,64,61.9,7.9,666.666666667,1353.434,0
1703,64,54.4,5.6,666.666666667,765.267,0
1704,64,54.4,5.5,666.666666667,169.2,0
1705,64,63.4,9.6,666.666666667,1347.634,0
1706,64,55.1,5.6,666.666666667,760.867,0
1707,64,54.7,5.6,666.666666667,165.8,0
1708,64,110.7,13,666.666666667,1372.134,0
1709,64,101.5,10.5,666.666666667,846.867,0
1710,64,103.6,10.5,666.666666667,330.6,1
1711,64,261.7,127,666.666666667,1391.934,0
1712,64,174.4,45.9,666.666666667,1021.567,0
1713,64,132.4,14.7,666.666666667,564,0
1714,64,254.3,56,666.666666667,63.934,0
1715,64,95.2,11.6,666.666666667,737.267,0
1716,64,139.9,44.2,666.666666667,189.3,0
1717,64,101.4,11.5,666.666666667,1367.934,0
1718,64,90.9,11.2,666.666666667,826.467,0
1719,64,84.4,10.4,666.666666667,274.4,0
1720,64,64.9,7.9,666.666666667,1350.634,0
1721,64,54.2,5.6,666.666666667,765.267,0
1722,64,54.3,5.5,666.666666667,169.2,0
1723,64,77.3,9.9,666.666666667,1359.434,0
1724,64,67.3,6.7,666.666666667,790.567,0
1725,64,66.8,6.7,666.666666667,211.6,0
1726,64,82.1,9.4,666.666666667,1357.434,0
1727,64,73.3,8.5,666.666666667,793.667,0
1728,64,72.3,8.2,666.666666667,221.1,0
1729,64,81.9,9.6,666.666666667,1364.534,0
1730,64,68.1,6.8,666.666666667,800.467,0
1731,64,67.9,7,666.666666667,222.4,0
1732,64,61.4,7.9,666.666666667,1350.034,0
1733,64,53.8,5.4,666.666666667,761.367,0
1734,64,53.5,5.4,666.666666667,164.8,0
1735,64,129.7,15,666.666666667,1383.534,0
1736,64,83.5,9.7,666.666666667,881.167,0
1737,64,80,8.1,666.666666667,322.8,0
1738,64,90.3,11.6,666.666666667,1357.534,0
1739,64,80.4,8.3,666.666666667,806.167,0
1740,64,80.6,8.2,666.666666667,260.5,1
1741,64,123.4,21.9,666.666666667,1368.434,0
1742,64,107.8,10.9,666.666666667,855.467,0
1743,64,104.9,10.6,666.666666667,326.8,0
1744,64,92.1,10.8,666.666666667,1371.734,0
1745,64,77.5,8.3,666.666666667,821.067,0
1746,64,83,8.3,666.666666667,255.7,0
1747,64,129.4,16.3,666.666666667,1374.534,0
1748,64,119.2,13.3,666.666666667,868.567,0
1749,64,121.1,13.4,666.666666667,351.7,0
1750,64,89.6,11.9,666.666666667,1360.434,0
1751,64,69.7,8.2,666.666666667,804.067,0
1752,64,68.6,7.9,666.666666667,227.5,0
1753,64,96.1,11.5,666.666666667,1364.634,0
1754,64,84.7,8.7,666.666666667,818.267,0
1755,64,80.1,8.4,666.666666667,260,0
1756,64,90.4,10.8,666.666666667,1367.334,0
1757,64,82.2,8.2,666.666666667,814.867,0
1758,64,81.9,8.3,666.666666667,254.1,0
1759,64,91.2,11,666.666666667,1365.434,0
1760,64,65.5,8.6,666.666666667,813.367,0
1761,64,57.4,6.8,666.666666667,229.1,0
1762,64,67,7.8,666.666666667,1379.634,0
1763,64,55.7,6.8,666.666666667,796.467,0
1764,64,56,6.7,666.666666667,201.8,0
1765,64,63.2,7.6,666.666666667,859.934,0
1766,64,54.2,5.5,666.666666667,272.967,0
1767,64,61.2,7.7,666.666666667,1252.7,0
1768,64,57.2,8.1,666.666666667,663.434,0
1769,64,70.7,10.1,666.666666667,72.867,0
1770,64,91.2,10.5,666.666666667,1286.9,1
1771,64,79.5,8.6,666.666666667,735.334,0
1772,64,78.7,8,666.666666667,170.867,0
1773,64,63.5,8.2,666.666666667,1260.8,0
1774,64,54.3,5.6,666.666666667,674.234,0
1775,64,53.8,5.5,666.666666667,77.967,0
1776,64,60,7.2,666.666666667,1258.7,0
1777,64,57.6,8.1,666.666666667,668.434,0
1778,64,54.2,5.6,666.666666667,76.767,0
1779,64,98.4,11.5,666.666666667,1269.1,0
1780,64,92.6,10.8,666.666666667,724.734,0
1781,64,91.2,10.7,666.666666667,174.367,0
1782,64,82.5,11.7,666.666666667,1263,0
1783,64,80.2,10.1,666.666666667,695.334,0
1784,64,64,9.1,666.666666667,132.067,0
1785,64,106,45.8,666.666666667,1260.4,0
1786,64,56.9,6.9,666.666666667,716.234,0
1787,64,55.4,6.7,666.666666667,122.867,0
1788,64,64.1,7.9,666.666666667,1258.1,0
1789,64,54.4,5.6,666.666666667,672.134,0
1790,64,53.7,5.5,666.666666667,76.267,0
1791,64,95.3,11.8,666.666666667,1270.8,0
1792,64,87.2,11,666.666666667,723.134,0
1793,64,77.8,9.9,666.666666667,167.567,0
1794,64,83.2,9.8,666.666666667,1266.5,0
1795,64,71.8,8.5,666.666666667,703.834,0
1796,64,70.2,8.2,666.666666667,129.167,0
1797,64,64.7,7.6,666.666666667,1258.8,0
1798,64,54.8,5.5,666.666666667,673.734,0
1799,64,54.2,5.4,666.666666667,78.467,0
1800,64,62.2,8,666.666666667,1272.1,1
1801,64,53.7,5.4,666.666666667,684.334,0
1802,64,53.8,5.6,666.666666667,87.767,0
1803,64,90,11.7,666.666666667,1265.9,0
1804,64,80.6,8.1,666.666666667,714.334,0
1805,64,80.5,8.1,666.666666667,153.267,0
1806,64,75.7,9.7,666.666666667,1262.5,0
1807,64,67.4,6.9,666.666666667,692.034,0
1808,64,67.1,6.8,666.666666667,112.867,0
1809,64,62.3,8.1,666.666666667,1259.5,0
1810,64,54.7,5.7,666.666666667,671.834,0
1811,64,54,5.4,666.666666667,76.567,0
1812,64,69.5,7.2,666.666666667,1259.6,0
1813,64,68.1,7,666.666666667,683.134,0
1814,64,67.9,6.8,666.666666667,105.067,0
1815,64,136.1,17.1,666.666666667,1274.6,0
1816,64,108.2,13.4,666.666666667,774.234,0
1817,64,79.2,10.5,666.666666667,235.967,0
1818,64,112.2,14.1,666.666666667,1265.4,0
1819,64,86.8,10.7,666.666666667,735.534,0
1820,64,86.1,10.4,666.666666667,179.867,0
1821,64,79,11.3,666.666666667,1266,0
1822,64,54.6,5.6,666.666666667,694.434,0
1823,64,54.2,5.5,666.666666667,98.267,0
1824,64,92.1,11.4,666.666666667,1268.4,0
1825,64,80.9,8.3,666.666666667,718.634,0
1826,64,80.5,8.3,666.666666667,156.867,0
1827,64,64.9,7.9,666.666666667,1258.5,0
1828,64,56.3,6.8,666.666666667,673.434,0
1829,64,56.1,6.7,666.666666667,79.667,0
1830,64,71.8,10.2,666.666666667,1277.7,1
1831,64,57,6.7,666.666666667,703.134,0
1832,64,56.5,6.7,666.666666667,109.567,0
1833,64,61.8,7.5,666.666666667,1255.2,0
1834,64,54.9,5.8,666.666666667,666.934,0
1835,64,54.4,5.6,666.666666667,71.267,0
1836,64,91.2,11.4,666.666666667,1264.7,0
1837,64,82,8.4,666.666666667,714.034,0
1838,64,80.9,8.4,666.666666667,153.967,0
1839,64,71.3,7.6,666.666666667,1259.9,0
1840,64,67.7,6.8,666.666666667,685.034,0
1841,64,67.4,6.9,666.666666667,106.367,0
1842,64,78.2,9.8,666.666666667,1261.8,0
1843,64,68.7,7.1,666.666666667,694.534,0
1844,64,68.2,7,666.666666667,117.167,0
1845,64,76.6,9.7,666.666666667,1262,0
1846,64,67.7,6.9,666.666666667,692.534,0
1847,64,67.3,6.9,666.666666667,113.967,0
1848,64,71.2,7.7,666.666666667,1260,0
1849,64,67.1,6.8,666.666666667,684.834,0
1850,64,67.1,6.9,666.666666667,105.567,0
1851,64,286.3,78.3,666.666666667,1259.3,0
1852,64,110.7,13.4,666.666666667,908.534,0
1853,64,108,12.6,666.666666667,381.067,0
1854,64,109.5,13.7,666.666666667,1267.1,0
1855,64,89.7,10.8,666.666666667,734.634,0
1856,64,85.4,10.5,666.666666667,181.567,0
1857,64,70.3,9.5,666.666666667,1260.4,0
1858,64,56,6.7,666.666666667,680.434,0
1859,64,56.1,6.6,666.666666667,86.167,0
1860,64,63.6,7.7,666.666666667,1272.1,1
1861,64,54,5.5,666.666666667,685.634,0
1862,64,53.8,5.4,666.666666667,88.967,0
1863,64,98.2,11.3,666.666666667,1266.4,0
1864,64,87.5,10,666.666666667,722.834,0
1865,64,87,10,666.666666667,168.167,0
1866,64,64.7,7.5,666.666666667,1258.2,0
1867,64,55.2,5.6,666.666666667,672.634,0
1868,64,59.5,8,666.666666667,77.567,0
1869,64,76.7,9.9,666.666666667,1260.8,0
1870,64,68.5,7,666.666666667,691.734,0
1871,64,68,6.8,666.666666667,114.167,0
1872,64,82.9,8.5,666.666666667,1263.3,0
1873,64,80.8,8.1,666.666666667,703.834,0
1874,64,81,8.1,666.666666667,142.667,0
1875,64,169,29.7,666.666666667,1281.7,0
1876,64,82.9,8.7,666.666666667,812.334,0
1877,64,81.4,8.3,666.666666667,253.567,0
1878,64,77.2,9.7,666.666666667,1259.6,0
1879,64,67.6,6.8,666.666666667,690.634,0
1880,64,67.5,6.9,666.666666667,111.867,0
1881,64,85.4,9,666.666666667,1264.2,0
1882,64,81.9,8.4,666.666666667,707.834,0
1883,64,81.7,8.3,666.666666667,147.767,0
1884,64,88.8,11,666.666666667,1263.8,0
1885,64,86.3,10.4,666.666666667,710.634,0
1886,64,85.6,10.2,666.666666667,155.067,0
1887,64,70.6,8,666.666666667,1267.4,0
1888,64,59.4,6.9,666.666666667,687.734,0
1889,64,58.6,6.6,666.666666667,96.867,0
1890,64,67.3,8.8,666.666666667,1268.3,1
1891,64,57.6,7,666.666666667,685.534,0
1892,64,198.1,147.9,666.666666667,93.067,0
1893,64,63.5,7.8,666.666666667,1258.4,0
1894,64,54.5,5.6,666.666666667,671.734,0
1895,64,53.8,5.6,666.666666667,75.967,0
1896,64,81.4,9.5,666.666666667,1263.4,0
1897,64,73.3,8.4,666.666666667,698.634,0
1898,64,72.4,8.5,666.666666667,125.667,0
1899,64,146.6,22.7,666.666666667,1303.1,0
1900,64,121.5,12.4,666.666666667,817.734,0
1901,64,121.8,12.2,666.666666667,308.067,0
1902,64,76.1,9.5,666.666666667,1265.5,0
1903,64,67.4,6.8,666.666666667,695.834,0
1904,64,67.1,6.8,666.666666667,116.967,0
1905,64,76.7,9.8,666.666666667,1258.5,0
1906,64,68.1,7,666.666666667,689.434,0
1907,64,67.4,6.9,666.666666667,111.567,0
1908,64,69,7,666.666666667,1256.8,0
1909,64,67.9,6.9,666.666666667,679.934,0
1910,64,67.8,6.9,666.666666667,101.767,0
1911,64,69.3,7.2,666.666666667,1257.1,0
1912,64,68.2,6.9,666.666666667,680.434,0
1913,64,67.7,6.9,666.666666667,102.667,0
1914,64,69.3,7.2,666.666666667,1261.9,0
1915,64,68,7,666.666666667,685.434,0
1916,64,68,6.9,666.666666667,107.367,0
1917,64,86.2,8.8,666.666666667,1051.6,0
1918,64,57.2,5.8,666.666666667,492.734,0
1919,64,69.3,8.9,666.666666667,1227.567,0
1920,64,61.1,7.1,666.666666667,660,1
1921,64,59.6,6.9,666.666666667,71.634,0
1922,64,138.7,17.1,666.666666667,1260.567,0
1923,64,114.4,13.8,666.666666667,764.4,0
1924,64,113.9,13.1,666.666666667,241.734,0
1925,64,67.2,8,666.666666667,1221.467,0
1926,64,54.3,5.5,666.666666667,638.3,0
1927,64,54.6,5.5,666.666666667,41.634,0
1928,64,61.1,7.4,666.666666667,1222.467,0
1929,64,53.8,5.4,666.666666667,632.9,0
1930,64,53.7,5.4,666.666666667,36.134,0
1931,64,68.9,8,666.666666667,1217.667,0
1932,64,61.8,7.3,666.666666667,637,0
1933,64,60.5,7,666.666666667,49.034,0
1934,64,65.2,7.5,666.666666667,1219.267,0
1935,64,58.6,7,666.666666667,634.6,0
1936,64,57,6,666.666666667,43.734,0
1937,64,72.2,7.6,666.666666667,1218.667,0
1938,64,67.5,6.8,666.666666667,644.7,0
1939,64,67.7,6.8,666.666666667,65.934,0
1940,64,57.4,6,666.666666667,1214.367,0
1941,64,56.3,5.6,666.666666667,621.9,0
1942,64,57.1,5.8,666.666666667,28.434,0
1943,64,64,8.2,666.666666667,1216.967,0
1944,64,56.2,5.7,666.666666667,631.4,0
1945,64,56.2,5.7,666.666666667,37.834,0
1946,64,84.1,8.7,666.666666667,1241.267,0
1947,64,57,6,666.666666667,681.2,0
1948,64,55.9,5.6,666.666666667,88.534,0
1949,64,63.5,8,666.666666667,1222.667,0
1950,64,56.3,5.7,666.666666667,650.6,1
1951,64,55.9,5.6,666.666666667,57.034,0
1952,64,75.2,9.7,666.666666667,1229.467,0
1953,64,67.9,6.9,666.666666667,658.6,0
1954,64,67.1,6.9,666.666666667,80.234,0
1955,64,93.8,11.5,666.666666667,1233.667,0
1956,64,85.9,10.9,666.666666667,684.7,0
1957,64,84.2,10.6,666.666666667,127.534,0
1958,64,106.6,12.6,666.666666667,1230.167,0
1959,64,100.2,11.4,666.666666667,695.3,0
1960,64,98.4,11,666.666666667,153.934,0
1961,64,69.9,7.6,666.666666667,1218.467,0
1962,64,55.1,5.7,666.666666667,638.3,0
1963,64,55,5.8,666.666666667,43.334,0
1964,64,61.6,7.7,666.666666667,1230.067,0
1965,64,53.7,5.4,666.666666667,641.4,0
1966,64,54,5.6,666.666666667,44.734,0
1967,64,95.4,11.5,666.666666667,1233.067,0
1968,64,91.3,10.8,666.666666667,685.4,0
1969,64,90.1,10.6,666.666666667,134.334,0
1970,64,82.4,9.6,666.666666667,1230.667,0
1971,64,68.1,6.9,666.666666667,667.4,0
1972,64,68,6.9,666.666666667,89.534,0
1973,64,74.5,9.1,666.666666667,736.967,0
1974,64,67.5,6.9,666.666666667,165.2,0
1975,64,89.9,11.3,666.666666667,1408.334,0
1976,64,81,8.2,666.666666667,856.267,0
1977,64,80.9,8.5,666.666666667,295.1,0
1978,64,88.3,10.3,666.666666667,1407.434,0
1979,64,80.3,8.3,666.666666667,853.267,0
1980,64,80.6,8.3,666.666666667,304.9,1
1981,64,82.6,8.4,666.666666667,1406.134,0
1982,64,81.4,8.3,666.666666667,846.567,0
1983,64,81.2,8.4,666.666666667,285.9,0
1984,64,82.6,8.5,666.666666667,1406.734,0
1985,64,81.4,8.2,666.666666667,847.667,0
1986,64,81.3,8.3,666.666666667,287.1,0
1987,64,86.1,10.9,666.666666667,1925.034,0
1988,64,83.8,10.3,666.666666667,1369.267,0
1989,64,82.9,10,666.666666667,811.2,0
1990,64,83.5,10.4,666.666666667,251.934,0
1991,64,135.6,18.6,666.666666667,1470.667,0
1992,64,121.5,14,666.666666667,970.9,0
1993,64,117.3,13,666.666666667,456.434,0
1994,64,71.2,9.2,666.666666667,1241.367,0
1995,64,54.4,5.5,666.666666667,662.3,0
1996,64,54.1,5.6,666.666666667,66.234,0
1997,64,61.7,7.8,666.666666667,1239.367,0
1998,64,53.9,5.5,666.666666667,651,0
1999,64,53.9,5.4,666.666666667,54.534,0
2000,64,68.2,7,666.666666667,1240.467,0
2001,64,66.8,6.7,666.666666667,662.2,0
2002,64,66.7,6.7,666.666666667,82.634,0
2003,64,89.6,10.5,666.666666667,1249.367,0
2004,64,86.3,10,666.666666667,696.8,0
2005,64,85.9,9.8,666.666666667,140.934,0
2006,64,67.5,7.9,666.666666667,744.967,0
2007,64,55.4,5.6,666.666666667,162.3,0
2008,64,69.3,7.4,666.666666667,934.534,0
2009,64,67.5,6.8,666.666666667,357.567,0
2010,64,71.6,8.1,666.666666667,1615,1
2011,64,67.7,6.9,666.666666667,1040.334,0
2012,64,67.7,6.8,666.666666667,461.767,0
2013,64,68.3,7,666.666666667,1601.4,0
2014,64,67.5,6.8,666.666666667,1023.334,0
2015,64,67.4,6.7,666.666666667,444.767,0
2016,64,76,9.9,666.666666667,1609.4,0
2017,64,67.2,6.7,666.666666667,1039.634,0
2018,64,66.8,6.8,666.666666667,460.867,0
2019,64,60.5,7.7,666.666666667,1603.2,0
2020,64,54.6,6,666.666666667,1013.434,0
2021,64,54.1,5.4,666.666666667,417.667,0
2022,64,76.2,9.7,666.666666667,1613.9,0
2023,64,67.4,6.9,666.666666667,1044.034,0
2024,64,67.1,6.8,666.666666667,465.267,0
2025,64,128.1,14.6,666.666666667,1619.2,0
2026,64,124.8,13.8,666.666666667,1112.134,0
2027,64,121.6,13.3,666.666666667,601.367,0
2028,64,126.1,13.9,666.666666667,87.5,0
2029,64,62.3,8.9,666.666666667,931.634,0
2030,64,54.7,5.8,666.666666667,343.567,0
2031,64,70,7.2,666.666666667,1638,0
2032,64,67.5,7,666.666666667,1061.434,0
2033,64,68.5,7,666.666666667,482.667,0
2034,64,58.2,6,666.666666667,1597.6,0
2035,64,57.1,5.9,666.666666667,1005.734,0
2036,64,57.1,5.8,666.666666667,413.067,0
2037,64,102,12.1,666.666666667,1625.8,0
2038,64,91,10.4,666.666666667,1086.734,0
2039,64,90.2,10.4,666.666666667,536.067,0
2040,64,70.2,8.3,666.666666667,1619,1
2041,64,56.4,5.7,666.666666667,1039.934,0
2042,64,56.3,5.9,666.666666667,446.767,0
2043,64,64.6,8.1,666.666666667,1603.1,0
2044,64,57.2,6,666.666666667,1018.134,0
2045,64,56.5,5.8,666.666666667,425.967,0
2046,64,69.7,7.3,666.666666667,1604.5,0
2047,64,68.6,7.1,666.666666667,1028.334,0
2048,64,70.6,7.3,666.666666667,450.967,0
2049,64,60.3,7,666.666666667,1601,0
2050,64,56.9,5.8,666.666666667,1011.934,0
2051,64,56.6,5.9,666.666666667,419.467,0
2052,64,57.7,6,666.666666667,1600.9,0
2053,64,56.8,5.8,666.666666667,1009.334,0
2054,64,56.7,5.8,666.666666667,416.867,0
2055,64,59,6,666.666666667,1602.8,0
2056,64,57.1,5.8,666.666666667,1012.134,0
2057,64,56.9,5.9,666.666666667,419.767,0
2058,64,109.2,12.5,666.666666667,1617.1,0
2059,64,99.9,10.9,666.666666667,1085.334,0
2060,64,103.3,11.2,666.666666667,543.567,0
2061,64,130.5,15,666.666666667,1621.6,0
2062,64,103.5,13.2,666.666666667,1116.734,0
2063,64,103.6,10.5,666.666666667,585.067,0
2064,64,80.7,8.1,666.666666667,52.9,0
2065,64,62,7.8,666.666666667,1447.334,0
2066,64,53.8,5.4,666.666666667,859.267,0
2067,64,53.8,5.5,666.666666667,262.7,0
2068,64,100.4,11.9,666.666666667,1455.534,0
2069,64,89.9,10.7,666.666666667,913.267,0
2070,64,89.1,10.7,666.666666667,378.7,1
2071,64,96.3,11.3,666.666666667,1452.834,0
2072,64,82.3,8.3,666.666666667,906.267,0
2073,64,81.6,8.2,666.666666667,345.7,0
2074,64,62.1,7.8,666.666666667,1446.534,0
2075,64,54.8,5.6,666.666666667,858.567,0
2076,64,54.5,5.5,666.666666667,263.2,0
2077,64,64.8,11.6,666.666666667,1447.034,0
2078,64,53.9,5.5,666.666666667,861.567,0
2079,64,53.5,5.4,666.666666667,265,0
2080,64,89.2,11.2,666.666666667,1454.734,0
2081,64,80,8,666.666666667,902.167,0
2082,64,79.7,8.1,666.666666667,339.9,0
2083,64,62.5,7.9,666.666666667,1446.834,0
2084,64,54.9,5.6,666.666666667,858.967,0
2085,64,54.4,5.7,666.666666667,263.7,0
2086,64,65.2,8.1,666.666666667,949.134,0
2087,64,75.6,8.1,666.666666667,371.267,0
2088,64,75.3,9.6,666.666666667,1626.2,0
2089,64,67.3,6.8,666.666666667,1054.834,0
2090,64,67,6.8,666.666666667,475.967,0
2091,64,67.2,10.6,666.666666667,1639.2,0
2092,64,54.7,5.7,666.666666667,1056.334,0
2093,64,54,5.5,666.666666667,460.767,0
2094,64,77.3,9.6,666.666666667,1629.8,0
2095,64,70,8.9,666.666666667,1060.834,0
2096,64,69.7,8.6,666.666666667,484.367,0
2097,64,90.1,11.2,666.666666667,1627.6,0
2098,64,77.9,8.5,666.666666667,1071.734,0
2099,64,77.1,8.3,666.666666667,503.267,0
2100,64,70.9,9.3,666.666666667,1629.7,1
2101,64,54.5,5.6,666.666666667,1050.634,0
2102,64,55.1,5.7,666.666666667,454.467,0
2103,64,95.8,11.2,666.666666667,1633.8,0
2104,64,88.3,10.4,666.666666667,1088.034,0
2105,64,87.6,10,666.666666667,534.667,0
2106,64,80.1,9.1,666.666666667,1623.9,0
2107,64,68.9,7,666.666666667,1058.134,0
2108,64,68.5,6.9,666.666666667,480.767,0
2109,64,69,7.1,666.666666667,1622.3,0
2110,64,67.7,6.9,666.666666667,1045.234,0
2111,64,67.9,7,666.666666667,467.067,0
2112,64,75.6,9.6,666.666666667,1640.1,0
2113,64,67.5,6.8,666.666666667,1069.534,0
2114,64,67.8,7,666.666666667,490.767,0
2115,64,82.6,8.8,666.666666667,1621.4,0
2116,64,83,8.7,666.666666667,1060.734,0
2117,64,64.6,8.6,666.666666667,500.667,0
2118,64,76.4,9.7,666.666666667,1629.3,0
2119,64,68.5,6.9,666.666666667,1059.634,0
2120,64,68.3,6.9,666.666666667,481.967,0
2121,64,62.4,7.9,666.666666667,1629.1,0
2122,64,54.3,5.6,666.666666667,1041.334,0
2123,64,53.9,5.5,666.666666667,445.467,0
2124,64,71.9,7.6,666.666666667,1628.7,0
2125,64,67.9,6.9,666.666666667,1054.434,0
2126,64,67.8,7,666.666666667,476.267,0
2127,64,71.3,9.4,666.666666667,1136.3,0
2128,64,70.3,8.6,666.666666667,561.734,0
2129,64,98.5,13,666.666666667,1810.667,0
2130,64,95.1,10.8,666.666666667,1281.5,1
2131,64,93.5,10.8,666.666666667,735.034,0
2132,64,94,11,666.666666667,186.767,0
2133,64,82.4,10.2,666.666666667,1149.4,0
2134,64,70.7,8.2,666.666666667,585.834,0
2135,64,87,9.9,666.666666667,1810.767,0
2136,64,78.4,8.9,666.666666667,1252.2,0
2137,64,73.5,8.5,666.666666667,684.534,0
2138,64,73.2,8.4,666.666666667,111.867,0
2139,64,60.9,7.7,666.666666667,1136.4,0
2140,64,54.9,5.8,666.666666667,547.034,0
2141,64,75.2,9.6,666.666666667,1805.967,0
2142,64,95.4,33.6,666.666666667,1234.5,0
2143,64,67.4,6.8,666.666666667,683.434,0
2144,64,66.8,6.7,666.666666667,104.867,0
2145,64,84.7,9.1,666.666666667,1148,0
2146,64,81.3,8.1,666.666666667,590.734,0
2147,64,81.3,8.4,666.666666667,29.867,0
2148,64,82.1,8.5,666.666666667,1141.2,0
2149,64,81,8.2,666.666666667,581.334,0
2150,64,82.5,8.4,666.666666667,1808.667,0
2151,64,81.1,8.2,666.666666667,1249.2,0
2152,64,81,8.1,666.666666667,688.534,0
2153,64,80.9,8.1,666.666666667,127.667,0
2154,64,71.4,7.6,666.666666667,1137.7,0
2155,64,67.9,6.8,666.666666667,563.134,0
2156,64,62.8,7.9,666.666666667,1799.967,0
2157,64,54,5.5,666.666666667,1212.6,0
2158,64,53.4,5.4,666.666666667,616.134,0
2159,64,54.2,5.6,666.666666667,18.967,0
2160,64,75.5,9.7,666.666666667,1156.5,1
2161,64,67.2,6.7,666.666666667,586.034,0
2162,64,113.2,13.6,666.666666667,1817.067,0
2163,64,107.4,13.8,666.666666667,1292.7,0
2164,64,102.9,11.6,666.666666667,764.434,0
2165,64,103.7,11.8,666.666666667,229.167,0
2166,64,67.3,9.5,666.666666667,1136.7,0
2167,64,58.3,6.8,666.666666667,553.934,0
2168,64,66.7,8.2,666.666666667,1804.467,0
2169,64,58.4,7.3,666.666666667,1220.8,0
2170,64,54,5.6,666.666666667,629.034,0
2171,64,53.9,5.5,666.666666667,32.767,0
2172,64,99.4,11.5,666.666666667,1144.8,0
2173,64,87.2,10.1,666.666666667,602.834,0
2174,64,87.5,9.9,666.666666667,48.367,0
2175,64,69.2,8,666.666666667,1132.7,0
2176,64,57.2,5.9,666.666666667,552.334,0
2177,64,59.1,6.2,666.666666667,1302.467,0
2178,64,56.4,5.8,666.666666667,711.8,0
2179,64,57,5.8,666.666666667,118.534,0
2180,64,80.5,8.7,666.666666667,1878.767,0
2181,64,76.8,8.1,666.666666667,1316.1,0
2182,64,76.7,7.8,666.666666667,749.334,0
2183,64,77,7.8,666.666666667,182.467,0
2184,64,66.4,8.4,666.666666667,1212.5,0
2185,64,56.4,5.7,666.666666667,629.534,0
2186,64,56.6,5.8,666.666666667,36.167,0
2187,64,62.5,7.9,666.666666667,1214.1,0
2188,64,54.5,5.6,666.666666667,626.634,0
2189,64,53.5,5.4,666.666666667,30.767,0
2190,64,75.2,9.3,666.666666667,1248.5,1
2191,64,67.4,6.9,666.666666667,677.634,0
2192,64,67.3,6.9,666.666666667,98.867,0
2193,64,60.2,7.4,666.666666667,1216.9,0
2194,64,54.2,5.5,666.666666667,626.934,0
2195,64,54.2,5.6,666.666666667,30.567,0
2196,64,70.6,9.1,666.666666667,1217.1,0
2197,64,69.2,8.5,666.666666667,641.334,0
2198,64,69.3,8.3,666.666666667,64.167,0
2199,64,114.1,13.7,666.666666667,1225.1,0
2200,64,99.6,11.2,666.666666667,697.634,0
2201,64,98.4,10.9,666.666666667,169.567,0
2202,64,105.3,12.7,666.666666667,1226,0
2203,64,83.1,8.4,666.666666667,689.234,0
2204,64,82.2,8.4,666.666666667,130.167,0
2205,64,65.4,7.7,666.666666667,1214.8,0
2206,64,59.3,7.1,666.666666667,630.234,0
2207,64,58.2,6.7,666.666666667,38.967,0
2208,64,98.4,11.7,666.666666667,1221.4,0
2209,64,85.8,10.7,666.666666667,677.934,0
2210,64,81.6,8.3,666.666666667,121.567,0
2211,64,59.5,7.1,666.666666667,1212.2,0
2212,64,54.4,5.7,666.666666667,621.534,0
2213,64,54.1,5.6,666.666666667,25.567,0
2214,64,58.1,6.3,666.666666667,1211.5,0
2215,64,54.5,5.5,666.666666667,619.134,0
2216,64,55.1,5.8,666.666666667,23.067,0
2217,64,76.7,9.8,666.666666667,721,0
2218,64,68.2,6.8,666.666666667,151.934,0
2219,64,100.5,30.8,666.666666667,931.767,0
2220,64,68.4,7,666.666666667,402,1
2221,64,83.4,8.5,666.666666667,1601.734,0
2222,64,81.5,8.1,666.666666667,1043.367,0
2223,64,81.2,8.1,666.666666667,482.6,0
2224,64,83,8.4,666.666666667,1600.334,0
2225,64,81.3,8.2,666.666666667,1041.167,0
2226,64,81.7,8.3,666.666666667,480.5,0
2227,64,82.4,8.4,666.666666667,1600.534,0
2228,64,81.6,8.2,666.666666667,1041.267,0
2229,64,81.5,8.3,666.666666667,480.7,0
2230,64,118.2,22.5,666.666666667,1621.334,0
2231,64,85.9,9.7,666.666666667,1101.867,0
2232,64,78.1,13.3,666.666666667,542,0
2233,64,77.5,9.6,666.666666667,1600.534,0
2234,64,71.1,9,666.666666667,1031.767,0
2235,64,69.6,8.4,666.666666667,456.3,0
2236,64,106.9,13,666.666666667,1114.734,0
2237,64,96.6,10.8,666.666666667,579.267,0
2238,64,94.8,10.8,666.666666667,33.2,0
2239,64,64.6,7.3,666.666666667,712.834,0
2240,64,55.4,5.7,666.666666667,127.167,0
2241,64,98.3,11.3,666.666666667,1400.3,0
2242,64,87.8,10.2,666.666666667,856.834,0
2243,64,87.1,9.8,666.666666667,302.767,0
2244,64,66.7,7.6,666.666666667,1383.6,0
2245,64,54.7,5.6,666.666666667,800.034,0
2246,64,54.7,5.6,666.666666667,204.167,0
2247,64,71.7,7.8,666.666666667,1387.9,0
2248,64,69.1,7,666.666666667,812.634,0
2249,64,68.5,7,666.666666667,235.167,0
2250,64,82.4,8.5,666.666666667,1403.6,1
2251,64,81.9,8.3,666.666666667,843.234,0
2252,64,81.9,8.3,666.666666667,282.567,0
2253,64,82.8,8.4,666.666666667,1390.6,0
2254,64,81.7,8.3,666.666666667,830.634,0
2255,64,81.6,8.3,666.666666667,269.867,0
2256,64,62,7.9,666.666666667,1391.9,0
2257,64,53.9,5.5,666.666666667,803.634,0
2258,64,54.4,5.6,666.666666667,207.167,0
2259,64,90.5,10.3,666.666666667,1393,0
2260,64,84.1,8.6,666.666666667,841.934,0
2261,64,84.5,8.6,666.666666667,284.467,0
2262,64,91.2,11.4,666.666666667,1393,0
2263,64,81.2,8.4,666.666666667,842.034,0
2264,64,80.7,8.4,666.666666667,280.667,0
2265,64,60.7,7.4,666.666666667,1381.2,0
2266,64,57.2,7.2,666.666666667,792.034,0
2267,64,56.5,6.8,666.666666667,199.067,0
2268,64,65.4,8.2,666.666666667,900.9,0
2269,64,59.4,7.4,666.666666667,316.934,0
2270,64,70.2,9.4,666.666666667,1559.567,0
2271,64,61.3,6.7,666.666666667,979.6,0
2272,64,61.2,6.9,666.666666667,390.434,0
2273,64,68.8,7.9,666.666666667,1560.167,0
2274,64,55.7,5.7,666.666666667,979,0
2275,64,54.7,5.5,666.666666667,384.534,0
2276,64,65.1,7.4,666.666666667,1555.167,0
2277,64,57.5,6.7,666.666666667,970.1,0
2278,64,83.7,10.4,666.666666667,377.234,0
2279,64,69.7,8.3,666.666666667,1565.367,0
2280,64,56.7,5.8,666.666666667,997.6,1
2281,64,56.1,7.1,666.666666667,406.634,0
2282,64,61.5,8.1,666.666666667,1554.767,0
2283,64,53.9,5.4,666.666666667,966.1,0
2284,64,64,6.7,666.666666667,369.534,0
2285,64,56.7,5.8,666.666666667,1554.667,0
2286,64,55.9,5.8,666.666666667,961.5,0
2287,64,64.8,8.2,666.666666667,367.734,0
2288,64,56.8,5.9,666.666666667,1064.067,0
2289,64,55.8,5.6,666.666666667,471.1,0
2290,64,76.6,7.9,666.666666667,1496.334,0
2291,64,75.1,7.5,666.666666667,929.167,0
2292,64,75.9,7.7,666.666666667,360,0
2293,64,74.7,9.6,666.666666667,1492.934,0
2294,64,67.8,6.9,666.666666667,922.267,0
2295,64,68,7,666.666666667,344.1,0
2296,64,76.1,9.9,666.666666667,1490.734,0
2297,64,68,7,666.666666667,920.767,0
2298,64,66.9,6.8,666.666666667,342.6,0
2299,64,57.4,6,666.666666667,1490.834,0
2300,64,56.5,5.9,666.666666667,898.367,0
2301,64,55.9,5.7,666.666666667,304.9,0
2302,64,140.8,44,666.666666667,1062.734,0
2303,64,90.6,12.1,666.666666667,561.867,0
2304,64,80.8,10.2,666.666666667,1668.2,0
2305,64,74.4,8.8,666.666666667,1103.334,0
2306,64,72.6,8.3,666.666666667,532.167,0
2307,64,104.8,13.1,666.666666667,1670.9,0
2308,64,91.8,10.8,666.666666667,1133.134,0
2309,64,88.5,10.3,666.666666667,581.767,0
2310,64,88.2,10.4,666.666666667,39.7,1
2311,64,63.5,7.7,666.666666667,998.534,0
2312,64,56.6,7,666.666666667,411.967,0
2313,64,66.8,7.9,666.666666667,1674.5,0
2314,64,59.7,7.1,666.666666667,1091.434,0
2315,64,57.2,6.7,666.666666667,500.867,0
2316,64,65,7.9,666.666666667,1663.7,0
2317,64,54.7,5.7,666.666666667,1078.534,0
2318,64,53.7,5.4,666.666666667,482.667,0
2319,64,62.1,7.9,666.666666667,1663.1,0
2320,64,54.6,5.5,666.666666667,1075.134,0
2321,64,54.3,5.7,666.666666667,479.167,0
2322,64,68.8,7.1,666.666666667,1664.9,0
2323,64,67.9,7,666.666666667,1087.534,0
2324,64,67.6,6.9,666.666666667,509.167,0
2325,64,108.1,15.4,666.666666667,1665.7,0
2326,64,71.4,8.8,666.666666667,1136.834,0
2327,64,68.7,7,666.666666667,561.867,0
2328,64,75.4,9.7,666.666666667,1668.3,0
2329,64,67.5,6.9,666.666666667,1097.934,0
2330,64,67.7,6.9,666.666666667,519.267,0
2331,64,68.5,7.1,666.666666667,1665.5,0
2332,64,67.9,7.1,666.666666667,1087.834,0
2333,64,67.9,6.9,666.666666667,509.867,0
2334,64,93.6,11.6,666.666666667,1672.6,0
2335,64,85.9,10.6,666.666666667,1124.434,0
2336,64,83.7,9.9,666.666666667,568.167,0
2337,64,80.1,11.5,666.666666667,1669.3,0
2338,64,69.7,8.7,666.666666667,1103.634,0
2339,64,66.7,6.9,666.666666667,526.967,0
2340,64,97.8,18,666.666666667,1712,1
2341,64,88.9,10.9,666.666666667,1166.634,0
2342,64,57.9,6.8,666.666666667,605.367,0
2343,64,68.9,8,666.666666667,1664.4,0
2344,64,58,6.7,666.666666667,1083.334,0
2345,64,57.4,6.5,666.666666667,490.967,0
2346,64,99.3,11.3,666.666666667,1687,0
2347,64,84.6,10.1,666.666666667,1144.434,0
2348,64,83.4,10.2,666.666666667,586.667,0
2349,64,72.9,8.6,666.666666667,27.8,0
2350,64,62.9,7.8,666.666666667,997.434,0
2351,64,57.3,6.9,666.666666667,410.167,0
2352,64,63.5,7.4,666.666666667,1662.7,0
2353,64,57.9,7,666.666666667,1075.834,0
2354,64,56.3,6.8,666.666666667,482.867,0
2355,64,60.1,7.6,666.666666667,1663.2,0
2356,64,53.8,5.4,666.666666667,1072.534,0
2357,64,53.2,5.3,666.666666667,475.367,0
2358,64,68.1,7,666.666666667,1665.1,0
2359,64,67.8,6.7,666.666666667,1087.134,0
2360,64,67.8,6.9,666.666666667,508.667,0
2361,64,69.3,7.1,666.666666667,1665,0
2362,64,68.1,7.1,666.666666667,1088.134,0
2363,64,68,6.9,666.666666667,510.067,0
2364,64,59.2,6.4,666.666666667,1662.1,0
2365,64,54.7,5.5,666.666666667,1071.134,0
2366,64,54.5,5.5,666.666666667,475.467,0
2367,64,74.7,9.6,666.666666667,1668.3,0
2368,64,67.2,6.8,666.666666667,1096.734,0
2369,64,66.6,6.7,666.666666667,517.767,0
2370,64,78,9.7,666.666666667,1681.9,1
2371,64,70,8.7,666.666666667,1113.734,0
2372,64,69.8,8.6,666.666666667,537.967,0
2373,64,95.9,13,666.666666667,1675.5,0
2374,64,86.3,10.1,666.666666667,1128.434,0
2375,64,86.7,10.1,666.666666667,571.667,0
2376,64,71.4,9.5,666.666666667,1665.9,0
2377,64,59.9,6.7,666.666666667,1087.034,0
2378,64,58.6,6.6,666.666666667,496.667,0
2379,64,63.3,7.3,666.666666667,1664.2,0
2380,64,56,6.6,666.666666667,1077.134,0
2381,64,56,6.7,666.666666667,482.667,0
2382,64,67,7.6,666.666666667,1662.4,0
2383,64,58.2,7,666.666666667,1079.034,0
2384,64,56.8,6.6,666.666666667,486.667,0
2385,64,74.6,8.7,666.666666667,1664.1,0
2386,64,67.7,6.9,666.666666667,1092.334,0
2387,64,67.9,7,666.666666667,513.767,0
2388,64,70.1,7.2,666.666666667,1662.6,0
2389,64,68.6,7,666.666666667,1086.634,0
2390,64,68.9,7.1,666.666666667,509.267,0
2391,64,93.9,11.9,666.666666667,1682.7,0
2392,64,86.5,8.8,666.666666667,1135.734,0
2393,64,85.5,8.7,666.666666667,581.167,0
2394,64,72.4,8.6,666.666666667,25.7,0
2395,64,64.2,8.1,666.666666667,994.634,0
2396,64,57.2,5.9,666.666666667,409.467,0
2397,64,62.4,7.7,666.666666667,1663,0
2398,64,56.4,5.8,666.666666667,1075.934,0
2399,64,56.5,5.9,666.666666667,482.567,0
2400,64,89.6,11.4,666.666666667,1689.4,1
2401,64,81.3,8.3,666.666666667,1137.534,0
2402,64,81.2,8.3,666.666666667,576.967,0
2403,64,91.9,11.1,666.666666667,1672.3,0
2404,64,83.2,10.1,666.666666667,1122.034,0
2405,64,82.5,9.9,666.666666667,563.067,0
2406,64,72.1,9,666.666666667,1667.9,0
2407,64,70.7,8.7,666.666666667,1093.834,0
2408,64,70.5,8.3,666.666666667,518.167,0
2409,64,68.2,8.2,666.666666667,1665.3,0
2410,64,60.9,6.9,666.666666667,1083.034,0
2411,64,59.4,6.6,666.666666667,493.867,0
2412,64,68,8.1,666.666666667,1660.4,0
2413,64,55,5.5,666.666666667,1078.334,0
2414,64,54.9,5.5,666.666666667,483.167,0
2415,64,91.9,10.8,666.666666667,1673.3,0
2416,64,91.3,10.5,666.666666667,1124.734,0
2417,64,90.8,10.6,666.666666667,575.467,0
2418,64,87.1,10.4,666.666666667,25.3,0
2419,64,63.3,7.8,666.666666667,994.434,0
2420,64,54.3,5.6,666.666666667,407.567,0
2421,64,63.7,8.1,666.666666667,1668.3,0
2422,64,56.1,5.7,666.666666667,1082.534,0
2423,64,55.9,5.6,666.666666667,489.067,0
2424,64,76,9.6,666.666666667,1665.6,0
2425,64,68.8,7.1,666.666666667,1095.534,0
2426,64,68.1,6.8,666.666666667,518.667,0
2427,64,68.8,7.1,666.666666667,1663.1,0
2428,64,67.9,6.9,666.666666667,1086.034,0
2429,64,67.6,6.7,666.666666667,507.767,0
2430,64,68.9,7.1,666.666666667,1674.9,1
2431,64,67.6,7.1,666.666666667,1097.834,0
2432,64,67.5,6.7,666.666666667,519.367,0
2433,64,70.6,7.6,666.666666667,1663.3,0
2434,64,67.8,6.8,666.666666667,1088.034,0
2435,64,67.2,6.8,666.666666667,509.867,0
2436,64,89.7,11.3,666.666666667,1681.9,0
2437,64,83.6,10.6,666.666666667,1129.234,0
2438,64,82.8,10.3,666.666666667,570.467,0
2439,64,99.5,13.9,666.666666667,1689.8,0
2440,64,86.4,10.3,666.666666667,1147.634,0
2441,64,84.8,9.9,666.666666667,591.767,0
2442,64,74.1,10.3,666.666666667,34.2,0
2443,64,77,9.4,666.666666667,1003.234,0
2444,64,70.2,8.5,666.666666667,434.167,0
2445,64,101.9,11.9,666.666666667,1675.7,0
2446,64,96,11.1,666.666666667,1136.734,0
2447,64,96.1,11.3,666.666666667,592.267,0
2448,64,91.9,10.9,666.666666667,46.1,0
2449,64,99.5,11.7,666.666666667,1007.934,0
2450,64,90.1,10.6,666.666666667,464.767,0
2451,64,66.6,7.8,666.666666667,1678.1,0
2452,64,59.2,7.2,666.666666667,1094.634,0
2453,64,54.3,5.6,666.666666667,503.367,0
2454,64,58.9,6.5,666.666666667,1661.8,0
2455,64,55.1,5.8,666.666666667,1070.734,0
2456,64,55.4,5.8,666.666666667,475.767,0
2457,64,90.7,11.4,666.666666667,1676.8,0
2458,64,82.1,8.4,666.666666667,1125.634,0
2459,64,81.4,8.4,666.666666667,565.367,0
2460,64,69.1,7.1,666.666666667,1683.6,1
2461,64,68.3,7,666.666666667,1106.534,0
2462,64,68.3,7.1,666.666666667,528.467,0
2463,64,59,6.5,666.666666667,1661.9,0
2464,64,55,5.9,666.666666667,1070.234,0
2465,64,54.5,5.5,666.666666667,474.867,0
2466,64,89.3,11.2,666.666666667,1677.1,0
2467,64,80.2,8.2,666.666666667,1124.234,0
2468,64,80,8.2,666.666666667,561.567,0
2469,64,75.7,9.7,666.666666667,1674.2,0
2470,64,67.8,6.9,666.666666667,1103.834,0
2471,64,67.3,7,666.666666667,525.067,0
2472,64,62.2,7.9,666.666666667,1178.1,0
2473,64,54.4,5.6,666.666666667,590.334,0
2474,64,89.7,11,666.666666667,1850.967,0
2475,64,83.1,10.1,666.666666667,1298.9,0
2476,64,81.9,9.7,666.666666667,739.734,0
2477,64,82.9,10.4,666.666666667,179.367,0
2478,64,95.4,11.6,666.666666667,1185.5,0
2479,64,86.6,10.4,666.666666667,638.834,0
2480,64,85.8,9.8,666.666666667,83.267,0
2481,64,66.2,7.7,666.666666667,1177.6,0
2482,64,59.2,6.7,666.666666667,593.634,0
2483,64,102.3,11.3,666.666666667,1852.067,0
2484,64,91.8,10.2,666.666666667,1312.5,0
2485,64,85.6,10.1,666.666666667,762.534,0
2486,64,85.6,10,666.666666667,206.267,0
2487,64,62,7.5,666.666666667,1173.8,0
2488,64,56.5,6.9,666.666666667,585.834,0
2489,64,91.7,11,666.666666667,1849.667,0
2490,64,84.7,10.9,666.666666667,1311.2,1
2491,64,256.3,182.8,666.666666667,753.634,0
2492,64,81.8,8.3,666.666666667,367.567,0
2493,64,77.5,9.8,666.666666667,1183.2,0
2494,64,67.9,6.9,666.666666667,614.534,0
2495,64,66.9,6.8,666.666666667,36.067,0
2496,64,61.9,7.7,666.666666667,1175.5,0
2497,64,53.9,5.5,666.666666667,587.234,0
2498,64,70.6,7.9,666.666666667,1845.667,0
2499,64,67.2,6.9,666.666666667,1270,0
2500,64,66.9,6.8,666.666666667,690.734,0
2501,64,67.5,6.9,666.666666667,111.667,0
2502,64,82.7,8.7,666.666666667,1181.6,0
2503,64,81.3,8.2,666.666666667,622.234,0
2504,64,81,8.2,666.666666667,61.767,0
2505,64,74.2,9.4,666.666666667,1194.2,0
2506,64,67.6,6.9,666.666666667,622.134,0
2507,64,67.2,7,666.666666667,43.367,0
2508,64,73.5,9.3,666.666666667,1181.8,0
2509,64,67.4,6.8,666.666666667,608.934,0
2510,64,67.3,6.8,666.666666667,29.867,0
2511,64,63.6,7.9,666.666666667,1179.3,0
2512,64,55.9,7,666.666666667,592.734,0
2513,64,131.2,15.2,666.666666667,1861.467,0
2514,64,122.9,13.5,666.666666667,1358.1,0
2515,64,119.9,13.4,666.666666667,845.934,0
2516,64,122.6,13.4,666.666666667,330.467,0
2517,64,96.6,11.4,666.666666667,1197.6,0
2518,64,81.1,9.9,666.666666667,650.834,0
2519,64,81,9.6,666.666666667,88.067,0
2520,64,65.1,7.4,666.666666667,707.2,1
2521,64,55.4,6.6,666.666666667,122.334,0
2522,64,65,7.6,666.666666667,1359.967,0
2523,64,57.5,7.3,666.666666667,774.8,0
2524,64,54.4,5.5,666.666666667,181.734,0
2525,64,91.4,11.4,666.666666667,1368.967,0
2526,64,81.7,8.4,666.666666667,818.1,0
2527,64,81,8.3,666.666666667,257.734,0
2528,64,85.9,9.4,666.666666667,1371.467,0
2529,64,80.9,8.2,666.666666667,815.1,0
2530,64,81.1,8.2,666.666666667,253.834,0
2531,64,74.7,9.2,666.666666667,1366.867,0
2532,64,67.1,6.9,666.666666667,795.4,0
2533,64,67.3,6.8,666.666666667,216.134,0
2534,64,61.9,7.9,666.666666667,1358.967,0
2535,64,54,5.5,666.666666667,770.5,0
2536,64,55.1,5.6,666.666666667,174.134,0
2537,64,57.3,5.9,666.666666667,1359.867,0
2538,64,56.2,5.8,666.666666667,767.5,0
2539,64,56.2,5.7,666.666666667,174.034,0
2540,64,63.2,8.1,666.666666667,1364.167,0
2541,64,56.5,5.8,666.666666667,777.9,0
2542,64,55.7,5.7,666.666666667,184.734,0
2543,64,78.5,9.7,666.666666667,1369.967,0
2544,64,70.1,8.5,666.666666667,802.8,0
2545,64,69.4,8.3,666.666666667,226.834,0
2546,64,102.9,14,666.666666667,1374.767,0
2547,64,90,10.5,666.666666667,835.7,0
2548,64,87.8,9.9,666.666666667,283.534,0
2549,64,91,21.2,666.666666667,1364.367,0
2550,64,57.2,6.7,666.666666667,815.5,1
2551,64,56.8,6.6,666.666666667,222.634,0
2552,64,66.9,7.6,666.666666667,866.867,0
2553,64,58.5,7,666.666666667,283.8,0
2554,64,67.3,7.8,666.666666667,1531.434,0
2555,64,59.7,7.3,666.666666667,948.867,0
2556,64,57.9,6.9,666.666666667,358.4,0
2557,64,88.8,10.7,666.666666667,1540.034,0
2558,64,81.7,8.2,666.666666667,987.167,0
2559,64,81.7,8.3,666.666666667,427.1,0
2560,64,82.8,8.4,666.666666667,1538.734,0
2561,64,81.3,8.1,666.666666667,979.767,0
2562,64,81.1,8.1,666.666666667,418.9,0
2563,64,74.9,9.4,666.666666667,1538.234,0
2564,64,66.9,6.7,666.666666667,967.067,0
2565,64,66.3,6.6,666.666666667,387.4,0
2566,64,88.7,10.6,666.666666667,1543.534,0
2567,64,81.9,8.2,666.666666667,989.367,0
2568,64,81.6,8.2,666.666666667,428.2,0
2569,64,75.1,9.8,666.666666667,1539.434,0
2570,64,68.4,7,666.666666667,968.267,0
2571,64,66.6,6.8,666.666666667,389.7,0
2572,64,81.3,8.5,666.666666667,1547.734,0
2573,64,80,8.2,666.666666667,986.367,0
2574,64,80.1,8.1,666.666666667,423.5,0
2575,64,71.8,9.4,666.666666667,1539.934,0
2576,64,69.5,8.8,666.666666667,965.067,0
2577,64,68.9,8.5,666.666666667,388.3,0
2578,64,100,12,666.666666667,1546.134,0
2579,64,93.8,11.3,666.666666667,1004.567,0
2580,64,92.8,10.8,666.666666667,464.8,1
2581,64,107,13.3,666.666666667,1543.334,0
2582,64,90.2,10.6,666.666666667,1007.567,0
2583,64,87.6,10.5,666.666666667,454.9,0
2584,64,174.8,95,666.666666667,1536.134,0
2585,64,55.6,5.6,666.666666667,1061.067,0
2586,64,55.2,5.7,666.666666667,466.5,0
2587,64,97.9,11.5,666.666666667,1546.434,0
2588,64,86.5,9.9,666.666666667,1002.667,0
2589,64,86.4,10.1,666.666666667,447,0
2590,64,76.7,8.9,666.666666667,1045.934,0
2591,64,67.9,7,666.666666667,476.267,0
2592,64,60.9,7.8,666.666666667,1712,0
2593,64,53.8,5.6,666.666666667,1122.934,0
2594,64,53.8,5.5,666.666666667,526.267,0
2595,64,55.7,5.7,666.666666667,1708.8,0
2596,64,54,5.5,666.666666667,1114.034,0
2597,64,53.7,5.5,666.666666667,517.767,0
2598,64,68.7,7,666.666666667,1712.3,0
2599,64,67.9,6.9,666.666666667,1134.734,0
2600,64,67.4,6.8,666.666666667,556.167,0
2601,64,68.2,6.9,666.666666667,1712.3,0
2602,64,67.7,6.9,666.666666667,1134.134,0
2603,64,67.4,6.9,666.666666667,555.567,0
2604,64,69,7.2,666.666666667,1713.4,0
2605,64,67.2,6.9,666.666666667,1135.934,0
2606,64,67.1,6.9,666.666666667,556.667,0
2607,64,141.1,25.2,666.666666667,1840.6,0
2608,64,111.1,12.2,666.666666667,1350.934,0
2609,64,101.6,10.3,666.666666667,824.967,0
2610,64,102.2,10.4,666.666666667,303.8,1
2611,64,78.4,9.5,666.666666667,1062.534,0
2612,64,67.3,6.8,666.666666667,494.867,0
2613,64,122.8,15,666.666666667,1735,0
2614,64,116.2,13.7,666.666666667,1221.834,0
2615,64,96.9,13.2,666.666666667,702.467,0
2616,64,93.6,10.9,666.666666667,157.3,0
2617,64,65.9,9.3,666.666666667,1061.634,0
2618,64,57.9,6.7,666.666666667,477.467,0
2619,64,78.3,9.4,666.666666667,1723.5,0
2620,64,72.3,8.5,666.666666667,1155.534,0
2621,64,68.3,8.2,666.666666667,581.467,0
2622,64,67.1,7.8,666.666666667,1718.7,0
2623,64,58.9,6.9,666.666666667,1135.434,0
2624,64,57.8,6.6,666.666666667,544.067,0
2625,64,66,7.5,666.666666667,1713.5,0
2626,64,54.7,5.7,666.666666667,1129.034,0
2627,64,53.9,5.5,666.666666667,533.267,0
2628,64,68.5,7.1,666.666666667,1222.5,0
2629,64,67.3,6.8,666.666666667,644.634,0
2630,64,72,11.2,666.666666667,65.567,0
2631,64,172.6,31.3,666.666666667,1005.6,0
2632,64,82.6,8.7,666.666666667,540.634,0
2633,64,60.5,6.9,666.666666667,1641.767,0
2634,64,55.9,5.6,666.666666667,1052.7,0
2635,64,55.5,5.6,666.666666667,458.634,0
2636,64,63.7,8.2,666.666666667,1650.867,0
2637,64,56,5.7,666.666666667,1065.2,0
2638,64,56.2,5.7,666.666666667,471.334,0
2639,64,64.2,8.2,666.666666667,1653.367,0
2640,64,84.4,8.6,666.666666667,1087.7,1
2641,64,83.5,8.3,666.666666667,530.934,0
2642,64,65.1,8.3,666.666666667,1648.967,0
2643,64,68,10.4,666.666666667,1064.6,0
2644,64,67,6.8,666.666666667,485.934,0
2645,64,82.7,10.7,666.666666667,1654.667,0
2646,64,85.8,10.2,666.666666667,1095.6,0
2647,64,84.8,10.2,666.666666667,539.234,0
2648,64,82.1,9.4,666.666666667,1654.867,0
2649,64,57,6.9,666.666666667,1089.1,0
2650,64,57.2,6.6,666.666666667,495.734,0
2651,64,68.4,9.4,666.666666667,1645.367,0
2652,64,60.7,6.9,666.666666667,1063.6,0
2653,64,58.6,6.7,666.666666667,474.334,0
2654,64,183.5,58.1,666.666666667,1651.067,0
2655,64,93.3,11.3,666.666666667,1193.3,0
2656,64,97.6,14.7,666.666666667,644.034,0
2657,64,90.6,11.3,666.666666667,98.767,0
2658,64,66.1,7.8,666.666666667,979.2,0
2659,64,56.2,6.7,666.666666667,395.234,0
2660,64,63.7,8.1,666.666666667,1647.567,0
2661,64,82.3,10.5,666.666666667,1061.3,0
2662,64,80.5,8.3,666.666666667,501.434,0
2663,64,74.4,9.2,666.666666667,1655.667,0
2664,64,67.7,7,666.666666667,1084,0
2665,64,66.9,6.8,666.666666667,505.534,0
2666,64,89,10.4,666.666666667,1657.567,0
2667,64,81.1,8.2,666.666666667,1102.7,0
2668,64,79.8,8.1,666.666666667,540.434,0
2669,64,61.7,7.9,666.666666667,1651.067,0
2670,64,54.5,5.6,666.666666667,1077.4,1
2671,64,53.7,5.6,666.666666667,481.534,0
2672,64,62.3,8,666.666666667,1650.367,0
2673,64,67.4,6.8,666.666666667,1062.4,0
2674,64,68.5,7,666.666666667,483.834,0
2675,64,61.5,8,666.666666667,1648.667,0
2676,64,54.3,5.7,666.666666667,1059.9,0
2677,64,53.6,5.6,666.666666667,463.434,0
2678,64,142.8,39.6,666.666666667,1654.367,0
2679,64,101.1,13,666.666666667,1160.1,0
2680,64,105.4,12.8,666.666666667,623.734,0
2681,64,108.8,13.6,666.666666667,92.167,0
2682,64,60.8,7.7,666.666666667,978.8,0
2683,64,53.9,5.5,666.666666667,389.334,0
2684,64,61.2,8,666.666666667,1161.667,0
2685,64,56.7,6.8,666.666666667,572.4,0
2686,64,123.7,14.9,666.666666667,1841.134,0
2687,64,119.7,13.9,666.666666667,1328.967,0
2688,64,112.3,13.3,666.666666667,812.4,0
2689,64,110.2,13.2,666.666666667,288.734,0
2690,64,67.1,7.8,666.666666667,1160.967,0
2691,64,58.5,6.7,666.666666667,578.3,0
2692,64,68,7.9,666.666666667,1828.034,0
2693,64,59.3,7.1,666.666666667,1245.967,0
2694,64,54.7,5.6,666.666666667,655,0
2695,64,54.6,5.5,666.666666667,59.634,0
2696,64,62.6,7.9,666.666666667,1158.267,0
2697,64,53.7,5.4,666.666666667,570.7,0
2698,64,76.7,9.8,666.666666667,1829.734,0
2699,64,67.4,6.9,666.666666667,1260.467,0
2700,64,67.3,6.8,666.666666667,696.6,1
2701,64,66.6,6.6,666.666666667,117.534,0
2702,64,123.4,18.8,666.666666667,1197.367,0
2703,64,102.6,10.3,666.666666667,683.7,0
2704,64,102.2,10.3,666.666666667,149.334,0
2705,64,61.6,7.8,666.666666667,1157.367,0
2706,64,54.1,5.6,666.666666667,568.8,0
2707,64,74.8,9.4,666.666666667,1829.034,0
2708,64,67.3,6.8,666.666666667,1257.767,0
2709,64,67.3,6.9,666.666666667,678.9,0
2710,64,67.6,6.8,666.666666667,100.234,0
2711,64,95.8,11.9,666.666666667,1166.767,0
2712,64,88.3,10.9,666.666666667,622.3,0
2713,64,85.9,10.5,666.666666667,70.034,0
2714,64,80.5,9.6,666.666666667,1161.067,0
2715,64,68.5,7,666.666666667,595.6,0
2716,64,68.1,7.1,666.666666667,17.834,0
2717,64,92.5,11.4,666.666666667,1170.867,0
2718,64,86.6,11.1,666.666666667,621.4,0
2719,64,85.9,10.6,666.666666667,65.234,0
2720,64,82.8,11.5,666.666666667,1167.967,0
2721,64,72.1,8.9,666.666666667,605.4,0
2722,64,70,8.2,666.666666667,31.434,0
2723,64,89.1,10.1,666.666666667,1168.567,0
2724,64,85,9.8,666.666666667,615.9,0
2725,64,84.6,9.9,666.666666667,59.034,0
2726,64,118.7,13,666.666666667,1172.967,0
2727,64,85.2,12.3,666.666666667,653.9,0
2728,64,71.8,8.2,666.666666667,93.034,0
2729,64,68.1,7.8,666.666666667,1183.267,0
2730,64,55.6,5.7,666.666666667,615,1
2731,64,54.8,5.6,666.666666667,20.334,0
2732,64,92.8,11.6,666.666666667,1168.967,0
2733,64,82,8.4,666.666666667,620.3,0
2734,64,81.8,8.4,666.666666667,60.534,0
2735,64,83.4,8.6,666.666666667,1171.867,0
2736,64,81.8,8.4,666.666666667,613.6,0
2737,64,81.2,8.4,666.666666667,53.434,0
2738,64,83.2,8.5,666.666666667,1171.467,0
2739,64,82.1,8.4,666.666666667,612.5,0
2740,64,82,8.4,666.666666667,52.734,0
2741,64,91,11.7,666.666666667,1173.967,0
2742,64,82.2,8.3,666.666666667,622.9,0
2743,64,80.9,8.4,666.666666667,62.634,0
2744,64,75.8,9.7,666.666666667,1169.567,0
2745,64,67.7,6.9,666.666666667,599.5,0
2746,64,67.5,6.9,666.666666667,21.134,0
2747,64,94,11.1,666.666666667,1175.167,0
2748,64,84.8,9.9,666.666666667,627.3,0
2749,64,84.4,9.7,666.666666667,69.734,0
2750,64,80,9.5,666.666666667,1168.867,0
2751,64,67.5,6.8,666.666666667,602.8,0
2752,64,67,6.8,666.666666667,23.834,0
2753,64,76.8,9.9,666.666666667,1169.067,0
2754,64,67.3,6.7,666.666666667,600,0
2755,64,66.9,6.7,666.666666667,20.834,0
2756,64,129.4,16.7,666.666666667,1682.567,0
2757,64,118.5,13.6,666.666666667,1176.2,0
2758,64,117.3,13.5,666.666666667,658.434,0
2759,64,116,13.4,666.666666667,139.767,0
2760,64,94.1,12.1,666.666666667,1023.8,1
2761,64,104,16,666.666666667,475.934,0
2762,64,67.2,8,666.666666667,1669.467,0
2763,64,59.5,7.1,666.666666667,1086.5,0
2764,64,56,6.9,666.666666667,495.934,0
2765,64,78.6,10.3,666.666666667,1713.467,0
2766,64,79.1,8.3,666.666666667,1148.8,0
2767,64,69.5,8.2,666.666666667,583.734,0
2768,64,65.6,8.4,666.666666667,1670.467,0
2769,64,54.9,5.7,666.666666667,1086.4,0
2770,64,54.3,5.5,666.666666667,491.034,0
2771,64,191.6,85.4,666.666666667,1730.367,0
2772,64,92,13.3,666.666666667,1279.4,0
2773,64,82.4,8.4,666.666666667,727.934,0
2774,64,55.1,5.7,666.666666667,164.167,0
2775,64,62.1,7.9,666.666666667,1017.8,0
2776,64,54.9,5.6,666.666666667,429.834,0
2777,64,61.3,7.8,666.666666667,1673.667,0
2778,64,67.7,6.8,666.666666667,1088.8,0
2779,64,68.6,7,666.666666667,510.634,0
2780,64,96.6,11.7,666.666666667,1685.167,0
2781,64,86.1,10.2,666.666666667,1139.6,0
2782,64,85.4,9.9,666.666666667,583.634,0
2783,64,86.4,10.6,666.666666667,26.867,0
2784,64,59.2,6.6,666.666666667,1005.2,0
2785,64,54.7,5.5,666.666666667,413.734,0
2786,64,80.9,9.8,666.666666667,1679.467,0
2787,64,81,8.3,666.666666667,1118.1,0
2788,64,80.5,8.2,666.666666667,556.734,0
2789,64,113,14.6,666.666666667,1692.267,0
2790,64,110.6,13.9,666.666666667,1184.7,1
2791,64,106,13.5,666.666666667,659.134,0
2792,64,108.5,13.3,666.666666667,128.867,0
2793,64,103.5,12.2,666.666666667,1014.1,0
2794,64,92.1,10.8,666.666666667,475.634,0
2795,64,168.6,46.6,666.666666667,1177.867,0
2796,64,120.7,13.4,666.666666667,711.8,0
2797,64,108.9,13.2,666.666666667,196.334,0
2798,64,70,8.3,666.666666667,877.967,0
2799,64,55,5.6,666.666666667,297.9,0
2800,64,65.2,7.7,666.666666667,1544.334,0
2801,64,53.9,5.6,666.666666667,959.567,0
2802,64,53.8,5.5,666.666666667,363.1,0
2803,64,91.7,11.8,666.666666667,1557.934,0
2804,64,81.1,8.4,666.666666667,1007.767,0
2805,64,80.5,8.2,666.666666667,446.2,0
2806,64,62.9,8,666.666666667,1544.034,0
2807,64,54.7,5.6,666.666666667,956.767,0
2808,64,54.2,5.6,666.666666667,361.1,0
2809,64,84.5,8.9,666.666666667,1552.834,0
2810,64,80.7,8.3,666.666666667,995.067,0
2811,64,79.9,8.3,666.666666667,433.4,0
2812,64,90.7,10.5,666.666666667,1554.134,0
2813,64,82.9,8.4,666.666666667,1002.167,0
2814,64,90.3,14.9,666.666666667,451.5,0
2815,64,74.5,9.2,666.666666667,1543.434,0
2816,64,63.2,8,666.666666667,967.867,0
2817,64,79.4,9.4,666.666666667,383.2,0
2818,64,124.4,25.1,666.666666667,2051.934,0
2819,64,83.5,8.7,666.666666667,1532.867,0
2820,64,83.5,10,666.666666667,996.3,1
2821,64,102.7,10.6,666.666666667,444.034,0
2822,64,65.1,9.6,666.666666667,1385.967,0
2823,64,55.8,7.1,666.666666667,800.9,0
2824,64,55.7,6.9,666.666666667,206.434,0
2825,64,75,9,666.666666667,1395.067,0
2826,64,61.7,6.7,666.666666667,819.8,0
2827,64,68.6,10.4,666.666666667,231.134,0
2828,64,107.6,12.6,666.666666667,1395.867,0
2829,64,82.8,10.3,666.666666667,861.9,0
2830,64,81.3,10.3,666.666666667,302.734,0
2831,64,97.5,11.4,666.666666667,1391.667,0
2832,64,82.9,10,666.666666667,845.8,0
2833,64,83.1,10.1,666.666666667,284.534,0
2834,64,64.4,7.9,666.666666667,1384.467,0
2835,64,54.4,5.6,666.666666667,798.6,0
2836,64,54,5.4,666.666666667,202.534,0
2837,64,62.6,7.6,666.666666667,1383.367,0
2838,64,55.8,5.7,666.666666667,796,0
2839,64,55.3,5.5,666.666666667,201.334,0
2840,64,56.4,5.8,666.666666667,1382.167,0
2841,64,54.9,5.5,666.666666667,788.4,0
2842,64,54.9,5.5,666.666666667,193.234,0
2843,64,173.7,47.1,666.666666667,1390.967,0
2844,64,137.9,30.6,666.666666667,927.5,0
2845,64,108.9,12.3,666.666666667,428.234,0
2846,64,62.7,7.9,666.666666667,1386.367,0
2847,64,54.6,5.7,666.666666667,799.1,0
2848,64,53.5,5.4,666.666666667,203.434,0
2849,64,91.5,11.8,666.666666667,1397.067,0
2850,64,81.2,8.1,666.666666667,865.8,1
2851,64,79.9,8,666.666666667,304.734,0
2852,64,79.7,9.5,666.666666667,1393.067,0
2853,64,71.9,8.5,666.666666667,826.9,0
2854,64,70.9,8.5,666.666666667,252.834,0
2855,64,66.1,8,666.666666667,1394.367,0
2856,64,56.5,7.2,666.666666667,810.3,0
2857,64,55.4,6.7,666.666666667,216.534,0
2858,64,63.8,9.2,666.666666667,1393.967,0
2859,64,57,7.4,666.666666667,808,0
2860,64,55.3,5.6,666.666666667,214.834,0
2861,64,105.2,12.1,666.666666667,1400.567,0
2862,64,94.4,10.7,666.666666667,862.9,0
2863,64,94.3,10.5,666.666666667,314.434,0
2864,64,75,8,666.666666667,1386.867,0
2865,64,54.1,5.6,666.666666667,811.7,0
2866,64,53.8,5.5,666.666666667,215.534,0
2867,64,172.4,34.4,666.666666667,1398.467,0
2868,64,116.5,20.1,666.666666667,933.5,0
2869,64,187,78.5,666.666666667,413.934,0
2870,64,66.5,8.1,666.666666667,1396.667,0
2871,64,55.6,5.8,666.666666667,813.2,0
2872,64,54.4,5.6,666.666666667,218.734,0
2873,64,62.5,7.9,666.666666667,1393.967,0
2874,64,55.2,5.6,666.666666667,806.3,0
2875,64,54.2,5.6,666.666666667,211.134,0
2876,64,55.6,5.8,666.666666667,1390.167,0
2877,64,54.1,5.5,666.666666667,795.2,0
2878,64,54.6,5.8,666.666666667,198.934,0
2879,64,60.7,7,666.666666667,1392.667,0
2880,64,55.1,5.7,666.666666667,819.5,1
2881,64,54.4,5.6,666.666666667,224.434,0
2882,64,90.9,11.6,666.666666667,1406.167,0
2883,64,80.6,8.2,666.666666667,855.1,0
2884,64,80.9,8.4,666.666666667,293.434,0
2885,64,118.3,14.8,666.666666667,1411.167,0
2886,64,110.6,13.7,666.666666667,892.2,0
2887,64,113,13.6,666.666666667,366.434,0
2888,64,67.9,8.5,666.666666667,1396.767,0
2889,64,57.7,7.3,666.666666667,814.3,0
2890,64,57,6.7,666.666666667,226.534,0
2891,64,231.9,73.1,666.666666667,2305.167,0
2892,64,196.7,90.4,666.666666667,1895.7,0
2893,64,105.8,21.2,666.666666667,1449.234,0
2894,64,125.3,39.1,666.666666667,912.167,0
2895,64,96.2,15,666.666666667,394.9,0
2896,64,94.7,11.1,666.666666667,929.634,0
2897,64,108.6,23,666.666666667,381.267,0
2898,64,69.4,8.2,666.666666667,1592.3,0
2899,64,61,6.9,666.666666667,1011.634,0
2900,64,56.8,6.6,666.666666667,422.067,0
2901,64,60.5,7,666.666666667,1587.7,0
2902,64,54.3,5.6,666.666666667,997.934,0
2903,64,54,5.4,666.666666667,401.967,0
2904,64,79.4,9,666.666666667,1089.4,0
2905,64,54.2,5.5,666.666666667,518.734,0
2906,64,62.4,7.9,666.666666667,1757.767,0
2907,64,53.6,5.4,666.666666667,1170,0
2908,64,53.6,5.4,666.666666667,573.134,0
2909,64,61.6,7.9,666.666666667,1763.767,0
2910,64,54.2,5.5,666.666666667,1191.1,1
2911,64,53.5,5.4,666.666666667,595.034,0
2912,64,62.3,8,666.666666667,1759.967,0
2913,64,54.1,5.5,666.666666667,1172.1,0
2914,64,53.3,5.3,666.666666667,575.834,0
2915,64,322.3,208.8,666.666666667,1767.067,0
2916,64,82.1,8.4,666.666666667,1449.5,0
2917,64,93.8,11.4,666.666666667,889.334,0
2918,64,87.9,11.9,666.666666667,348.867,0
2919,64,82.1,10,666.666666667,1100.5,0
2920,64,72,8.5,666.666666667,537.034,0
2921,64,66.2,7.9,666.666666667,1758.867,0
2922,64,58.2,7.2,666.666666667,1174.9,0
2923,64,53.8,5.5,666.666666667,582.734,0
2924,64,70,7.5,666.666666667,1762.867,0
2925,64,70.3,9,666.666666667,1186.6,0
2926,64,68.9,8.4,666.666666667,610.434,0
2927,64,68.7,8.2,666.666666667,32.967,0
2928,64,107,13.6,666.666666667,1100.5,0
2929,64,94.3,10.4,666.666666667,564.834,0
2930,64,66.3,7.4,666.666666667,1761.067,0
2931,64,61.1,6.9,666.666666667,1177.1,0
2932,64,54.5,5.6,666.666666667,587.734,0
2933,64,79.7,9.6,666.666666667,1764.867,0
2934,64,72.9,8.5,666.666666667,1198.7,0
2935,64,71.7,8.3,666.666666667,625.534,0
2936,64,73,8.8,666.666666667,51.067,0
2937,64,91.9,11.4,666.666666667,1105.4,0
2938,64,81.9,8.4,666.666666667,555.534,0
2939,64,323.6,197.7,666.666666667,1792.967,0
2940,64,169.8,63.2,666.666666667,1507.8,1
2941,64,154.1,59.1,666.666666667,1035.234,0
2942,64,155.1,53.6,666.666666667,546.667,0
2943,64,121,33.6,666.666666667,69.6,0
2944,64,78.6,9.7,666.666666667,1434.534,0
2945,64,67.8,6.8,666.666666667,867.167,0
2946,64,67.2,6.8,666.666666667,288.5,0
2947,64,63.5,7.9,666.666666667,1432.934,0
2948,64,56.3,7.3,666.666666667,846.167,0
2949,64,72.8,7.4,666.666666667,258.2,0
2950,64,92.3,10.7,666.666666667,1440.534,0
2951,64,82.4,8.5,666.666666667,890.267,0
2952,64,82.2,8.3,666.666666667,329.5,0
2953,64,99.9,11.7,666.666666667,1356.834,0
2954,64,88.3,10.7,666.666666667,814.767,0
2955,64,85.2,10.3,666.666666667,260.8,0
2956,64,99.6,12.5,666.666666667,1356.234,0
2957,64,80.1,8.2,666.666666667,814.467,0
2958,64,78.8,7.9,666.666666667,252.5,0
2959,64,103.5,14,666.666666667,1360.934,0
2960,64,97.2,11.5,666.666666667,821.767,0
2961,64,94.8,11,666.666666667,276.5,0
2962,64,109,14.5,666.666666667,1361.934,0
2963,64,85.6,10.8,666.666666667,827.467,0
2964,64,96.3,13.9,666.666666667,269.1,0
2965,64,110.9,12.9,666.666666667,1363.134,0
2966,64,94.8,11.3,666.666666667,831.667,0
2967,64,94,11.3,666.666666667,283.1,0
2968,64,67.8,8.3,666.666666667,1349.334,0
2969,64,55.2,5.6,666.666666667,767.067,0
2970,64,54.5,5.6,666.666666667,189,1
2971,64,65.5,8.2,666.666666667,1349.234,0
2972,64,54.5,5.5,666.666666667,764.767,0
2973,64,54.2,5.5,666.666666667,169.1,0
2974,64,76,9.8,666.666666667,1352.934,0
2975,64,67,6.8,666.666666667,782.667,0
2976,64,66.6,6.7,666.666666667,203.4,0
2977,64,79.7,9.1,666.666666667,1361.634,0
2978,64,80.3,8.2,666.666666667,799.367,0
2979,64,79.8,8,666.666666667,237.3,0
2980,64,74.1,9.2,666.666666667,1359.134,0
2981,64,66.7,6.9,666.666666667,787.167,0
2982,64,67.4,6.9,666.666666667,207.6,0
2983,64,76.3,9.6,666.666666667,1356.834,0
2984,64,68.3,7,666.666666667,787.067,0
2985,64,68.1,7,666.666666667,209.5,0
2986,64,103.2,15.1,666.666666667,1360.034,0
2987,64,103.1,12.5,666.666666667,832.967,0
2988,64,80.9,8.2,666.666666667,293.8,0
2989,64,78.7,9.7,666.666666667,1359.334,0
2990,64,70.4,9,666.666666667,792.067,0
2991,64,69.3,8.7,666.666666667,216.3,0
2992,64,67.4,8,666.666666667,1354.034,0
2993,64,56.9,6.7,666.666666667,771.167,0
2994,64,55.4,6.7,666.666666667,177.6,0
2995,64,66.3,8.2,666.666666667,1357.234,0
2996,64,56.4,7.3,666.666666667,773.167,0
2997,64,55.4,7,666.666666667,179.1,0
2998,64,107.3,13.2,666.666666667,1363.234,0
2999,64,98,11,666.666666667,827.767,0
3000,64,93.8,10.5,666.666666667,301.5,1
3001,64,72.5,8.2,666.666666667,1356.734,0
3002,64,58,6.7,666.666666667,779.367,0
3003,64,57.6,6.7,666.666666667,187.101,0
3004,64,66.2,7.8,666.666666667,1351.334,0
3005,64,54.2,5.5,666.666666667,767.467,0
3006,64,54.3,5.6,666.666666667,171.4,0
3007,64,57.6,6.3,666.666666667,1349.434,0
3008,64,80.8,8.3,666.666666667,763.367,0
3009,64,79.9,8.3,666.666666667,201.801,0
3010,64,62.2,7.9,666.666666667,1353.934,0
3011,64,54,5.6,666.666666667,765.867,0
3012,64,53.8,5.6,666.666666667,169.5,0
3013,64,91.9,11.5,666.666666667,1361.334,0
3014,64,82,8.4,666.666666667,811.667,0
3015,64,81.5,8.4,666.666666667,251.701,0
3016,64,86,11.7,666.666666667,1367.834,0
3017,64,73.5,9.6,666.666666667,807.767,0
3018,64,67.1,6.9,666.666666667,234.9,0
3019,64,63,7.9,666.666666667,1416.034,0
3020,64,54.8,5.6,666.666666667,828.867,0
3021,64,54.1,5.6,666.666666667,233.301,0
3022,64,78,9.7,666.666666667,1445.534,0
3023,64,69.9,8.4,666.666666667,877.667,0
3024,64,68.9,8.4,666.666666667,301.2,0
3025,64,81.2,9.6,666.666666667,1425.234,0
3026,64,69.8,8.5,666.666666667,860.567,0
3027,64,69,8.2,666.666666667,284.301,0
3028,64,102.1,12.9,666.666666667,1429.534,0
3029,64,86.8,10.5,666.666666667,890.067,0
3030,64,86.6,11.1,666.666666667,349.9,1
3031,64,67.8,8.9,666.666666667,1415.834,0
3032,64,61.5,7.4,666.666666667,833.767,0
3033,64,59.4,6.8,666.666666667,245.101,0
3034,64,105.2,12,666.666666667,1431.634,0
3035,64,92.7,10.5,666.666666667,893.467,0
3036,64,93.3,11,666.666666667,342.6,0
3037,64,70.8,8.6,666.666666667,1421.834,0
3038,64,54.7,5.6,666.666666667,842.767,0
3039,64,54.1,5.5,666.666666667,247.401,0
3040,64,92.1,11.2,666.666666667,1429.334,0
3041,64,81.4,8.5,666.666666667,879.467,0
3042,64,80.6,8.1,666.666666667,318.4,0
3043,64,94.8,10.8,666.666666667,1432.434,0
3044,64,82.4,8.3,666.666666667,884.367,0
3045,64,82.1,8.3,666.666666667,323.801,0
3046,64,96.2,11.1,666.666666667,1424.534,0
3047,64,84,8.6,666.666666667,878.067,0
3048,64,82.2,8.5,666.666666667,319.6,0
3049,64,61.8,7.8,666.666666667,1420.134,0
3050,64,53.8,5.5,666.666666667,831.767,0
3051,64,53.8,5.4,666.666666667,235.001,0
3052,64,61.6,7.7,666.666666667,1418.434,0
3053,64,54,5.4,666.666666667,829.967,0
3054,64,54.2,5.4,666.666666667,233.7,0
3055,64,64,8,666.666666667,1421.434,0
3056,64,56.4,7.3,666.666666667,835.367,0
3057,64,55.4,6.8,666.666666667,241.101,0
3058,64,67,8,666.666666667,1422.134,0
3059,64,56.2,6.8,666.666666667,839.167,0
3060,64,55.6,6.6,666.666666667,260.1,1
3061,64,95.6,11.8,666.666666667,1434.134,0
3062,64,81.9,8.3,666.666666667,887.667,0
3063,64,81.1,8.3,666.666666667,327.401,0
3064,64,102.9,13.6,666.666666667,1426.834,0
3065,64,93.2,11.1,666.666666667,888.167,0
3066,64,92.9,10.8,666.666666667,339.3,0
3067,64,82.8,10.6,666.666666667,1441.134,0
3068,64,67,10.2,666.666666667,879.867,0
3069,64,58.3,6.8,666.666666667,296.801,0
3070,64,69.5,8,666.666666667,1418.434,0
3071,64,56.2,6.7,666.666666667,837.767,0
3072,64,55.6,6.6,666.666666667,243.3,0
3073,64,64.7,8.1,666.666666667,1421.634,0
3074,64,54.9,5.6,666.666666667,836.067,0
3075,64,54.1,5.6,666.666666667,240.901,0
3076,64,72.6,7.9,666.666666667,1421.434,0
3077,64,68,6.9,666.666666667,847.667,0
3078,64,67.6,7,666.666666667,269.4,0
3079,64,160.4,32.3,666.666666667,1468.734,0
3080,64,111.2,11.3,666.666666667,992.667,0
3081,64,82.9,11.3,666.666666667,467.001,0
3082,64,62,8.3,666.666666667,1425.234,0
3083,64,55,5.8,666.666666667,837.467,0
3084,64,54.9,5.7,666.666666667,242.3,0
3085,64,62.4,7.9,666.666666667,1418.734,0
3086,64,54.2,5.7,666.666666667,831.167,0
3087,64,54,5.6,666.666666667,235.001,0
3088,64,94.4,11.6,666.666666667,1428.634,0
3089,64,83.5,10.1,666.666666667,881.067,0
3090,64,82.7,9.9,666.666666667,340.4,1
3091,64,91,10.6,666.666666667,1427.534,0
3092,64,83.9,10.3,666.666666667,874.467,0
3093,64,83.5,10.4,666.666666667,316.001,0
3094,64,65,8.2,666.666666667,1419.534,0
3095,64,54.8,5.6,666.666666667,834.267,0
3096,64,54,5.5,666.666666667,239,0
3097,64,67,8.7,666.666666667,1421.234,0
3098,64,60,6.8,666.666666667,837.867,0
3099,64,59.2,6.7,666.666666667,247.401,0
3100,64,67.6,9.2,666.666666667,1430.334,0
3101,64,54.7,5.6,666.666666667,847.567,0
3102,64,54,5.5,666.666666667,251.6,0
3103,64,223.5,110.6,666.666666667,1425.334,0
3104,64,113.1,14,666.666666667,1026.567,0
3105,64,109.7,13.1,666.666666667,504.101,0
3106,64,69.8,8.6,666.666666667,1423.334,0
3107,64,56,6.6,666.666666667,842.567,0
3108,64,56,6.6,666.666666667,248.4,0
3109,64,78.7,9.7,666.666666667,1429.234,0
3110,64,67.4,6.8,666.666666667,861.667,0
3111,64,67.4,6.8,666.666666667,282.601,0
3112,64,73.4,8.9,666.666666667,1432.934,0
3113,64,67.1,6.8,666.666666667,860.267,0
3114,64,67.2,6.9,666.666666667,280.9,0
3115,64,62.3,8,666.666666667,1424.034,0
3116,64,214.1,160.8,666.666666667,836.067,0
3117,64,78.2,8.2,666.666666667,405.801,0
3118,64,83.4,10.9,666.666666667,1938.434,0
3119,64,68.1,6.9,666.666666667,1375.867,0
3120,64,68.3,6.9,666.666666667,819.3,1
3121,64,68,6.9,666.666666667,241.534,0
3122,64,68,8.3,666.666666667,846.167,0
3123,64,53.9,5.4,666.666666667,264.001,0
3124,64,77.7,9.1,666.666666667,1518.434,0
3125,64,67.1,6.7,666.666666667,949.967,0
3126,64,68.3,7,666.666666667,370.8,0
3127,64,69.1,8.5,666.666666667,1519.034,0
3128,64,57,7.2,666.666666667,938.167,0
3129,64,56,7,666.666666667,344.801,0
3130,64,125.8,15.4,666.666666667,1528.334,0
3131,64,107,13.4,666.666666667,1018.367,0
3132,64,103.5,12.8,666.666666667,489.1,0
3133,64,69.4,7.8,666.666666667,1510.434,0
3134,64,60.7,7.1,666.666666667,929.967,0
3135,64,59,6.6,666.666666667,340.801,0
3136,64,68.2,9,666.666666667,1514.534,0
3137,64,55.8,6.8,666.666666667,932.767,0
3138,64,54.3,5.6,666.666666667,338.1,0
3139,64,63.9,7.8,666.666666667,1510.834,0
3140,64,59.1,7,666.666666667,924.667,0
3141,64,57.8,6.7,666.666666667,333.701,0
3142,64,103.9,12.7,666.666666667,1521.034,0
3143,64,66,10.2,666.666666667,982.867,0
3144,64,56.1,6.6,666.666666667,398.4,0
3145,64,64,8.1,666.666666667,1508.134,0
3146,64,54.8,5.6,666.666666667,921.967,0
3147,64,54.4,5.6,666.666666667,326.401,0
3148,64,83.9,8.6,666.666666667,1515.434,0
3149,64,81.4,8.3,666.666666667,957.167,0
3150,64,81.8,8.4,666.666666667,412,1
3151,64,74.3,8.9,666.666666667,1514.734,0
3152,64,67.5,6.8,666.666666667,942.667,0
3153,64,67.9,7,666.666666667,363.801,0
3154,64,75.8,9.6,666.666666667,1513.434,0
3155,64,67.3,6.9,666.666666667,943.267,0
3156,64,67.2,6.9,666.666666667,364.5,0
3157,64,71.7,7.8,666.666666667,1518.734,0
3158,64,67.8,6.9,666.666666667,943.867,0
3159,64,67.8,6.9,666.666666667,365.301,0
3160,64,94.5,11.5,666.666666667,1517.034,0
3161,64,84.7,10.2,666.666666667,970.067,0
3162,64,83.6,10.3,666.666666667,412.9,0
3163,64,87.2,10.5,666.666666667,1515.734,0
3164,64,83.9,10.2,666.666666667,960.867,0
3165,64,82.6,9.9,666.666666667,402.901,0
3166,64,102.3,12.3,666.666666667,1514.734,0
3167,64,131.7,41.9,666.666666667,973.967,0
3168,64,98.4,11.3,666.666666667,463.1,0
3169,64,68.2,8.9,666.666666667,1511.834,0
3170,64,56.2,6.9,666.666666667,930.267,0
3171,64,54.4,5.5,666.666666667,336.201,0
3172,64,133.3,28.9,666.666666667,1634.334,0
3173,64,90.2,10.3,666.666666667,1129.667,0
3174,64,67.7,6.8,666.666666667,573.4,0
3175,64,102.4,12.2,666.666666667,1522.634,0
3176,64,90.1,10.6,666.666666667,984.467,0
3177,64,92.9,10.8,666.666666667,432.8,0
3178,64,95,11,666.666666667,1520.434,0
3179,64,81.5,8.1,666.666666667,973.767,0
3180,64,81.6,8.2,666.666666667,428.9,1
3181,64,91.3,11.4,666.666666667,1522.334,0
3182,64,80.6,8.1,666.666666667,971.567,0
3183,64,79.9,8,666.666666667,409.7,0
3184,64,61.1,7.8,666.666666667,1512.634,0
3185,64,54.1,5.4,666.666666667,923.867,0
3186,64,54.6,5.7,666.666666667,327.8,0
3187,64,90.7,10.7,666.666666667,1517.634,0
3188,64,84,8.5,666.666666667,966.067,0
3189,64,82.9,8.4,666.666666667,407.3,0
3190,64,91.1,11.6,666.666666667,1522.234,0
3191,64,81.5,8.3,666.666666667,971.467,0
3192,64,81,8.1,666.666666667,410.6,0
3193,64,80.8,9.7,666.666666667,1023.934,0
3194,64,56.9,7.1,666.666666667,454.567,0
3195,64,137.6,36.8,666.666666667,1688,0
3196,64,91.3,10.9,666.666666667,1195.834,0
3197,64,84.1,10.1,666.666666667,645.167,0
3198,64,69.6,8.3,666.666666667,86.7,0
3199,64,72.5,8.6,666.666666667,1028.634,0
3200,64,68.1,6.9,666.666666667,455.167,0
3201,64,101.7,12,666.666666667,1713.4,0
3202,64,93.5,10.8,666.666666667,1172.734,0
3203,64,94.2,10.8,666.666666667,623.567,0
3204,64,93.9,11.1,666.666666667,74.9,0
3205,64,64,9.6,666.666666667,1021.834,0
3206,64,55.1,5.6,666.666666667,435.867,0
3207,64,83.8,10.2,666.666666667,1700.4,0
3208,64,74.7,8.9,666.666666667,1139.934,0
3209,64,80.8,9.8,666.666666667,570.067,0
3210,64,67.8,7.9,666.666666667,1702,1
3211,64,57.9,6.7,666.666666667,1119.534,0
3212,64,57,6.6,666.666666667,526.767,0
3213,64,64.4,7.7,666.666666667,1686.5,0
3214,64,54.8,5.6,666.666666667,1100.234,0
3215,64,54,5.5,666.666666667,504.467,0
3216,64,68.7,8,666.666666667,1690.5,0
3217,64,55,5.6,666.666666667,1108.934,0
3218,64,54.8,5.6,666.666666667,513.567,0
3219,64,162.7,33.4,666.666666667,1690.4,0
3220,64,57.7,6.2,666.666666667,1204.734,0
3221,64,54.9,5.7,666.666666667,611.867,0
3222,64,54.8,5.6,666.666666667,16.5,0
3223,64,79.2,10.2,666.666666667,1032.634,0
3224,64,69.1,7.1,666.666666667,466.067,0
3225,64,67.7,8.7,666.666666667,1686.7,0
3226,64,57,6.8,666.666666667,1104.234,0
3227,64,55.4,7,666.666666667,510.667,0
3228,64,66.4,8,666.666666667,1691.1,0
3229,64,55.9,6.8,666.666666667,1107.234,0
3230,64,56,6.6,666.666666667,513.067,0
3231,64,64.4,7.9,666.666666667,1687.5,0
3232,64,54.1,5.5,666.666666667,1101.934,0
3233,64,53.3,5.5,666.666666667,505.467,0
3234,64,78.9,9.7,666.666666667,1696.2,0
3235,64,69.4,8.5,666.666666667,1129.034,0
3236,64,68.7,8.6,666.666666667,552.067,0
3237,64,67.6,8.1,666.666666667,1687.3,0
3238,64,57.8,6.8,666.666666667,1104.634,0
3239,64,57.3,6.6,666.666666667,512.367,0
3240,64,66.9,9.2,666.666666667,1706.3,1
3241,64,55.7,6.8,666.666666667,1123.234,0
3242,64,56,6.8,666.666666667,528.467,0
3243,64,328.2,214.2,666.666666667,1694,0
3244,64,112.8,13.4,666.666666667,1385.634,0
3245,64,110.7,13,666.666666667,861.267,0
3246,64,111.3,13.5,666.666666667,334.9,0
3247,64,76.8,9.4,666.666666667,1038.534,0
3248,64,70.6,9.1,666.666666667,469.367,0
3249,64,78.2,9.6,666.666666667,1698.6,0
3250,64,69.8,8.6,666.666666667,1130.634,0
3251,64,69.4,8.8,666.666666667,553.767,0
3252,64,76.5,9.6,666.666666667,1697.5,0
3253,64,67.3,6.8,666.666666667,1128.134,0
3254,64,68,6.8,666.666666667,548.867,0
3255,64,62.7,7.9,666.666666667,1689.1,0
3256,64,54.9,5.6,666.666666667,1101.634,0
3257,64,54.5,5.5,666.666666667,506.467,0
3258,64,91.1,11.4,666.666666667,1705.2,0
3259,64,82,8.4,666.666666667,1154.734,0
3260,64,81,8.2,666.666666667,594.867,0
3261,64,76.2,8.2,666.666666667,34.2,0
3262,64,79.3,9.8,666.666666667,1033.534,0
3263,64,71.3,8.8,666.666666667,467.167,0
3264,64,80.3,9.7,666.666666667,1699.8,0
3265,64,72.6,9.1,666.666666667,1134.134,0
3266,64,70.2,8.7,666.666666667,560.667,0
3267,64,88.1,10,666.666666667,2206.5,0
3268,64,94.6,12.4,666.666666667,1648.334,0
3269,64,99,12.7,666.666666667,1105.767,0
3270,64,99.6,12.9,666.666666667,587.1,1
3271,64,80.8,14.9,666.666666667,45.234,0
3272,64,71.8,8.2,666.666666667,870.467,0
3273,64,59.2,7.3,666.666666667,292,0
3274,64,72.3,9.3,666.666666667,1529.834,0
3275,64,72.1,10.8,666.666666667,958.467,0
3276,64,73.7,10.9,666.666666667,384.8,0
3277,64,66.3,7.9,666.666666667,1533.634,0
3278,64,56.6,7,666.666666667,949.867,0
3279,64,55.8,6.9,666.666666667,356.1,0
3280,64,71.2,8.3,666.666666667,1535.334,0
3281,64,91.8,10.6,666.666666667,963.667,0
3282,64,61.4,7,666.666666667,413,0
3283,64,68.7,8.2,666.666666667,1533.634,0
3284,64,55.5,5.7,666.666666667,952.067,0
3285,64,54.9,5.6,666.666666667,357.4,0
3286,64,76.9,9.9,666.666666667,1538.134,0
3287,64,68.5,7,666.666666667,969.067,0
3288,64,67.3,6.9,666.666666667,391.1,0
3289,64,130.1,35.4,666.666666667,1533.634,0
3290,64,104.3,11,666.666666667,1025.967,0
3291,64,75.6,10.4,666.666666667,492.2,0
3292,64,89.2,11,666.666666667,1564.534,0
3293,64,106.2,10.9,666.666666667,1015.767,0
3294,64,77.4,10.1,666.666666667,476.9,0
3295,64,78.9,9.8,666.666666667,1543.034,0
3296,64,69.8,8.7,666.666666667,975.867,0
3297,64,68.9,8.2,666.666666667,399.2,0
3298,64,78.7,9.2,666.666666667,1546.334,0
3299,64,69,8.5,666.666666667,978.967,0
3300,64,69.3,8.2,666.666666667,417.7,1
3301,64,97.4,11.7,666.666666667,1554.634,0
3302,64,83.6,10.5,666.666666667,1010.367,0
3303,64,83,10.1,666.666666667,451.7,0
3304,64,68.1,8.2,666.666666667,1540.834,0
3305,64,57.1,6.8,666.666666667,959.067,0
3306,64,58.5,6.7,666.666666667,371.4,0
3307,64,89.5,13.6,666.666666667,1545.334,0
3308,64,56,6.9,666.666666667,984.667,0
3309,64,55.1,6.6,666.666666667,390.2,0
3310,64,97.1,13.9,666.666666667,1547.634,0
3311,64,88,11.2,666.666666667,1001.867,0
3312,64,82.8,9.8,666.666666667,446.9,0
3313,64,308,125.2,666.666666667,1539.434,0
3314,64,93.3,11.5,666.666666667,1205.567,0
3315,64,87.2,10.7,666.666666667,656,0
3316,64,88.4,10.5,666.666666667,100.434,0
3317,64,115.7,19.5,666.666666667,883.067,0
3318,64,80.9,10.1,666.666666667,356,0
3319,64,85.6,12.1,666.666666667,1056.134,0
3320,64,60.9,7.7,666.666666667,493.067,0
3321,64,65.6,8.2,666.666666667,1712.7,0
3322,64,54.3,5.5,666.666666667,1127.834,0
3323,64,54.5,5.8,666.666666667,531.667,0
3324,64,93.7,10.7,666.666666667,1721.7,0
3325,64,81.4,8.3,666.666666667,1172.734,0
3326,64,81.9,8.2,666.666666667,610.967,0
3327,64,81.7,8.2,666.666666667,49.7,0
3328,64,63.4,8,666.666666667,1043.734,0
3329,64,53.8,5.4,666.666666667,457.067,0
3330,64,66.9,8.1,666.666666667,1734.3,1
3331,64,57.1,6.8,666.666666667,1151.234,0
3332,64,56.6,6.7,666.666666667,557.767,0
3333,64,77.9,9.1,666.666666667,1719.1,0
3334,64,70.6,8.7,666.666666667,1151.334,0
3335,64,70,8.2,666.666666667,575.967,0
3336,64,183.8,51.3,666.666666667,1725,0
3337,64,105.8,12.3,666.666666667,1272.034,0
3338,64,104.2,12.5,666.666666667,740.967,0
3339,64,107.1,12.5,666.666666667,208.4,0
3340,64,96.8,13.8,666.666666667,1058.934,0
3341,64,87.5,12.4,666.666666667,515.367,0
3342,64,132.5,41.8,666.666666667,1727,0
3343,64,88.5,11.4,666.666666667,1217.634,0
3344,64,84.4,10.5,666.666666667,663.767,0
3345,64,107.8,31.7,666.666666667,105.9,0
3346,64,69.2,8.1,666.666666667,1050.734,0
3347,64,57.1,7.1,666.666666667,470.167,0
3348,64,84.4,10.4,666.666666667,1719.3,0
3349,64,72.2,8.6,666.666666667,1157.534,0
3350,64,70,8.5,666.666666667,583.567,0
3351,64,69.6,8.5,666.666666667,1709.4,0
3352,64,57.1,7.2,666.666666667,1128.734,0
3353,64,55.7,6.8,666.666666667,535.467,0
3354,64,65.6,8.2,666.666666667,1713.2,0
3355,64,54.4,5.5,666.666666667,1128.734,0
3356,64,53.8,5.5,666.666666667,532.767,0
3357,64,54.6,5.5,666.666666667,1714.7,0
3358,64,54.1,5.5,666.666666667,1118.934,0
3359,64,53.7,5.6,666.666666667,522.767,0
3360,64,122.4,14.2,666.666666667,1776.1,1
3361,64,81.3,8.2,666.666666667,1256.634,0
3362,64,77.9,8,666.666666667,695.567,0
3363,64,67.4,7,666.666666667,127.3,0
3364,64,91.8,10.9,666.666666667,1060.934,0
3365,64,85.3,10.2,666.666666667,509.667,0
3366,64,90.2,10.5,666.666666667,1718.8,0
3367,64,70.5,8.8,666.666666667,1159.034,0
3368,64,74,10.3,666.666666667,583.667,0
3369,64,118.9,14.4,666.666666667,1728.1,0
3370,64,105.9,13.5,666.666666667,1210.134,0
3371,64,103.6,12,666.666666667,678.667,0
3372,64,104.7,13.1,666.666666667,145.1,0
3373,64,85.6,10.1,666.666666667,1053.934,0
3374,64,84.7,11.2,666.666666667,495.867,0
3375,64,69.5,11.7,666.666666667,1723.7,0
3376,64,59,6.9,666.666666667,1142.834,0
3377,64,57.8,6.7,666.666666667,551.567,0
3378,64,69.7,9.7,666.666666667,1715.7,0
3379,64,56.6,6.8,666.666666667,1135.434,0
3380,64,56.3,6.7,666.666666667,541.867,0
3381,64,59.2,7.1,666.666666667,1717.7,0
3382,64,55.9,6.6,666.666666667,1126.934,0
3383,64,55.9,6.4,666.666666667,532.667,0
3384,64,192.2,57.1,666.666666667,1728,0
3385,64,88.3,11.4,666.666666667,1277.834,0
3386,64,77.3,10.6,666.666666667,723.067,0
3387,64,69.6,8.9,666.666666667,154.2,0
3388,64,77.1,9.5,666.666666667,1052.534,0
3389,64,69,8.4,666.666666667,483.467,0
3390,64,70.6,8.4,666.666666667,1734,1
3391,64,70,8.5,666.666666667,1158.734,0
3392,64,67.8,6.8,666.666666667,582.667,0
3393,64,90.5,10.8,666.666666667,1721.7,0
3394,64,81.9,8.3,666.666666667,1169.434,0
3395,64,81.3,8.1,666.666666667,608.267,0
3396,64,81.6,8.2,666.666666667,46.5,0
3397,64,94.2,11.7,666.666666667,1059.534,0
3398,64,84.3,10.6,666.666666667,512.067,0
3399,64,65.7,7.7,666.666666667,1717.7,0
3400,64,58.1,7.3,666.666666667,1133.334,0
3401,64,55.7,6.7,666.666666667,540.967,0
3402,64,72.6,8.6,666.666666667,1720.2,0
3403,64,69.7,8.3,666.666666667,1146.434,0
3404,64,69.2,8.3,666.666666667,569.867,0
3405,64,92.5,11.3,666.666666667,1728.1,0
3406,64,80.6,8.2,666.666666667,1178.534,0
3407,64,80.5,8.1,666.666666667,617.167,0
3408,64,73.3,8,666.666666667,55.4,0
3409,64,124.6,16.3,666.666666667,1053.734,0
3410,64,118,17.6,666.666666667,546.167,0
3411,64,109.2,12.9,666.666666667,27.9,0
3412,64,116.6,16.7,666.666666667,1063.134,0
3413,64,97.4,9.9,666.666666667,542.567,0
3414,64,117.1,14.1,666.666666667,1736.2,0
3415,64,107.7,13.2,666.666666667,1216.634,0
3416,64,106.4,13.2,666.666666667,687.967,0
3417,64,88.8,11,666.666666667,152.1,0
3418,64,77.3,10.8,666.666666667,1059.834,0
3419,64,56.5,7,666.666666667,486.967,0
3420,64,67.3,8.1,666.666666667,1734.5,1
3421,64,80,10.7,666.666666667,1151.734,0
3422,64,55.3,6.8,666.666666667,581.667,0
3423,64,114.3,28.2,666.666666667,1226.3,0
3424,64,82.9,8.4,666.666666667,697.934,0
3425,64,81.5,8.3,666.666666667,137.767,0
3426,64,62.8,7.9,666.666666667,1224.6,0
3427,64,54.6,5.5,666.666666667,637.134,0
3428,64,54.3,5.6,666.666666667,41.267,0
3429,64,61.6,7.7,666.666666667,1222.2,0
3430,64,54.4,5.5,666.666666667,633.534,0
3431,64,54.2,5.6,666.666666667,37.467,0
3432,64,113.5,13.6,666.666666667,1248.9,0
3433,64,83.9,10.9,666.666666667,725.034,0
3434,64,69.5,8.5,666.666666667,162.667,0
3435,64,67,7.6,666.666666667,1230.3,0
3436,64,57.8,7,666.666666667,647.134,0
3437,64,56.4,6.7,666.666666667,54.567,0
3438,64,77.7,9.1,666.666666667,1236.7,0
3439,64,67.2,6.7,666.666666667,668.434,0
3440,64,67.4,6.8,666.666666667,89.567,0
3441,64,89.6,10.3,666.666666667,1239.1,0
3442,64,241.7,110.2,666.666666667,685.134,0
3443,64,188.4,54.6,666.666666667,289.867,0
3444,64,110.6,22.7,666.666666667,1237.5,0
3445,64,83,10.7,666.666666667,704.934,0
3446,64,80.8,8.3,666.666666667,144.867,0
3447,64,63,7.5,666.666666667,1232.9,0
3448,64,57.2,6.8,666.666666667,645.734,0
3449,64,55.8,6.7,666.666666667,52.567,0
3450,64,66.8,8,666.666666667,1250.3,1
3451,64,56.9,6.8,666.666666667,667.334,0
3452,64,55.8,6.7,666.666666667,74.067,0
3453,64,100.8,12.4,666.666666667,1238.8,0
3454,64,89.6,10.9,666.666666667,696.534,0
3455,64,83,10.1,666.666666667,143.267,0
3456,64,125.8,28.9,666.666666667,1286.7,0
3457,64,68.1,7,666.666666667,766.934,0
3458,64,66.7,6.7,666.666666667,188.667,0
3459,64,93.5,10.9,666.666666667,1237.7,0
3460,64,55.3,5.7,666.666666667,683.834,0
3461,64,53.5,5.4,666.666666667,88.667,0
3462,64,62.8,7.8,666.666666667,1230,0
3463,64,54,5.5,666.666666667,643.034,0
3464,64,53.9,5.5,666.666666667,46.567,0
3465,64,93.2,11.6,666.666666667,1240.2,0
3466,64,85.2,10.6,666.666666667,691.434,0
3467,64,81.4,10.5,666.666666667,134.567,0
3468,64,86.5,9.9,666.666666667,1237.5,0
3469,64,79.4,12.9,666.666666667,678.334,0
3470,64,71.4,8.3,666.666666667,111.167,0
3471,64,69.5,8.3,666.666666667,734.3,0
3472,64,54.3,5.5,666.666666667,153.734,0
3473,64,92.1,10.7,666.666666667,1955.967,0
3474,64,89.9,11.4,666.666666667,1405.3,0
3475,64,87.5,11,666.666666667,851.934,0
3476,64,83.8,11,666.666666667,296.767,0
3477,64,91.4,12.2,666.666666667,1287,0
3478,64,79.6,9.8,666.666666667,734.934,0
3479,64,79.1,9.1,666.666666667,170.067,0
3480,64,91.3,10.6,666.666666667,1111.9,1
3481,64,81.5,10.1,666.666666667,559.134,0
3482,64,105.6,18.2,666.666666667,1674.667,0
3483,64,84.3,10.9,666.666666667,1130.4,0
3484,64,113.8,33.5,666.666666667,570.334,0
3485,64,101.4,16.5,666.666666667,56.867,0
3486,64,160.9,65.9,666.666666667,1109.2,0
3487,64,94.4,12,666.666666667,628.934,0
3488,64,86.3,10.6,666.666666667,81.167,0
3489,64,89.3,12.2,666.666666667,986.2,0
3490,64,73.2,8.7,666.666666667,425.434,0
3491,64,87.8,10.4,666.666666667,1657.867,0
3492,64,78.9,8.2,666.666666667,1102,0
3493,64,54.1,5.5,666.666666667,530.834,0
3494,64,63.8,7.9,666.666666667,1181.267,0
3495,64,55,5.6,666.666666667,595.3,0
3496,64,63.4,7.9,666.666666667,1828.334,0
3497,64,54.8,5.6,666.666666667,1242.067,0
3498,64,54.9,5.6,666.666666667,646.9,0
3499,64,54.6,5.6,666.666666667,51.634,0
3500,64,63.5,7.9,666.666666667,1168.167,0
3501,64,54.1,5.5,666.666666667,581.5,0
3502,64,109.8,15,666.666666667,1939.734,0
3503,64,83.5,10,666.666666667,1405.467,0
3504,64,77.4,9.3,666.666666667,844.4,0
3505,64,87.3,10.8,666.666666667,286.934,0
3506,64,72.9,8.8,666.666666667,1171.167,0
3507,64,57,7,666.666666667,599.3,0
3508,64,66.6,7.8,666.666666667,1338.434,0
3509,64,69.3,9,666.666666667,754.767,0
3510,64,67.7,6.9,666.666666667,195.1,1
3511,64,66.5,9.7,666.666666667,1338.834,0
3512,64,56,7.1,666.666666667,755.267,0
3513,64,55.6,6.8,666.666666667,160.7,0
3514,64,101.6,13.5,666.666666667,1347.134,0
3515,64,88,10.8,666.666666667,806.767,0
3516,64,59.3,7.6,666.666666667,252.7,0
3517,64,79,10.9,666.666666667,1375.134,0
3518,64,79.3,9.8,666.666666667,808.667,0
3519,64,60.5,7.9,666.666666667,244.2,0
3520,64,67.1,8.1,666.666666667,1340.234,0
3521,64,55.3,6.7,666.666666667,757.167,0
3522,64,55.3,6.4,666.666666667,162,0
3523,64,124.2,14.9,666.666666667,1857.934,0
3524,64,104.3,13.7,666.666666667,1345.367,0
3525,64,108.5,13.2,666.666666667,812.7,0
3526,64,108.2,13.2,666.666666667,283.934,0
3527,64,116.5,24.8,666.666666667,1210.567,0
3528,64,66.3,8.6,666.666666667,689.1,0
3529,64,63.3,8.5,666.666666667,104.934,0
3530,64,61.6,8,666.666666667,1182.067,0
3531,64,54.2,5.6,666.666666667,593.6,0
3532,64,76.3,9.8,666.666666667,1853.534,0
3533,64,67.2,6.8,666.666666667,1283.667,0
3534,64,67.5,6.8,666.666666667,704.3,0
3535,64,67.6,6.8,666.666666667,124.634,0
3536,64,66.1,9.9,666.666666667,1186.967,0
3537,64,56.3,7.2,666.666666667,602.7,0
3538,64,82.6,9.8,666.666666667,1876.734,0
3539,64,86.1,11.6,666.666666667,1313.067,0
3540,64,72.7,8.7,666.666666667,769.5,1
3541,64,71.8,8.6,666.666666667,196.334,0
3542,64,88.4,12.5,666.666666667,1232.467,0
3543,64,89.1,11.1,666.666666667,706,0
3544,64,85.5,10.8,666.666666667,152.334,0
3545,64,109.9,18.4,666.666666667,1202.867,0
3546,64,79.7,10.5,666.666666667,669.9,0
3547,64,73.8,10.3,666.666666667,102.234,0
3548,64,66.4,7.9,666.666666667,1174.967,0
3549,64,54.3,5.5,666.666666667,591.2,0
3550,64,209.1,81.8,666.666666667,1860.434,0
3551,64,104.3,12.8,666.666666667,1431.967,0
3552,64,102.8,12.8,666.666666667,898.9,0
3553,64,104,11.3,666.666666667,367.534,0
3554,64,65.3,8.1,666.666666667,1180.267,0
3555,64,77.2,9.9,666.666666667,595.1,0
3556,64,82.4,9.7,666.666666667,29.034,0
3557,64,66.5,7.8,666.666666667,1182.867,0
3558,64,57.9,7,666.666666667,599.2,0
3559,64,66.3,8.1,666.666666667,1850.134,0
3560,64,58.1,7,666.666666667,1266.367,0
3561,64,55.6,6.8,666.666666667,674,0
3562,64,54.1,5.6,666.666666667,79.034,0
3563,64,61,8,666.666666667,1188.767,0
3564,64,54.7,5.7,666.666666667,599.6,0
3565,64,62.8,7.9,666.666666667,1852.634,0
3566,64,54.6,5.5,666.666666667,1265.367,0
3567,64,54.1,5.6,666.666666667,669.6,0
3568,64,58.8,7.7,666.666666667,76.334,0
3569,64,78,9.8,666.666666667,1193.067,0
3570,64,68.3,7.1,666.666666667,642.3,1
3571,64,68.3,6.9,666.666666667,64.334,0
3572,64,97.1,11.5,666.666666667,1198.067,0
3573,64,85.1,9.9,666.666666667,653.4,0
3574,64,84.9,10,666.666666667,96.334,0
3575,64,84.1,9.6,666.666666667,1193.867,0
3576,64,71.1,8.5,666.666666667,632,0
3577,64,69.3,8.3,666.666666667,56.734,0
3578,64,64.4,7.9,666.666666667,1186.567,0
3579,64,55.8,7.2,666.666666667,601,0
3580,64,99.9,12.9,666.666666667,1861.834,0
3581,64,90.2,10.9,666.666666667,1319.767,0
3582,64,91.2,11,666.666666667,767.8,0
3583,64,87.6,10.8,666.666666667,216.734,0
3584,64,72.5,13.1,666.666666667,1697.667,0
3585,64,55.7,6.9,666.666666667,1120,0
3586,64,55.2,6.7,666.666666667,525.334,0
3587,64,66.8,7.8,666.666666667,1419.167,0
3588,64,95.7,14.6,666.666666667,841.5,0
3589,64,83.3,10.6,666.666666667,295.434,0
3590,64,64.4,7.5,666.666666667,1420.667,0
3591,64,57.4,6.8,666.666666667,834.7,0
3592,64,56.6,6.7,666.666666667,241.834,0
3593,64,65.6,8.2,666.666666667,1417.567,0
3594,64,54.2,5.5,666.666666667,832.8,0
3595,64,53.1,5.3,666.666666667,236.434,0
3596,64,180.9,62.3,666.666666667,1452.467,0
3597,64,123.2,13.2,666.666666667,1002.6,0
3598,64,101.5,10.4,666.666666667,488.934,0
3599,64,74.8,9.2,666.666666667,1430.767,0
3600,64,67.4,6.8,666.666666667,876.2,1
3601,64,66.7,6.8,666.666666667,297.334,0
3602,64,62.1,7.9,666.666666667,1423.067,0
3603,64,54.7,5.7,666.666666667,835.1,0
3604,64,54.2,5.4,666.666666667,239.334,0
3605,64,89.2,10.9,666.666666667,1437.567,0
3606,64,85.4,10.3,666.666666667,884.6,0
3607,64,84.8,10.2,666.666666667,327.834,0
3608,64,67.8,8,666.666666667,1424.067,0
3609,64,56.3,6.8,666.666666667,841.9,0
3610,64,55.5,6.6,666.666666667,247.934,0
3611,64,65.9,7.9,666.666666667,1428.467,0
3612,64,56.8,6.9,666.666666667,844.6,0
3613,64,56.2,6.8,666.666666667,251.134,0
3614,64,80.5,10.2,666.666666667,1430.067,0
3615,64,71.9,8.6,666.666666667,864.6,0
3616,64,71.2,8.3,666.666666667,290.534,0
3617,64,90.6,12,666.666666667,1432.967,0
3618,64,81.1,8.3,666.666666667,881.8,0
3619,64,84.1,8.5,666.666666667,320.934,0
3620,64,212.4,47.7,666.666666667,1425.267,0
3621,64,109.5,17.4,666.666666667,1001.6,0
3622,64,74.3,7.7,666.666666667,467.834,0
3623,64,90.5,11.5,666.666666667,1432.067,0
3624,64,87.6,11.3,666.666666667,880.2,0
3625,64,87.7,11.1,666.666666667,324.534,0
3626,64,71.2,8,666.666666667,1933.667,0
3627,64,91.8,10.8,666.666666667,1362.1,0
3628,64,88.4,10.6,666.666666667,810.934,0
3629,64,63.3,8.5,666.666666667,256.267,0
3630,64,62.1,7.9,666.666666667,1604.7,1
3631,64,54.2,5.5,666.666666667,1016.734,0
3632,64,79.5,8.4,666.666666667,420.367,0
3633,64,63.3,8,666.666666667,1590.8,0
3634,64,54.2,5.5,666.666666667,1004.034,0
3635,64,54.2,5.5,666.666666667,407.967,0
3636,64,63.2,7.9,666.666666667,1590.8,0
3637,64,54.5,5.6,666.666666667,1003.734,0
3638,64,54.5,5.6,666.666666667,407.867,0
3639,64,77.8,9.6,666.666666667,1593.7,0
3640,64,68.9,7,666.666666667,1025.234,0
3641,64,67.9,6.9,666.666666667,447.967,0
3642,64,82.9,10.5,666.666666667,1599.1,0
3643,64,58.6,6.7,666.666666667,1031.534,0
3644,64,89.1,10.5,666.666666667,446.467,0
3645,64,72.7,8.8,666.666666667,1588.8,0
3646,64,55.1,5.7,666.666666667,1011.434,0
3647,64,54.5,5.5,666.666666667,416.267,0
3648,64,68.6,8.2,666.666666667,1590.1,0
3649,64,55.9,6.8,666.666666667,1008.434,0
3650,64,55.8,6.8,666.666666667,414.267,0
3651,64,70.3,9.4,666.666666667,1607.9,0
3652,64,57.6,6.7,666.666666667,1028.034,0
3653,64,57.2,6.6,666.666666667,435.767,0
3654,64,68.2,9.4,666.666666667,1586.7,0
3655,64,57,7.2,666.666666667,1004.834,0
3656,64,56.6,6.9,666.666666667,411.167,0
3657,64,102,11.9,666.666666667,1595.2,0
3658,64,89.8,10.8,666.666666667,1054.434,0
3659,64,88.3,10.3,666.666666667,501.067,0
3660,64,78.7,9.3,666.666666667,1605.4,1
3661,64,67.2,6.7,666.666666667,1037.934,0
3662,64,67.4,6.8,666.666666667,458.767,0
3663,64,83.8,8.8,666.666666667,1593,0
3664,64,81.4,8.1,666.666666667,1034.634,0
3665,64,80.6,8,666.666666667,473.767,0
3666,64,179,86.3,666.666666667,1588.8,0
3667,64,117.2,14.8,666.666666667,1124.334,0
3668,64,84.1,8.7,666.666666667,609.067,0
3669,64,75.6,8.1,666.666666667,50.9,0
3670,64,60.4,7.2,666.666666667,921.034,0
3671,64,54,5.4,666.666666667,331.067,0
3672,64,61.7,7.9,666.666666667,1583.2,0
3673,64,54.3,5.5,666.666666667,994.734,0
3674,64,54.3,5.4,666.666666667,399.067,0
3675,64,98.9,11.6,666.666666667,1600,0
3676,64,87.8,10.2,666.666666667,1057.334,0
3677,64,87.2,10.2,666.666666667,503.467,0
3678,64,68.2,7.7,666.666666667,1588.7,0
3679,64,56.1,6.6,666.666666667,1006.834,0
3680,64,55.2,6.5,666.666666667,412.667,0
3681,64,63.8,7.7,666.666666667,1589.5,0
3682,64,54.9,5.5,666.666666667,1003.134,0
3683,64,54.5,5.6,666.666666667,407.667,0
3684,64,90.6,11.9,666.666666667,1599.1,0
3685,64,84.8,10.1,666.666666667,1047.734,0
3686,64,84.5,9.9,666.666666667,490.067,0
3687,64,65.2,8.7,666.666666667,1584.4,0
3688,64,55.3,5.6,666.666666667,999.734,0
3689,64,55.3,5.7,666.666666667,404.767,0
3690,64,187.6,56.5,666.666666667,1664.3,1
3691,64,102.4,13.3,666.666666667,1214.834,0
3692,64,95.1,11.3,666.666666667,678.967,0
3693,64,94.4,11.5,666.666666667,135.3,0
3694,64,99.3,11.9,666.666666667,933.934,0
3695,64,85.4,10.5,666.666666667,391.367,0
3696,64,63.2,7.3,666.666666667,1596.9,0
3697,64,56.7,6.8,666.666666667,1009.834,0
3698,64,54.3,5.5,666.666666667,415.967,0
3699,64,69.2,7.2,666.666666667,1099.8,0
3700,64,67.9,6.9,666.666666667,522.934,0
3701,64,69.3,7.2,666.666666667,1770.167,0
3702,64,67.8,6.9,666.666666667,1193,0
3703,64,68.2,7,666.666666667,614.534,0
3704,64,68.3,6.9,666.666666667,36.667,0
3705,64,75.1,9,666.666666667,1103,0
3706,64,67.6,6.9,666.666666667,531.934,0
3707,64,95.4,11.5,666.666666667,1771.767,0
3708,64,86.6,10.2,666.666666667,1225.3,0
3709,64,84.2,9.9,666.666666667,669.934,0
3710,64,85.4,10.4,666.666666667,111.967,0
3711,64,63.6,7.8,666.666666667,1106.7,0
3712,64,56.3,7.1,666.666666667,520.334,0
3713,64,141.6,33.3,666.666666667,1769.567,0
3714,64,110.9,13.8,666.666666667,1274.5,0
3715,64,104.8,13.1,666.666666667,748.434,0
3716,64,104.4,13,666.666666667,216.067,0
3717,64,94.3,20.8,666.666666667,2371.6,0
3718,64,58.4,7.2,666.666666667,1816.134,0
3719,64,57.3,6.7,666.666666667,1224.267,0
3720,64,57.3,7.1,666.666666667,646.7,1
3721,64,76.9,7.8,666.666666667,53.534,0
3722,64,76.2,9.7,666.666666667,1533.767,0
3723,64,67,6.9,666.666666667,963.9,0
3724,64,66.8,6.8,666.666666667,384.634,0
3725,64,97.3,11.5,666.666666667,852.967,0
3726,64,91.2,11,666.666666667,308.8,0
3727,64,101.3,11.8,666.666666667,1516.634,0
3728,64,93.4,10.9,666.666666667,975.067,0
3729,64,86.1,10.7,666.666666667,425.5,0
3730,64,63.4,8.4,666.666666667,1504.734,0
3731,64,54.8,5.5,666.666666667,918.067,0
3732,64,54.5,5.5,666.666666667,322.6,0
3733,64,59.8,6.4,666.666666667,1506.434,0
3734,64,54.9,5.5,666.666666667,916.267,0
3735,64,55,5.5,666.666666667,321,0
3736,64,91.7,11.8,666.666666667,1518.334,0
3737,64,81.2,8.2,666.666666667,968.067,0
3738,64,80.1,8.2,666.666666667,407,0
3739,64,62.1,7.9,666.666666667,1826.834,0
3740,64,54.7,5.6,666.666666667,1238.967,0
3741,64,53.6,5.4,666.666666667,643.4,0
3742,64,53.7,5.4,666.666666667,46.634,0
3743,64,83.4,9.7,666.666666667,1161.467,0
3744,64,71.3,8.4,666.666666667,598.8,0
3745,64,70.3,8.2,666.666666667,23.534,0
3746,64,83.3,9.7,666.666666667,1165.267,0
3747,64,70.3,8.5,666.666666667,602.6,0
3748,64,69.7,8.3,666.666666667,25.934,0
3749,64,63.7,8,666.666666667,1159.667,0
3750,64,54.1,5.5,666.666666667,587.5,1
3751,64,78.1,9.6,666.666666667,1828.134,0
3752,64,72,8.8,666.666666667,1259.967,0
3753,64,71,8.3,666.666666667,685.5,0
3754,64,71.1,8.7,666.666666667,109.734,0
3755,64,66.3,9.2,666.666666667,1157.567,0
3756,64,57,6.9,666.666666667,573.9,0
3757,64,63.4,7.5,666.666666667,1824.734,0
3758,64,57.1,7.1,666.666666667,1238.167,0
3759,64,54.8,5.6,666.666666667,645.2,0
3760,64,55.3,5.6,666.666666667,49.734,0
3761,64,111.6,18.7,666.666666667,1268.467,0
3762,64,179.9,47.2,666.666666667,737.3,0
3763,64,92.3,10.9,666.666666667,275.334,0
3764,64,68.6,7.9,666.666666667,1181.667,0
3765,64,55.6,6.7,666.666666667,600.2,0
3766,64,64.5,7.9,666.666666667,2328.734,0
3767,64,56.6,7.1,666.666666667,1743.067,0
3768,64,54.1,5.6,666.666666667,1149.3,0
3769,64,53.6,5.5,666.666666667,552.934,0
3770,64,57.4,6.2,666.666666667,1226.167,0
3771,64,53.9,5.5,666.666666667,633.2,0
3772,64,53.6,5.5,666.666666667,36.734,0
3773,64,75,9.4,666.666666667,1233.667,0
3774,64,67.7,7.2,666.666666667,662.6,0
3775,64,67.1,6.9,666.666666667,84.134,0
3776,64,89.9,11.1,666.666666667,1238.267,0
3777,64,80.4,8.2,666.666666667,686.2,0
3778,64,80.3,8.2,666.666666667,124.534,0
3779,64,72.8,9.2,666.666666667,1231.967,0
3780,64,70.6,8.6,666.666666667,673.6,1
3781,64,70,8.2,666.666666667,98.234,0
3782,64,99.4,11.7,666.666666667,1237.267,0
3783,64,85.9,10.2,666.666666667,694.8,0
3784,64,85.5,10.1,666.666666667,138.834,0
3785,64,134.5,21.4,666.666666667,1229.267,0
3786,64,71.6,8.4,666.666666667,717.9,0
3787,64,69.2,8.2,666.666666667,143.134,0
3788,64,100.3,13.5,666.666666667,1241.467,0
3789,64,86.4,10.6,666.666666667,699.2,0
3790,64,87.1,10.7,666.666666667,142.834,0
3791,64,94.3,13.6,666.666666667,1241.667,0
3792,64,80.9,8.2,666.666666667,692.5,0
3793,64,78.4,8.6,666.666666667,129.634,0
3794,64,87.5,10.7,666.666666667,1738.967,0
3795,64,89.5,10,666.666666667,1184.7,0
3796,64,88.9,10,666.666666667,632.034,0
3797,64,89.6,10.6,666.666666667,78.867,0
3798,64,63.2,7.8,666.666666667,1401.8,0
3799,64,55.4,5.7,666.666666667,815.134,0
3800,64,55.1,5.6,666.666666667,220.267,0
3801,64,60.3,7.6,666.666666667,1403.6,0
3802,64,54.5,5.6,666.666666667,813.634,0
3803,64,53.4,5.4,666.666666667,217.667,0
3804,64,90.9,11.5,666.666666667,1419.3,0
3805,64,80.9,8.2,666.666666667,868.634,0
3806,64,80.8,8.2,666.666666667,308.167,0
3807,64,62.3,8,666.666666667,1409.3,0
3808,64,54.4,5.6,666.666666667,821.434,0
3809,64,53.9,5.4,666.666666667,225.667,0
3810,64,69.4,10,666.666666667,1431.2,1
3811,64,56.8,6.8,666.666666667,850.734,0
3812,64,56.2,6.8,666.666666667,257.267,0
3813,64,93.8,11.3,666.666666667,1413.2,0
3814,64,56.8,7.1,666.666666667,857.234,0
3815,64,55.6,6.7,666.666666667,263.867,0
3816,64,103.9,14.4,666.666666667,1415.4,0
3817,64,108.3,13,666.666666667,882.534,0
3818,64,99.2,13,666.666666667,353.567,0
3819,64,81.1,9.8,666.666666667,1411.4,0
3820,64,67.9,6.9,666.666666667,846.634,0
3821,64,66.9,6.9,666.666666667,268.167,0
3822,64,81.8,11.7,666.666666667,1411.1,0
3823,64,72.2,8.7,666.666666667,847.034,0
3824,64,85.4,12.9,666.666666667,272.867,0
3825,64,66,9.6,666.666666667,1407.6,0
3826,64,54.8,5.6,666.666666667,823.434,0
3827,64,54.3,5.5,666.666666667,227.767,0
3828,64,99.3,11.3,666.666666667,1421.2,0
3829,64,91.6,10.3,666.666666667,877.534,0
3830,64,95,11,666.666666667,325.767,0
3831,64,197.8,65.7,666.666666667,1408.8,0
3832,64,85.8,8.8,666.666666667,964.534,0
3833,64,113.6,39.2,666.666666667,407.167,0
3834,64,62.1,7.8,666.666666667,1408,0
3835,64,54.1,5.6,666.666666667,820.034,0
3836,64,54.1,5.6,666.666666667,223.867,0
3837,64,63.5,8.1,666.666666667,1409.9,0
3838,64,54.1,5.5,666.666666667,823.534,0
3839,64,56.3,7.2,666.666666667,231.667,0
3840,64,61.7,7.5,666.666666667,1423.6,1
3841,64,53.9,5.4,666.666666667,835.334,0
3842,64,54.1,5.6,666.666666667,238.767,0
3843,64,63.1,7.7,666.666666667,1406.5,0
3844,64,54.4,5.5,666.666666667,819.634,0
3845,64,54.2,5.5,666.666666667,223.667,0
3846,64,83.2,10,666.666666667,1412.2,0
3847,64,72,8.5,666.666666667,849.534,0
3848,64,71.6,8.5,666.666666667,275.167,0
3849,64,69.1,7.7,666.666666667,1406.9,0
3850,64,57.1,6.7,666.666666667,825.934,0
3851,64,56.2,6.5,666.666666667,232.567,0
3852,64,63.2,7.7,666.666666667,1404.3,0
3853,64,54.8,5.6,666.666666667,817.334,0
3854,64,54.6,5.4,666.666666667,221.567,0
3855,64,183.1,106.3,666.666666667,1406.1,0
3856,64,72.4,9.9,666.666666667,945.334,0
3857,64,56.1,6.6,666.666666667,366.767,0
3858,64,65.4,9.5,666.666666667,1406.1,0
3859,64,54.7,5.6,666.666666667,821.234,0
3860,64,54.7,5.6,666.666666667,225.267,0
3861,64,73.5,8.9,666.666666667,1408.9,0
3862,64,61.3,7.1,666.666666667,831.934,0
3863,64,66.9,10.5,666.666666667,243.167,0
3864,64,80.3,9.2,666.666666667,1410.6,0
3865,64,73.1,8.5,666.666666667,844.834,0
3866,64,67.7,6.8,666.666666667,271.667,0
3867,64,62.6,7.9,666.666666667,1411.8,0
3868,64,53.6,5.4,666.666666667,824.234,0
3869,64,53.3,5.4,666.666666667,227.367,0
3870,64,62.9,7.8,666.666666667,1428.1,1
3871,64,54.2,5.5,666.666666667,841.234,0
3872,64,54.1,5.6,666.666666667,245.367,0
3873,64,90.1,11.4,666.666666667,1423.6,0
3874,64,80.8,8.3,666.666666667,871.534,0
3875,64,80.1,8.2,666.666666667,310.067,0
3876,64,71.3,7.7,666.666666667,1420.6,0
3877,64,67.7,6.9,666.666666667,845.434,0
3878,64,66.9,6.7,666.666666667,267.067,0
3879,64,91.9,11.4,666.666666667,1421.7,0
3880,64,77.9,9.9,666.666666667,870.034,0
3881,64,81.9,10.1,666.666666667,304.767,0
3882,64,95.1,11.5,666.666666667,1421.8,0
3883,64,83.5,10.6,666.666666667,874.934,0
3884,64,83.4,10.6,666.666666667,316.367,0
3885,64,64.5,7.9,666.666666667,1414.4,0
3886,64,58.2,7,666.666666667,828.534,0
3887,64,57.4,6.9,666.666666667,236.367,0
3888,64,67.2,8,666.666666667,1411.9,0
3889,64,54.6,5.6,666.666666667,828.834,0
3890,64,54.5,5.7,666.666666667,233.167,0
3891,64,96,13.8,666.666666667,1421.5,0
3892,64,70.1,13,666.666666667,880.234,0
3893,64,73.6,10.5,666.666666667,300.167,0
3894,64,65.7,9.5,666.666666667,1414.5,0
3895,64,54.6,5.6,666.666666667,830.034,0
3896,64,54.1,5.5,666.666666667,234.167,0
3897,64,68.8,7.1,666.666666667,1416.7,0
3898,64,67.3,6.8,666.666666667,839.134,0
3899,64,67.1,6.8,666.666666667,259.767,0
3900,64,100.6,11.9,666.666666667,1438.9,1
3901,64,93.3,11.1,666.666666667,896.934,0
3902,64,92.5,10.6,666.666666667,347.867,0
3903,64,69.7,8.3,666.666666667,1408.8,0
3904,64,54.4,5.6,666.666666667,828.334,0
3905,64,53.7,5.5,666.666666667,232.367,0
3906,64,59.4,6.7,666.666666667,1409,0
3907,64,53.8,5.5,666.666666667,818.134,0
3908,64,54.9,6.1,666.666666667,221.467,0
3909,64,92.6,11.5,666.666666667,1421.4,0
3910,64,81.9,8.3,666.666666667,871.534,0
3911,64,81.3,8.3,666.666666667,310.967,0
3912,64,76.5,9.6,666.666666667,1415.7,0
3913,64,69.5,8,666.666666667,846.134,0
3914,64,66.9,6.9,666.666666667,269.367,0
3915,64,63.2,7.8,666.666666667,1413.7,0
3916,64,56.6,6.9,666.666666667,827.034,0
3917,64,56.3,6.6,666.666666667,233.667,0
3918,64,85.1,9.8,666.666666667,1423,0
3919,64,73,8.4,666.666666667,862.234,0
3920,64,73.2,8.3,666.666666667,289.367,0
3921,64,67.9,8,666.666666667,1421.6,0
3922,64,55.6,5.6,666.666666667,839.634,0
3923,64,55.1,5.6,666.666666667,245.167,0
3924,64,65.6,9.6,666.666666667,1416.9,0
3925,64,58.3,6.9,666.666666667,832.634,0
3926,64,57.5,6.9,666.666666667,240.967,0
3927,64,67,9.5,666.666666667,1416.8,0
3928,64,54.1,5.4,666.666666667,833.734,0
3929,64,54.1,5.4,666.666666667,237.467,0
3930,64,91,10.7,666.666666667,1449.2,1
3931,64,82.3,8.3,666.666666667,897.434,0
3932,64,81.6,8.2,666.666666667,336.967,0
3933,64,100.6,11.8,666.666666667,1420.8,0
3934,64,92,10.9,666.666666667,880.134,0
3935,64,91.3,10.7,666.666666667,330.567,0
3936,64,66.9,7.8,666.666666667,1413.5,0
3937,64,54.6,5.7,666.666666667,830.034,0
3938,64,54.3,5.6,666.666666667,234.267,0
3939,64,61.7,8.2,666.666666667,1410.6,0
3940,64,54.7,5.5,666.666666667,822.334,0
3941,64,54.4,5.7,666.666666667,226.967,0
3942,64,63.6,7.8,666.666666667,1919.6,0
3943,64,54.2,5.5,666.666666667,1333.034,0
3944,64,53.9,5.4,666.666666667,736.767,0
3945,64,53.7,5.4,666.666666667,140.3,0
3946,64,77.9,9.7,666.666666667,1262.534,0
3947,64,67.4,6.8,666.666666667,694.567,0
3948,64,58,6.6,666.666666667,119,0
3949,64,116.2,14.7,666.666666667,1308.334,0
3950,64,106.4,13.4,666.666666667,787.667,0
3951,64,104.9,13.1,666.666666667,256.1,0
3952,64,104.9,12.5,666.666666667,1271.734,0
3953,64,89.3,10.7,666.666666667,734.967,0
3954,64,89.9,10.9,666.666666667,182.1,0
3955,64,98.8,12.3,666.666666667,1270.534,0
3956,64,87.3,10.5,666.666666667,726.567,0
3957,64,104.6,10.4,666.666666667,177.2,0
3958,64,93.2,12.8,666.666666667,1268.134,0
3959,64,85.8,10.2,666.666666667,717.867,0
3960,64,87.7,10.7,666.666666667,177.6,1
3961,64,66.2,9.4,666.666666667,1257.934,0
3962,64,55.2,5.8,666.666666667,673.967,0
3963,64,59.1,7,666.666666667,78.7,0
3964,64,60.5,7,666.666666667,1258.534,0
3965,64,54.1,5.6,666.666666667,669.067,0
3966,64,54.3,5.5,666.666666667,72.7,0
3967,64,108.9,17.3,666.666666667,1303.034,0
3968,64,107.2,12.6,666.666666667,767.667,0
3969,64,105.9,12.4,666.666666667,236.7,0
3970,64,68.4,8.1,666.666666667,766.434,0
3971,64,56.3,6.8,666.666666667,184.667,0
3972,64,93.5,11.8,666.666666667,764.1,0
3973,64,86.5,8.7,666.666666667,215.234,0
3974,64,92.3,10.2,666.666666667,1436.267,0
3975,64,88.3,9,666.666666667,885.5,0
3976,64,87.9,8.8,666.666666667,330.734,0
3977,64,62.2,8,666.666666667,1427.367,0
3978,64,54.4,5.5,666.666666667,839.4,0
3979,64,53.9,5.6,666.666666667,243.334,0
3980,64,63.8,7.7,666.666666667,1424.767,0
3981,64,55.5,6.8,666.666666667,838.4,0
3982,64,56.1,6.7,666.666666667,243.534,0
3983,64,66.1,7.8,666.666666667,1428.467,0
3984,64,56.4,7,666.666666667,844.6,0
3985,64,55.6,6.9,666.666666667,250.734,0
3986,64,100.9,11.9,666.666666667,1438.667,0
3987,64,91.5,11.1,666.666666667,897.1,0
3988,64,90.4,10.8,666.666666667,345.534,0
3989,64,90.2,30,666.666666667,1427.967,0
3990,64,59.3,7.2,666.666666667,884.6,1
3991,64,58,6.9,666.666666667,293.834,0
3992,64,66.2,9.7,666.666666667,1427.067,0
3993,64,67.8,8.1,666.666666667,843.3,0
3994,64,77,8.1,666.666666667,267.034,0
3995,64,58.7,6.8,666.666666667,1425.567,0
3996,64,53.7,5.4,666.666666667,834,0
3997,64,53.5,5.4,666.666666667,237.234,0
3998,64,58.7,7.2,666.666666667,1429.567,0
3999,64,53.9,5.4,666.666666667,837.8,0
4000,64,53.9,5.4,666.666666667,241.134,0
4001,64,72.3,8.5,666.666666667,1434.167,0
4002,64,66.7,6.8,666.666666667,860.2,0
4003,64,66.7,6.7,666.666666667,280.434,0
4004,64,62.4,7.9,666.666666667,1431.967,0
4005,64,55,5.7,666.666666667,844.5,0
4006,64,54.4,5.6,666.666666667,249.334,0
4007,64,97.5,11.2,666.666666667,1440.367,0
4008,64,91.2,10.5,666.666666667,894.7,0
4009,64,93.4,10.7,666.666666667,342.734,0
4010,64,66.2,7.7,666.666666667,1427.567,0
4011,64,54.6,5.6,666.666666667,843.5,0
4012,64,54.1,5.4,666.666666667,247.534,0
4013,64,90.3,11.2,666.666666667,1437.367,0
4014,64,81.9,8.3,666.666666667,885.7,0
4015,64,81.6,8.2,666.666666667,325.934,0
4016,64,93.4,11.6,666.666666667,1452.067,0
4017,64,84.1,10.7,666.666666667,902.1,0
4018,64,81.8,10,666.666666667,342.834,0
4019,64,201.4,102.5,666.666666667,1436.967,0
4020,64,91.9,12.4,666.666666667,1021.2,1
4021,64,70.5,8.7,666.666666667,467.434,0
4022,64,72.7,9.9,666.666666667,1936.267,0
4023,64,60.3,7.2,666.666666667,1359.2,0
4024,64,57.7,6.8,666.666666667,769.134,0
4025,64,57.4,6.8,666.666666667,176.567,0
4026,64,57.6,7,666.666666667,813.3,0
4027,64,57.4,6.8,666.666666667,220.634,0
4028,64,66.2,9.4,666.666666667,1481.967,0
4029,64,57.6,6.9,666.666666667,898,0
4030,64,55.3,6.9,666.666666667,305.434,0
4031,64,61.9,7.6,666.666666667,1482.667,0
4032,64,54.2,5.5,666.666666667,894.4,0
4033,64,54.6,5.6,666.666666667,298.334,0
4034,64,61.7,7.6,666.666666667,1491.667,0
4035,64,55.2,5.7,666.666666667,903.2,0
4036,64,54.6,5.6,666.666666667,308.234,0
4037,64,92.2,11.6,666.666666667,1493.067,0
4038,64,81.2,8.3,666.666666667,943.3,0
4039,64,79.5,8.1,666.666666667,382.334,0
4040,64,100.4,11.2,666.666666667,1493.367,0
4041,64,187.7,109.3,666.666666667,949.8,0
4042,64,90.9,10.5,666.666666667,493.634,0
4043,64,134,28.5,666.666666667,1486.367,0
4044,64,72.7,8.2,666.666666667,977.2,0
4045,64,54,5.5,666.666666667,399.634,0
4046,64,96.9,11.2,666.666666667,1494.667,0
4047,64,84.8,8.7,666.666666667,948.7,0
4048,64,82.1,8.4,666.666666667,390.434,0
4049,64,65.3,8.3,666.666666667,1483.967,0
4050,64,56.4,7,666.666666667,914.9,1
4051,64,56,6.8,666.666666667,321.334,0
4052,64,65.1,8,666.666666667,1484.867,0
4053,64,54.6,5.6,666.666666667,899.9,0
4054,64,54.5,5.6,666.666666667,304.234,0
4055,64,68.6,8.1,666.666666667,1485.467,0
4056,64,58.4,6.7,666.666666667,903.8,0
4057,64,57.9,6.7,666.666666667,311.934,0
4058,64,85.2,9.8,666.666666667,1489.767,0
4059,64,72.4,8.6,666.666666667,929.2,0
4060,64,70.9,8.4,666.666666667,355.734,0
4061,64,66.2,9.4,666.666666667,1485.367,0
4062,64,56.7,7.1,666.666666667,901.6,0
4063,64,54.4,5.6,666.666666667,308.134,0
4064,64,70.5,7.5,666.666666667,1488.167,0
4065,64,68.3,6.8,666.666666667,912.5,0
4066,64,68.7,7,666.666666667,334.534,0
4067,64,491.2,214.1,666.666666667,1486.567,0
4068,64,106.2,10.9,666.666666667,1341.3,0
4069,64,108.3,26.4,666.666666667,810.134,0
4070,64,95.3,20.5,666.666666667,275.567,0
4071,64,75.3,9.7,666.666666667,820,0
4072,64,74,10.1,666.666666667,248.634,0
4073,64,102.2,12.1,666.666666667,1491.667,0
4074,64,88.1,10.8,666.666666667,951.3,0
4075,64,92.9,10.7,666.666666667,396.534,0
4076,64,73.6,10.3,666.666666667,1484.467,0
4077,64,55,5.6,666.666666667,908.3,0
4078,64,54.2,5.5,666.666666667,313.134,0
4079,64,61.6,10.8,666.666666667,1484.767,0
4080,64,55.1,5.6,666.666666667,911.1,1
4081,64,54.8,5.5,666.666666667,315.934,0
4082,64,59.4,7.3,666.666666667,1482.967,0
4083,64,55.7,6.8,666.666666667,892,0
4084,64,55.1,6.5,666.666666667,297.434,0
4085,64,73.7,8.7,666.666666667,1489.467,0
4086,64,77,11.9,666.666666667,916.8,0
4087,64,67.9,6.9,666.666666667,347.334,0
4088,64,80.5,9.5,666.666666667,1488.867,0
4089,64,73.8,8.6,666.666666667,923.6,0
4090,64,73.4,8.4,666.666666667,351.434,0
4091,64,218,104.1,666.666666667,1495.067,0
4092,64,103.3,14,666.666666667,1076.8,0
4093,64,87.7,10.6,666.666666667,537.434,0
4094,64,66.6,9.4,666.666666667,1487.467,0
4095,64,56.4,7.1,666.666666667,903.8,0
4096,64,56.7,5.8,666.666666667,309.934,0
4097,64,68.6,7,666.666666667,989.067,0
4098,64,68.4,7,666.666666667,411,0
4099,64,70.9,7.5,666.666666667,987.434,0
4100,64,67.9,6.9,666.666666667,412.367,0
4101,64,71.7,7.8,666.666666667,1678.5,0
4102,64,68.5,7,666.666666667,1104.234,0
4103,64,68,7,666.666666667,526.767,0
4104,64,75,8.9,666.666666667,1657.8,0
4105,64,73.9,8.8,666.666666667,1086.734,0
4106,64,72.8,8.3,666.666666667,514.567,0
4107,64,102.1,12.2,666.666666667,1662,0
4108,64,88.6,10.6,666.666666667,1121.334,0
4109,64,84.8,10.5,666.666666667,566.967,0
4110,64,62.4,7.6,666.666666667,1668.2,1
4111,64,54.5,5.5,666.666666667,1080.434,0
4112,64,53.8,5.6,666.666666667,484.367,0
4113,64,76.7,9,666.666666667,1657.7,0
4114,64,70.6,8.5,666.666666667,1088.734,0
4115,64,69.8,8.3,666.666666667,513.667,0
4116,64,141.2,41.1,666.666666667,1670.2,0
4117,64,96,24.1,666.666666667,1168.434,0
4118,64,109.2,18.3,666.666666667,621.167,0
4119,64,105,11.2,666.666666667,103.6,0
4120,64,64.1,7.8,666.666666667,992.134,0
4121,64,56.7,7.1,666.666666667,405.867,0
4122,64,95.2,11.1,666.666666667,1665.3,0
4123,64,88.5,10.5,666.666666667,1118.234,0
4124,64,85.1,9.9,666.666666667,564.867,0
4125,64,69.1,9.5,666.666666667,1657.7,0
4126,64,57.2,6.6,666.666666667,1076.334,0
4127,64,56.9,6.5,666.666666667,483.167,0
4128,64,65.4,9.7,666.666666667,1654.7,0
4129,64,54.7,5.5,666.666666667,1069.734,0
4130,64,54.2,5.5,666.666666667,474.367,0
4131,64,61,7.5,666.666666667,1653.4,0
4132,64,54.5,5.5,666.666666667,1064.234,0
4133,64,53.6,5.5,666.666666667,468.367,0
4134,64,57.7,6.3,666.666666667,1658.7,0
4135,64,54.3,5.6,666.666666667,1066.034,0
4136,64,54.1,5.5,666.666666667,469.967,0
4137,64,123.9,19.8,666.666666667,1661.2,0
4138,64,90.6,10.1,666.666666667,1147.634,0
4139,64,66.5,6.7,666.666666667,591.967,0
4140,64,97.8,11.2,666.666666667,1683.3,1
4141,64,91.4,10.7,666.666666667,1137.934,0
4142,64,88,9.9,666.666666667,585.667,0
4143,64,91.3,10.8,666.666666667,30.5,0
4144,64,63,8,666.666666667,983.334,0
4145,64,54,5.5,666.666666667,396.167,0
4146,64,91.9,11.7,666.666666667,1691.3,0
4147,64,80.8,8.2,666.666666667,1141.234,0
4148,64,80,8.2,666.666666667,579.867,0
4149,64,76.9,9.5,666.666666667,1655.6,0
4150,64,70.4,8.5,666.666666667,1087.034,0
4151,64,69.4,8.3,666.666666667,511.467,0
4152,64,79.4,9.9,666.666666667,1660.3,0
4153,64,67.8,6.9,666.666666667,1093.834,0
4154,64,67.1,6.8,666.666666667,515.467,0
4155,64,73.8,9.1,666.666666667,1661,0
4156,64,72.2,8.7,666.666666667,1089.034,0
4157,64,70.8,8.4,666.666666667,515.367,0
4158,64,87.4,10.6,666.666666667,1659.1,0
4159,64,70.3,8.4,666.666666667,1100.434,0
4160,64,69.3,8.3,666.666666667,524.367,0
4161,64,131.4,32.1,666.666666667,1692.5,0
4162,64,80.4,12.8,666.666666667,1181.834,0
4163,64,69.5,8.4,666.666666667,616.467,0
4164,64,73.2,9.6,666.666666667,40,0
4165,64,79.8,9.8,666.666666667,995.934,0
4166,64,70.6,8.5,666.666666667,430.267,0
4167,64,64.3,8.2,666.666666667,1658.1,0
4168,64,56.2,7.1,666.666666667,1072.534,0
4169,64,54.1,5.4,666.666666667,478.467,0
4170,64,76.7,9.8,666.666666667,1677.4,1
4171,64,67.8,7,666.666666667,1108.234,0
4172,64,67.7,6.8,666.666666667,530.167,0
4173,64,69.6,7.2,666.666666667,1661.2,0
4174,64,68.1,7,666.666666667,1084.734,0
4175,64,68.1,7,666.666666667,506.567,0
4176,64,68,7.9,666.666666667,1659.6,0
4177,64,59.5,6.7,666.666666667,1077.134,0
4178,64,59.4,6.7,666.666666667,485.967,0
4179,64,67.9,8,666.666666667,1659.4,0
4180,64,54.7,5.6,666.666666667,1076.834,0
4181,64,54.7,5.6,666.666666667,481.467,0
4182,64,70.7,7.3,666.666666667,1663.9,0
4183,64,68.2,6.9,666.666666667,1088.434,0
4184,64,67.9,7,666.666666667,510.467,0
4185,64,174.4,41.4,666.666666667,1171,0
4186,64,115.4,16.1,666.666666667,713.934,0
4187,64,85,10.1,666.666666667,187.067,0
4188,64,65,7.9,666.666666667,638.2,0
4189,64,54,5.4,666.666666667,53.134,0
4190,64,96.2,11.9,666.666666667,1315.367,0
4191,64,85.6,10.2,666.666666667,769.7,0
4192,64,84.8,9.9,666.666666667,212.834,0
4193,64,68.8,8.1,666.666666667,1310.267,0
4194,64,58.2,7.1,666.666666667,729.1,0
4195,64,57.1,6.8,666.666666667,137.134,0
4196,64,79.2,10.1,666.666666667,1311.467,0
4197,64,70.8,8.3,666.666666667,744.9,0
4198,64,69.3,8.1,666.666666667,169.834,0
4199,64,70.7,8.3,666.666666667,1309.767,0
4200,64,68.1,6.9,666.666666667,748.6,1
4201,64,67.4,6.8,666.666666667,170.934,0
4202,64,75.2,9.2,666.666666667,1309.367,0
4203,64,67.6,6.8,666.666666667,738.3,0
4204,64,67.4,6.8,666.666666667,159.534,0
4205,64,62.1,8,666.666666667,1309.367,0
4206,64,54.3,5.7,666.666666667,721.5,0
4207,64,53.8,5.4,666.666666667,125.434,0
4208,64,181.3,77.2,666.666666667,1333.867,0
4209,64,91.5,10.7,666.666666667,872.5,0
4210,64,88.7,10.8,666.666666667,320.934,0
4211,64,68.9,8,666.666666667,1306.167,0
4212,64,57.8,7.2,666.666666667,725,0
4213,64,55.5,6.6,666.666666667,132.534,0
4214,64,63.4,7.9,666.666666667,1311.367,0
4215,64,55.2,5.6,666.666666667,724.9,0
4216,64,55.3,5.5,666.666666667,130.134,0
4217,64,76.4,9.7,666.666666667,1311.567,0
4218,64,67.7,6.9,666.666666667,742.2,0
4219,64,67.3,6.9,666.666666667,163.834,0
4220,64,61,7.4,666.666666667,1305.067,0
4221,64,55.7,6.6,666.666666667,716.2,0
4222,64,55.4,6.6,666.666666667,121.934,0
4223,64,75.9,8.8,666.666666667,1311.167,0
4224,64,71.5,8.4,666.666666667,741,0
4225,64,71.7,8.4,666.666666667,166.534,0
4226,64,98.4,11.6,666.666666667,1319.667,0
4227,64,87.2,10.7,666.666666667,775.3,0
4228,64,86.9,10.4,666.666666667,219.634,0
4229,64,65.2,8.9,666.666666667,1307.167,0
4230,64,57.3,7.4,666.666666667,736.7,1
4231,64,55.1,5.8,666.666666667,143.634,0
4232,64,136,16.9,666.666666667,1346.367,0
4233,64,94.1,12.9,666.666666667,851.5,0
4234,64,84.2,10.1,666.666666667,303.734,0
4235,64,62.9,7.6,666.666666667,1312.467,0
4236,64,54.5,5.6,666.666666667,725.1,0
4237,64,53.6,5.5,666.666666667,129.434,0
4238,64,85.4,9,666.666666667,1319.267,0
4239,64,81.6,8.4,666.666666667,762.8,0
4240,64,81.4,8.4,666.666666667,202.434,0
4241,64,89.5,10.5,666.666666667,1317.067,0
4242,64,82.6,8.3,666.666666667,763.6,0
4243,64,78.3,8.1,666.666666667,203.134,0
4244,64,106.2,12.2,666.666666667,1321.267,0
4245,64,94.7,11,666.666666667,784.8,0
4246,64,93.5,10.6,666.666666667,236.334,0
4247,64,68,8.1,666.666666667,1314.167,0
4248,64,54.7,5.6,666.666666667,732.2,0
4249,64,54.3,5.5,666.666666667,136.434,0
4250,64,62.1,7.8,666.666666667,1314.167,0
4251,64,54.2,5.6,666.666666667,726.1,0
4252,64,54.2,5.6,666.666666667,129.834,0
4253,64,55.4,5.7,666.666666667,1311.967,0
4254,64,53.9,5.6,666.666666667,716.7,0
4255,64,53.7,5.6,666.666666667,120.034,0
4256,64,157.1,26.6,666.666666667,1427.867,0
4257,64,135.8,17.1,666.666666667,954.8,0
4258,64,112.5,13.7,666.666666667,458.734,0
4259,64,78.5,9.7,666.666666667,1320.067,0
4260,64,67.9,7,666.666666667,769.7,1
4261,64,67.1,7.1,666.666666667,191.334,0
4262,64,67.2,7.8,666.666666667,1310.367,0
4263,64,60,7,666.666666667,727.6,0
4264,64,58.5,6.7,666.666666667,137.434,0
4265,64,101,13.4,666.666666667,1316.367,0
4266,64,84,10.4,666.666666667,775.7,0
4267,64,82.9,10.1,666.666666667,217.334,0
4268,64,82.3,11.5,666.666666667,1313.567,0
4269,64,69.6,8.4,666.666666667,750.1,0
4270,64,69.2,8.2,666.666666667,173.734,0
4271,64,79,9.8,666.666666667,1316.167,0
4272,64,68.2,7,666.666666667,749.2,0
4273,64,68,7,666.666666667,170.834,0
4274,64,72,7.7,666.666666667,1319.267,0
4275,64,68.5,6.8,666.666666667,745.4,0
4276,64,68.7,7.1,666.666666667,167.934,0
4277,64,89.9,11.4,666.666666667,1330.867,0
4278,64,80.9,8.2,666.666666667,778.7,0
4279,64,80.4,8.1,666.666666667,217.334,0
4280,64,119,14.7,666.666666667,1326.867,0
4281,64,108.6,13.2,666.666666667,808.8,0
4282,64,108,12.9,666.666666667,280.334,0
4283,64,85.5,10,666.666666667,1320.467,0
4284,64,70.6,8.3,666.666666667,759.7,0
4285,64,69.9,8.1,666.666666667,183.234,0
4286,64,66,8.2,666.666666667,1318.267,0
4287,64,54.9,5.7,666.666666667,733.8,0
4288,64,54.5,5.6,666.666666667,138.034,0
4289,64,82.5,8.5,666.666666667,1323.767,0
4290,64,82.4,8.3,666.666666667,778,1
4291,64,81.7,8.2,666.666666667,218.734,0
4292,64,95.7,11.7,666.666666667,1329.867,0
4293,64,86.1,10.8,666.666666667,782.9,0
4294,64,85,10.7,666.666666667,225.934,0
4295,64,100,11.4,666.666666667,1834.067,0
4296,64,87.3,10.1,666.666666667,1292,0
4297,64,86.2,9.9,666.666666667,737.034,0
4298,64,86.6,10.1,666.666666667,180.867,0
4299,64,60.8,6.7,666.666666667,707.3,0
4300,64,57.9,7.2,666.666666667,118.134,0
4301,64,65.1,9.4,666.666666667,1376.467,0
4302,64,57.9,7,666.666666667,791.4,0
4303,64,57.8,7.2,666.666666667,199.434,0
4304,64,65.4,7.9,666.666666667,1379.767,0
4305,64,55.5,5.6,666.666666667,795.1,0
4306,64,55.2,5.8,666.666666667,200.434,0
4307,64,62.6,8,666.666666667,1373.467,0
4308,64,54.5,5.5,666.666666667,785.8,0
4309,64,54.2,5.6,666.666666667,190.034,0
4310,64,91.4,11.6,666.666666667,1382.667,0
4311,64,80.6,8.3,666.666666667,832.2,0
4312,64,79.9,8.2,666.666666667,270.134,0
4313,64,73.4,9.1,666.666666667,1376.967,0
4314,64,70.9,8.3,666.666666667,804.3,0
4315,64,70.3,8.3,666.666666667,229.134,0
4316,64,100.8,11.2,666.666666667,1381.067,0
4317,64,91.5,10.9,666.666666667,839.2,0
4318,64,93,10.8,666.666666667,288.134,0
4319,64,66,8.1,666.666666667,1374.167,0
4320,64,54.7,5.6,666.666666667,805.1,1
4321,64,54,5.6,666.666666667,209.434,0
4322,64,68.7,7.1,666.666666667,1376.367,0
4323,64,67.9,6.9,666.666666667,798.6,0
4324,64,67.6,6.9,666.666666667,220.334,0
4325,64,62.6,7.9,666.666666667,878.967,0
4326,64,54.3,5.6,666.666666667,291.4,0
4327,64,105.6,29.8,666.666666667,1094.734,0
4328,64,123,15.1,666.666666667,591.967,0
4329,64,94,11.4,666.666666667,82.5,0
4330,64,96.5,11.5,666.666666667,1090.134,0
4331,64,85.1,10.7,666.666666667,543.767,0
4332,64,94.3,11.3,666.666666667,1754.1,0
4333,64,92.1,10.9,666.666666667,1205.734,0
4334,64,89.2,10.6,666.666666667,654.867,0
4335,64,89,10.5,666.666666667,101,0
4336,64,65.9,9.4,666.666666667,1081.034,0
4337,64,56.2,6.8,666.666666667,496.967,0
4338,64,63.2,7.5,666.666666667,1745.5,0
4339,64,56,7.1,666.666666667,1158.034,0
4340,64,53.7,5.5,666.666666667,563.767,0
4341,64,62.6,7.9,666.666666667,1749.9,0
4342,64,54.5,5.5,666.666666667,1162.434,0
4343,64,53.4,5.4,666.666666667,566.467,0
4344,64,62.3,7.9,666.666666667,1748.9,0
4345,64,54.1,5.5,666.666666667,1161.034,0
4346,64,53.9,5.6,666.666666667,564.567,0
4347,64,94.7,11.6,666.666666667,1758.6,0
4348,64,83.7,10.4,666.666666667,1211.534,0
4349,64,82.6,9.9,666.666666667,653.067,0
4350,64,72.5,8.8,666.666666667,110.4,1
4351,64,112.7,13.4,666.666666667,1083.634,0
4352,64,108,13,666.666666667,558.967,0
4353,64,105.7,13.1,666.666666667,27.3,0
4354,64,67,7.9,666.666666667,1080.834,0
4355,64,54.6,5.5,666.666666667,497.867,0
4356,64,63.2,8.1,666.666666667,1752.7,0
4357,64,54.3,5.5,666.666666667,1165.734,0
4358,64,53.6,5.3,666.666666667,569.667,0
4359,64,62.7,7.9,666.666666667,1744.7,0
4360,64,55.1,5.5,666.666666667,1157.534,0
4361,64,54.4,5.4,666.666666667,562.367,0
4362,64,98.3,11.7,666.666666667,1760.2,0
4363,64,88.6,10.6,666.666666667,1215.734,0
4364,64,88.5,10.6,666.666666667,661.467,0
4365,64,88.5,11,666.666666667,106.7,0
4366,64,108.4,16.7,666.666666667,1095.034,0
4367,64,112.3,14.4,666.666666667,570.367,0
4368,64,86.1,9.9,666.666666667,40.7,0
4369,64,69.1,9.4,666.666666667,1085.634,0
4370,64,57.9,6.8,666.666666667,504.467,0
4371,64,64.5,7.7,666.666666667,1774.6,0
4372,64,57.3,7.3,666.666666667,1188.934,0
4373,64,55.2,5.6,666.666666667,595.967,0
4374,64,93.8,13.6,666.666666667,1753.4,0
4375,64,84.6,8.7,666.666666667,1204.534,0
4376,64,83.3,8.6,666.666666667,646.567,0
4377,64,83.2,8.6,666.666666667,87.3,0
4378,64,75.6,9.6,666.666666667,1092.734,0
4379,64,67.6,7,666.666666667,522.367,0
4380,64,93.3,11.3,666.666666667,1782,1
4381,64,83.8,10.1,666.666666667,1233.234,0
4382,64,82.7,9.8,666.666666667,674.567,0
4383,64,75.3,10.2,666.666666667,115.2,0
4384,64,62,7.9,666.666666667,1090.334,0
4385,64,54.7,5.7,666.666666667,502.167,0
4386,64,62,7.6,666.666666667,1754.7,0
4387,64,55.2,5.6,666.666666667,1166.734,0
4388,64,54.8,5.6,666.666666667,571.667,0
4389,64,94.1,11.2,666.666666667,1762.1,0
4390,64,88.2,10.1,666.666666667,1214.334,0
4391,64,86.8,9.8,666.666666667,660.167,0
4392,64,80.2,10.5,666.666666667,104.4,0
4393,64,63.4,8,666.666666667,1086.934,0
4394,64,54.5,5.6,666.666666667,500.067,0
4395,64,74.5,8.7,666.666666667,1755.3,0
4396,64,68.3,6.9,666.666666667,1183.934,0
4397,64,67.8,6.8,666.666666667,605.967,0
4398,64,68,6.9,666.666666667,27.7,0
4399,64,225.1,119.8,666.666666667,600.334,0
4400,64,59,6.8,666.666666667,175.867,0
4401,64,81.6,9.5,666.666666667,1278.7,0
4402,64,74.6,8.9,666.666666667,714.334,0
4403,64,69.7,8.6,666.666666667,142.867,0
4404,64,68.7,9.1,666.666666667,776.6,0
4405,64,60.9,7.1,666.666666667,195.334,0
4406,64,83.2,9.5,666.666666667,1143.967,0
4407,64,73.9,8.6,666.666666667,581.2,0
4408,64,62.3,8.1,666.666666667,1809.334,0
4409,64,54,5.5,666.666666667,1221.467,0
4410,64,53.8,5.4,666.666666667,640.7,1
4411,64,53.5,5.4,666.666666667,44.034,0
4412,64,62.2,8,666.666666667,1151.267,0
4413,64,53.6,5.4,666.666666667,563.4,0
4414,64,69.3,7.2,666.666666667,1811.134,0
4415,64,67.9,6.9,666.666666667,1234.567,0
4416,64,68,6.9,666.666666667,656.3,0
4417,64,67.7,6.8,666.666666667,78.234,0
4418,64,79.5,9.8,666.666666667,1146.867,0
4419,64,70.2,8.5,666.666666667,580.2,0
4420,64,271.4,167.9,666.666666667,1821.634,0
4421,64,75.1,10.9,666.666666667,1449.967,0
4422,64,58.7,6.6,666.666666667,874.9,0
4423,64,58.2,6.8,666.666666667,283.534,0
4424,64,63.4,8,666.666666667,1141.667,0
4425,64,54.2,5.4,666.666666667,555.3,0
4426,64,61.2,7.6,666.666666667,1807.634,0
4427,64,53.6,5.5,666.666666667,1218.767,0
4428,64,53.4,5.4,666.666666667,621.8,0
4429,64,53.7,5.5,666.666666667,24.834,0
4430,64,73.3,8.5,666.666666667,1151.467,0
4431,64,67.3,6.8,666.666666667,578.3,0
4432,64,96.1,11.6,666.666666667,1817.234,0
4433,64,91.4,11,666.666666667,1270.667,0
4434,64,90.4,10.9,666.666666667,719,0
4435,64,90.7,11.1,666.666666667,166.434,0
4436,64,94.8,11.1,666.666666667,1149.767,0
4437,64,90.3,10.8,666.666666667,601.5,0
4438,64,89.3,10.7,666.666666667,48.834,0
4439,64,67.7,7.9,666.666666667,1179.067,0
4440,64,55.6,5.7,666.666666667,608.5,1
4441,64,54.5,5.6,666.666666667,14.134,0
4442,64,75.9,9.8,666.666666667,1151.867,0
4443,64,67,6.9,666.666666667,582,0
4444,64,139.4,24,666.666666667,1915.934,0
4445,64,82.3,8.5,666.666666667,1421.667,0
4446,64,80.1,8.2,666.666666667,861.6,0
4447,64,80.8,8.3,666.666666667,299.534,0
4448,64,61.4,7.8,666.666666667,1144.867,0
4449,64,54,5.5,666.666666667,555.9,0
4450,64,63,7.6,666.666666667,1812.234,0
4451,64,56.7,6.9,666.666666667,1225.267,0
4452,64,56.3,6.8,666.666666667,632,0
4453,64,57,7.1,666.666666667,38.334,0
4454,64,55.9,5.7,666.666666667,651.767,0
4455,64,54.8,5.6,666.666666667,57.6,0
4456,64,96.5,11.6,666.666666667,1325.134,0
4457,64,90,10.9,666.666666667,779.167,0
4458,64,89.4,10.7,666.666666667,226.4,0
4459,64,67,7.9,666.666666667,1320.434,0
4460,64,56,6.9,666.666666667,737.267,0
4461,64,54,5.5,666.666666667,142.9,0
4462,64,60.5,7.7,666.666666667,1325.234,0
4463,64,54.4,5.6,666.666666667,735.567,0
4464,64,67.3,6.8,666.666666667,140.7,0
4465,64,77.3,9.7,666.666666667,1327.434,0
4466,64,68,6.9,666.666666667,758.467,0
4467,64,67.5,6.8,666.666666667,179.8,0
4468,64,183.4,92.8,666.666666667,1334.634,0
4469,64,93.9,11.2,666.666666667,874.567,0
4470,64,93.4,10.6,666.666666667,343.6,1
4471,64,86.9,11.5,666.666666667,1329.534,0
4472,64,65.1,8.2,666.666666667,770.267,0
4473,64,55.1,6.6,666.666666667,184.8,0
4474,64,64.2,7.6,666.666666667,1320.834,0
4475,64,54,5.5,666.666666667,734.767,0
4476,64,53.8,5.4,666.666666667,138.3,0
4477,64,72.2,8.2,666.666666667,1323.834,0
4478,64,67.9,6.9,666.666666667,749.867,0
4479,64,66.3,6.7,666.666666667,171.2,0
4480,64,69.8,7.5,666.666666667,1324.834,0
4481,64,66.9,6.7,666.666666667,748.267,0
4482,64,67.7,7,666.666666667,168.9,0
4483,64,99.3,12.8,666.666666667,1328.134,0
4484,64,83.5,10,666.666666667,785.267,0
4485,64,82.5,9.8,666.666666667,226.4,0
4486,64,64.4,8,666.666666667,1320.834,0
4487,64,54.5,5.5,666.666666667,735.067,0
4488,64,53.7,5.5,666.666666667,139.2,0
4489,64,65.9,8,666.666666667,1320.034,0
4490,64,59.2,6.9,666.666666667,735.967,0
4491,64,67.2,10.2,666.666666667,144.7,0
4492,64,114.3,20.8,666.666666667,1352.634,0
4493,64,82.7,10.4,666.666666667,822.967,0
4494,64,76.5,8,666.666666667,262.1,0
4495,64,61,7.7,666.666666667,1316.934,0
4496,64,53.9,5.5,666.666666667,727.667,0
4497,64,53.6,5.4,666.666666667,131,0
4498,64,91.6,11.6,666.666666667,1333.634,0
4499,64,81.8,8.2,666.666666667,783.367,0
