block_index,frames,chain_us,max_one_us,deadline_us,late_start_us,automated
0,64,139.7,24.5,666.666666667,41.8,1
1,64,128.6,16.4,666.666666667,1406.534,0
2,64,86.6,9.3,666.666666667,892.567,0
3,64,87.3,10.4,666.666666667,336.1,0
4,64,78.9,10.8,666.666666667,1397.434,0
5,64,67.7,7,666.666666667,828.267,0
6,64,68,7,666.666666667,249.6,0
7,64,76,9.3,666.666666667,1401.334,0
8,64,67.5,6.8,666.666666667,831.567,0
9,64,66.9,6.7,666.666666667,253.1,0
10,64,117.9,32.9,666.666666667,1408.334,0
11,64,73.7,10.5,666.666666667,882.967,0
12,64,55.8,7.1,666.666666667,306.4,0
13,64,65.2,9.5,666.666666667,1399.634,0
14,64,59.2,7.2,666.666666667,814.567,0
15,64,55.8,6.5,666.666666667,223.3,0
16,64,66.8,7.9,666.666666667,1404.634,0
17,64,76.9,10,666.666666667,821.467,0
18,64,81.7,9.9,666.666666667,256.4,0
19,64,87.2,9.8,666.666666667,1418.134,0
20,64,86.1,9.9,666.666666667,863.467,0
21,64,85,9.8,666.666666667,307.3,0
22,64,83.8,9.3,666.666666667,1413.334,0
23,64,68.2,8.1,666.666666667,851.167,0
24,64,67.4,8,666.666666667,272.9,0
25,64,76.4,8.9,666.666666667,1410.934,0
26,64,57.2,6.9,666.666666667,841.467,0
27,64,62.6,8.1,666.666666667,248.6,0
28,64,65.7,8.1,666.666666667,1408.034,0
29,64,67.1,8.3,666.666666667,823.767,0
30,64,68,8.2,666.666666667,262.6,1
31,64,69.5,8.2,666.666666667,1410.834,0
32,64,79.6,8.2,666.666666667,836.667,0
33,64,78.9,7.9,666.666666667,273.8,0
34,64,108.7,15.4,666.666666667,1486.534,0
35,64,80.4,8.4,666.666666667,952.567,0
36,64,76.6,8.1,666.666666667,388.8,0
37,64,95.2,11.6,666.666666667,1412.534,0
38,64,82.1,8.4,666.666666667,864.967,0
39,64,81.1,8.1,666.666666667,304.1,0
40,64,85.6,10.9,666.666666667,1415.934,0
41,64,53.4,5.4,666.666666667,851.867,0
42,64,53,5.3,666.666666667,254.7,0
43,64,85.2,10,666.666666667,1568.734,0
44,64,79.2,10,666.666666667,1010.267,0
45,64,78.8,9.8,666.666666667,445.6,0
46,64,81.3,11.5,666.666666667,1560.434,0
47,64,72.7,9,666.666666667,995.567,0
48,64,69.4,8.2,666.666666667,422,0
49,64,101.7,12.1,666.666666667,1565.634,0
50,64,87.5,10.5,666.666666667,1024.467,0
51,64,84.8,9.9,666.666666667,468.5,0
52,64,159.8,37.5,666.666666667,1567.834,0
53,64,111.1,12.8,666.666666667,1091.567,0
54,64,128.2,27.2,666.666666667,565.7,0
55,64,64.6,7.3,666.666666667,44.434,0
56,64,61.1,7.4,666.666666667,891.867,0
57,64,55.3,6.7,666.666666667,303,0
58,64,62.5,7.6,666.666666667,1553.534,0
59,64,55.2,7.1,666.666666667,965.867,0
60,64,59.5,7.7,666.666666667,387,1
61,64,75.5,10.2,666.666666667,1550.234,0
62,64,67.3,8.3,666.666666667,979.167,0
63,64,59.5,7.8,666.666666667,396.2,0
64,64,79,9.8,666.666666667,1559.734,0
65,64,67.4,7.1,666.666666667,993.067,0
66,64,66.6,6.8,666.666666667,414.3,0
67,64,80.8,8.5,666.666666667,1563.934,0
68,64,79.1,7.9,666.666666667,1002.267,0
69,64,78.9,8.1,666.666666667,438.8,0
70,64,61.1,7.6,666.666666667,1557.434,0
71,64,54,5.5,666.666666667,968.667,0
72,64,53.7,5.6,666.666666667,372.5,0
73,64,81.1,8.5,666.666666667,1567.034,0
74,64,79.4,7.9,666.666666667,1006.167,0
75,64,79.1,8,666.666666667,443.7,0
76,64,89.3,10.4,666.666666667,1262.334,0
77,64,82.2,10.9,666.666666667,710.167,0
78,64,84.5,11.1,666.666666667,149.9,0
79,64,87.7,11.2,666.666666667,1448.234,0
80,64,86.8,10.7,666.666666667,894.067,0
81,64,83.8,9.9,666.666666667,338.5,0
82,64,76.3,10.4,666.666666667,1451.234,0
83,64,56.3,6.7,666.666666667,877.367,0
84,64,56.4,6.6,666.666666667,283.5,0
85,64,69.9,7.8,666.666666667,1447.234,0
86,64,57.2,6.5,666.666666667,866.867,0
87,64,56.8,6.5,666.666666667,273.8,0
88,64,87.1,28.1,666.666666667,1439.834,0
89,64,55.3,6.5,666.666666667,876.667,0
90,64,55,6.5,666.666666667,295.9,1
91,64,59.8,7.1,666.666666667,1440.934,0
92,64,54.1,5.5,666.666666667,850.767,0
93,64,53.7,5.5,666.666666667,254.8,0
94,64,70.8,8.6,666.666666667,1442.534,0
95,64,69.5,8.3,666.666666667,867.267,0
96,64,69.2,8.3,666.666666667,290.6,0
97,64,63,7.8,666.666666667,1435.734,0
98,64,53.2,5.5,666.666666667,848.467,0
99,64,52.7,5.3,666.666666667,251.3,0
100,64,81.7,9.6,666.666666667,1449.734,0
101,64,79.4,8.2,666.666666667,891.667,0
102,64,78.3,7.8,666.666666667,328.3,0
103,64,126.7,29.4,666.666666667,1457.834,0
104,64,107.5,11.3,666.666666667,952.467,0
105,64,100.8,10.1,666.666666667,422.5,0
106,64,61.1,7.7,666.666666667,1442.234,0
107,64,53.5,5.5,666.666666667,852.767,0
108,64,52.6,5.3,666.666666667,255.7,0
109,64,67.9,8.3,666.666666667,1445.934,0
110,64,83.8,11,666.666666667,871.767,0
111,64,81.9,10.4,666.666666667,313,0
112,64,62.4,9.2,666.666666667,1444.834,0
113,64,56,7.2,666.666666667,856.967,0
114,64,53.5,5.5,666.666666667,262.4,0
115,64,102.3,12.6,666.666666667,1451.234,0
116,64,94.2,10.6,666.666666667,910.767,0
117,64,96.9,11.3,666.666666667,362,0
118,64,101.2,11.8,666.666666667,1457.934,0
119,64,86.9,9.6,666.666666667,915.967,0
120,64,85.3,9.4,666.666666667,375.8,1
121,64,63,7.1,666.666666667,1444.534,0
122,64,55,6.6,666.666666667,857.367,0
123,64,54.2,6.6,666.666666667,262,0
124,64,60.1,7.3,666.666666667,1444.634,0
125,64,54,5.6,666.666666667,854.467,0
126,64,54,5.5,666.666666667,258,0
127,64,90.8,10.9,666.666666667,1489.234,0
128,64,116,13.8,666.666666667,956.867,0
129,64,105.4,13.2,666.666666667,435.8,0
130,64,63.9,8,666.666666667,1437.434,0
131,64,53.8,5.7,666.666666667,851.167,0
132,64,52.6,5.3,666.666666667,254.5,0
133,64,71.4,8.6,666.666666667,1449.834,0
134,64,79.2,8.2,666.666666667,879.267,0
135,64,78.9,7.9,666.666666667,316.5,0
136,64,71.7,7.9,666.666666667,1446.434,0
137,64,78.4,7.8,666.666666667,876.167,0
138,64,78.9,8,666.666666667,312.3,0
139,64,70.6,7.9,666.666666667,1443.834,0
140,64,78.8,8,666.666666667,872.267,0
141,64,79,8,666.666666667,308.8,0
142,64,61,7.6,666.666666667,1447.134,0
143,64,56.3,7.4,666.666666667,857.867,0
144,64,55.1,7,666.666666667,264,0
145,64,62.8,9.4,666.666666667,1444.234,0
146,64,82.9,10.8,666.666666667,863.767,0
147,64,79.4,8,666.666666667,304.6,0
148,64,93.5,11.9,666.666666667,1462.934,0
149,64,72.7,8.1,666.666666667,910.467,0
150,64,72.2,8.1,666.666666667,353.5,1
151,64,132.6,14.8,666.666666667,1459.034,0
152,64,109.3,12.8,666.666666667,955.867,0
153,64,112.1,13.3,666.666666667,428.8,0
154,64,66.8,7.5,666.666666667,1442.734,0
155,64,55.3,6.8,666.666666667,859.267,0
156,64,54.5,6.5,666.666666667,264.2,0
157,64,63.5,7.6,666.666666667,1440.734,0
158,64,56.9,6.6,666.666666667,854.167,0
159,64,54.5,5.5,666.666666667,261.1,0
160,64,64,7.8,666.666666667,1440.634,0
161,64,66.3,6.6,666.666666667,858.567,0
162,64,66,6.7,666.666666667,278.4,0
163,64,73.6,9.2,666.666666667,1443.634,0
164,64,69,8.6,666.666666667,870.967,0
165,64,67.7,8.2,666.666666667,293.4,0
166,64,66.1,9.2,666.666666667,1441.834,0
167,64,66.2,6.9,666.666666667,862.067,0
168,64,65.3,6.5,666.666666667,282.1,0
169,64,68.2,7.2,666.666666667,1445.534,0
170,64,66,6.8,666.666666667,867.567,0
171,64,66.4,6.7,666.666666667,287.7,0
172,64,122,21.1,666.666666667,1483.934,0
173,64,82.8,8.4,666.666666667,963.367,0
174,64,116.7,36,666.666666667,403,0
175,64,75.9,9.5,666.666666667,1448.434,0
176,64,66.7,6.8,666.666666667,878.567,0
177,64,66.2,6.7,666.666666667,298.7,0
178,64,92.1,13,666.666666667,1460.834,0
179,64,84,10.7,666.666666667,910.267,0
180,64,84.3,10.6,666.666666667,370.4,1
181,64,89.8,11.3,666.666666667,1453.234,0
182,64,87.3,10.8,666.666666667,900.167,0
183,64,86.4,10.5,666.666666667,344.2,0
184,64,125.2,13.8,666.666666667,1453.134,0
185,64,120.8,13.2,666.666666667,942.467,0
186,64,76.1,8.5,666.666666667,426.6,0
187,64,62.8,6.7,666.666666667,1442.334,0
188,64,54.9,6.4,666.666666667,854.867,0
189,64,54.6,6.5,666.666666667,259.4,0
190,64,64.6,7.8,666.666666667,1442.534,0
191,64,53.7,5.5,666.666666667,857.067,0
192,64,53.4,5.4,666.666666667,260.3,0
193,64,87.1,10.9,666.666666667,1452.934,0
194,64,79.4,8.1,666.666666667,897.967,0
195,64,79,8,666.666666667,335.3,0
196,64,167,55.2,666.666666667,955.034,0
197,64,87.2,10.4,666.666666667,479.667,0
198,64,74.4,9.2,666.666666667,1623.2,0
199,64,68.1,8.6,666.666666667,1051.734,0
200,64,65.9,6.8,666.666666667,473.367,0
201,64,73.7,9.2,666.666666667,1628.1,0
202,64,65.7,6.8,666.666666667,1055.734,0
203,64,65.6,6.8,666.666666667,478.367,0
204,64,75.5,9.5,666.666666667,1620.6,0
205,64,67.3,7.1,666.666666667,1050.334,0
206,64,65.7,6.7,666.666666667,471.167,0
207,64,83.1,9.1,666.666666667,1623.1,0
208,64,79.5,7.9,666.666666667,1064.034,0
209,64,78.9,7.9,666.666666667,500.867,0
210,64,84.1,11.2,666.666666667,1641.1,1
211,64,82.1,10.3,666.666666667,1082.434,0
212,64,81.6,9.9,666.666666667,522.367,0
213,64,95.6,14.2,666.666666667,1628.5,0
214,64,83.1,10.1,666.666666667,1081.534,0
215,64,82.2,9.8,666.666666667,522.567,0
216,64,99.2,11.8,666.666666667,1626.9,0
217,64,89.5,10.5,666.666666667,1083.334,0
218,64,88.9,10.5,666.666666667,529.867,0
219,64,99.6,11.9,666.666666667,1704.5,0
220,64,90.9,10.8,666.666666667,1160.734,0
221,64,91.8,10.6,666.666666667,609.367,0
222,64,90.8,10.4,666.666666667,58.6,0
223,64,60.3,7.3,666.666666667,956.734,0
224,64,54.4,5.5,666.666666667,367.067,0
225,64,60.1,7.4,666.666666667,1617.1,0
226,64,53.8,5.6,666.666666667,1027.034,0
227,64,52.9,5.3,666.666666667,430.167,0
228,64,60.9,7.8,666.666666667,1616.3,0
229,64,53.7,5.5,666.666666667,1027.134,0
230,64,53.3,5.5,666.666666667,430.367,0
231,64,75,9.2,666.666666667,1620,0
232,64,68.5,8.3,666.666666667,1049.234,0
233,64,67.7,8,666.666666667,471.367,0
234,64,89.1,10.9,666.666666667,1624.1,0
235,64,80,8.2,666.666666667,1071.034,0
236,64,79.6,7.9,666.666666667,508.567,0
237,64,80.8,8.4,666.666666667,1622.4,0
238,64,79.5,8,666.666666667,1060.934,0
239,64,79.2,7.9,666.666666667,498.167,0
240,64,81.9,8.4,666.666666667,1643.8,1
241,64,78.7,7.9,666.666666667,1083.834,0
242,64,79.8,8.2,666.666666667,520.067,0
243,64,123.8,25,666.666666667,1638.9,0
244,64,79.7,10.2,666.666666667,1118.834,0
245,64,54.7,6.8,666.666666667,548.167,0
246,64,88.9,13.1,666.666666667,1626.3,0
247,64,79.2,8,666.666666667,1073.134,0
248,64,78.8,7.9,666.666666667,510.267,0
249,64,115.9,14.3,666.666666667,1635.1,0
250,64,105.5,12.9,666.666666667,1114.834,0
251,64,108.8,13.1,666.666666667,584.267,0
252,64,109.6,13.5,666.666666667,56.9,0
253,64,103.1,12.2,666.666666667,955.034,0
254,64,91.9,10.6,666.666666667,415.567,0
255,64,70.8,7.8,666.666666667,1619.1,0
256,64,62.8,6.9,666.666666667,1039.634,0
257,64,56.9,6.8,666.666666667,451.967,0
258,64,61.7,7.3,666.666666667,1612.3,0
259,64,53.7,5.6,666.666666667,1025.634,0
260,64,52.8,5.4,666.666666667,428.867,0
261,64,60.5,7.8,666.666666667,1622.8,0
262,64,53.2,5.4,666.666666667,1033.234,0
263,64,52.4,5.2,666.666666667,436.067,0
264,64,92.6,11.4,666.666666667,1633.3,0
265,64,81.6,9.9,666.666666667,1084.034,0
266,64,80.7,9.6,666.666666667,523.467,0
267,64,133,30.7,666.666666667,1623.4,0
268,64,99.2,10.2,666.666666667,1125.434,0
269,64,93,9.8,666.666666667,586.667,0
270,64,66.5,6.8,666.666666667,50.8,1
271,64,61.4,7.9,666.666666667,959.234,0
272,64,53.8,5.5,666.666666667,370.467,0
273,64,61.4,7.7,666.666666667,1617.4,0
274,64,54.2,5.7,666.666666667,1028.634,0
275,64,53.5,5.5,666.666666667,432.267,0
276,64,75.2,9.7,666.666666667,1629.1,0
277,64,68.7,9,666.666666667,1058.434,0
278,64,68.2,8.6,666.666666667,480.867,0
279,64,77.2,11.8,666.666666667,1627.7,0
280,64,69.3,8.9,666.666666667,1058.934,0
281,64,66.1,6.7,666.666666667,481.967,0
282,64,86.3,10.3,666.666666667,1635.4,0
283,64,82.8,9.8,666.666666667,1079.734,0
284,64,82.8,9.5,666.666666667,520.267,0
285,64,131.6,14.6,666.666666667,1639.1,0
286,64,112.6,13.5,666.666666667,1135.034,0
287,64,111.4,13.1,666.666666667,611.167,0
288,64,111,12.9,666.666666667,87.5,0
289,64,93.6,12.1,666.666666667,965.334,0
290,64,85.3,10.8,666.666666667,416.967,0
291,64,143.9,26.4,666.666666667,2124.4,0
292,64,123.7,14.7,666.666666667,1637.734,0
293,64,85.9,12,666.666666667,1128.767,0
294,64,81.1,10,666.666666667,572.6,0
295,64,73.1,9.1,666.666666667,1028.434,0
296,64,109,16.4,666.666666667,457.667,0
297,64,72.2,8.6,666.666666667,1696.4,0
298,64,66,6.7,666.666666667,1122.534,0
299,64,65,6.6,666.666666667,542.367,0
300,64,70.6,9.1,666.666666667,1712.5,1
301,64,67.6,8.4,666.666666667,1137.334,0
302,64,67.7,8.2,666.666666667,558.767,0
303,64,62.4,7.8,666.666666667,1692,0
304,64,53.9,5.8,666.666666667,1104.234,0
305,64,52.7,5.3,666.666666667,510.967,0
306,64,80.4,8.3,666.666666667,1697.5,0
307,64,79,7.9,666.666666667,1135.834,0
308,64,79,8.1,666.666666667,572.367,0
309,64,61,7.8,666.666666667,1691.7,0
310,64,53.2,5.4,666.666666667,1102.634,0
311,64,52.9,5.5,666.666666667,505.467,0
312,64,86.9,10.1,666.666666667,1707.2,0
313,64,82.4,10.8,666.666666667,1151.934,0
314,64,81.3,10.1,666.666666667,591.867,0
315,64,80.9,9.8,666.666666667,30.6,0
316,64,97.7,14.3,666.666666667,1024.234,0
317,64,66.7,8.5,666.666666667,478.467,0
318,64,98.1,12.7,666.666666667,1707.3,0
319,64,66.6,6.7,666.666666667,1159.134,0
320,64,66.9,6.7,666.666666667,579.267,0
321,64,126.9,14.9,666.666666667,1708.6,0
322,64,115.9,12.8,666.666666667,1200.934,0
323,64,115.4,12.8,666.666666667,680.467,0
324,64,99.4,13.3,666.666666667,160,0
325,64,61.9,7.4,666.666666667,1027.534,0
326,64,55.8,6.7,666.666666667,439.167,0
327,64,65.6,7.6,666.666666667,1694.2,0
328,64,56.8,6.9,666.666666667,1109.534,0
329,64,54.1,6.5,666.666666667,516.067,0
330,64,62.8,7.6,666.666666667,1710.6,1
331,64,53.1,5.6,666.666666667,1123.234,0
332,64,52.9,5.5,666.666666667,525.867,0
333,64,79,9.6,666.666666667,1698,0
334,64,68.7,8.3,666.666666667,1131.234,0
335,64,68.2,8.1,666.666666667,553.567,0
336,64,63.2,7.9,666.666666667,1692.8,0
337,64,53.6,5.6,666.666666667,1105.834,0
338,64,52.7,5.3,666.666666667,509.167,0
339,64,73.4,8.7,666.666666667,1701.9,0
340,64,66.5,6.7,666.666666667,1128.834,0
341,64,65.6,6.7,666.666666667,548.667,0
342,64,75.4,9.6,666.666666667,1207.2,0
343,64,66.6,6.9,666.666666667,636.834,0
344,64,66.7,6.7,666.666666667,57.467,0
345,64,135.8,16.1,666.666666667,1219.2,0
346,64,130.7,16.9,666.666666667,724.634,0
347,64,130,16.4,666.666666667,224.467,0
348,64,61.5,9.2,666.666666667,1204,0
349,64,55.4,7.1,666.666666667,615.334,0
350,64,52.9,5.4,666.666666667,23.867,0
351,64,90.8,10.8,666.666666667,1210.6,0
352,64,82.2,8.3,666.666666667,659.234,0
353,64,79.1,8.2,666.666666667,99.267,0
354,64,79.3,9.5,666.666666667,1209.1,0
355,64,70.1,8.5,666.666666667,642.234,0
356,64,69,8.1,666.666666667,65.967,0
357,64,70.3,7.8,666.666666667,1205.2,0
358,64,59.5,6.6,666.666666667,625.134,0
359,64,58.3,6.5,666.666666667,34.067,0
360,64,92,9.9,666.666666667,1227.6,1
361,64,81.3,9.7,666.666666667,677.434,0
362,64,81.6,9.6,666.666666667,115.967,0
363,64,78.2,9.4,666.666666667,1210.5,0
364,64,67.2,7,666.666666667,642.834,0
365,64,66.3,6.7,666.666666667,63.567,0
366,64,70.7,8,666.666666667,1210.1,0
367,64,65.7,6.6,666.666666667,634.434,0
368,64,66.4,6.8,666.666666667,53.767,0
369,64,89.6,10.9,666.666666667,1216.4,0
370,64,81.6,9.8,666.666666667,663.734,0
371,64,80.6,9.5,666.666666667,103.067,0
372,64,92.7,11.1,666.666666667,1213.6,0
373,64,80.7,8.4,666.666666667,663.934,0
374,64,79.7,8,666.666666667,102.567,0
375,64,80.9,8.4,666.666666667,1211.6,0
376,64,79.7,8.1,666.666666667,649.634,0
377,64,126.6,54,666.666666667,86.867,0
378,64,76.7,9.6,666.666666667,1821.5,0
379,64,69.1,8.9,666.666666667,1251.934,0
380,64,68,8.6,666.666666667,674.567,0
381,64,67.5,8.2,666.666666667,96.2,0
382,64,76.4,11.4,666.666666667,1154.134,0
383,64,67.2,6.9,666.666666667,584.567,0
384,64,85.8,10.3,666.666666667,1843.1,0
385,64,63.7,7.9,666.666666667,1284.634,0
386,64,54.2,5.8,666.666666667,698.067,0
387,64,52.5,5.3,666.666666667,101.8,0
388,64,123.3,14.6,666.666666667,1169.034,0
389,64,114.3,13.6,666.666666667,657.167,0
390,64,114,13.3,666.666666667,150.8,1
391,64,86.4,9.8,666.666666667,1155.234,0
392,64,72,8.2,666.666666667,595.367,0
393,64,71,8,666.666666667,21.1,0
394,64,81.1,9.8,666.666666667,1152.434,0
395,64,66.4,6.7,666.666666667,587.967,0
396,64,60.9,7.3,666.666666667,1810.6,0
397,64,56.2,6.9,666.666666667,1221.434,0
398,64,55.3,6.7,666.666666667,627.367,0
399,64,55.8,7.1,666.666666667,32.4,0
400,64,87.7,10.8,666.666666667,1157.634,0
401,64,81.3,9.7,666.666666667,603.167,0
402,64,81.5,9.7,666.666666667,42.3,0
403,64,62.2,7.7,666.666666667,1154.534,0
404,64,101.5,52.8,666.666666667,566.967,0
405,64,53.2,5.6,666.666666667,25.2,0
406,64,59.8,6.9,666.666666667,1144.934,0
407,64,54.2,5.5,666.666666667,554.767,0
408,64,140.4,65.9,666.666666667,1867,0
409,64,69.9,8.4,666.666666667,1364.634,0
410,64,56.2,5.8,666.666666667,791.567,0
411,64,56,5.8,666.666666667,198.2,0
412,64,77.7,11.6,666.666666667,1174.434,0
413,64,68.4,8.7,666.666666667,606.567,0
414,64,67.9,8.5,666.666666667,28.5,0
415,64,91.3,13.9,666.666666667,1163.834,0
416,64,79.6,8.1,666.666666667,613.167,0
417,64,79.2,8.1,666.666666667,50.3,0
418,64,60.7,7.5,666.666666667,1150.134,0
419,64,53.8,5.5,666.666666667,560.667,0
420,64,88.7,11.3,666.666666667,1846.6,1
421,64,80,8.2,666.666666667,1293.534,0
422,64,79.2,7.9,666.666666667,731.467,0
423,64,66.3,6.8,666.666666667,168.1,0
424,64,73.1,9,666.666666667,1156.534,0
425,64,69,8.2,666.666666667,582.967,0
426,64,84.1,10.5,666.666666667,1831.6,0
427,64,62.7,6.9,666.666666667,1268.434,0
428,64,59,6.5,666.666666667,680.367,0
429,64,58.8,6.6,666.666666667,88.6,0
430,64,57.1,5.8,666.666666667,1152.834,0
431,64,53.9,5.6,666.666666667,559.867,0
432,64,77.6,9.4,666.666666667,1895.1,0
433,64,68.3,8.3,666.666666667,1326.634,0
434,64,67.8,8.1,666.666666667,748.567,0
435,64,67.5,8.5,666.666666667,169.8,0
436,64,69.1,8.5,666.666666667,674.834,0
437,64,81.2,10.2,666.666666667,97.567,0
438,64,77.7,9.7,666.666666667,1142.1,0
439,64,68.8,8.6,666.666666667,573.934,0
440,64,60.8,7.5,666.666666667,1799.467,0
441,64,53.5,5.4,666.666666667,1210.1,0
442,64,53.3,5.3,666.666666667,613.134,0
443,64,53.8,5.4,666.666666667,16.267,0
444,64,61.1,7.5,666.666666667,1129.6,0
445,64,53.9,5.6,666.666666667,540.534,0
446,64,83.4,8.6,666.666666667,1807.767,0
447,64,80.1,8.1,666.666666667,1249.2,0
448,64,79.8,8.2,666.666666667,687.634,0
449,64,79.8,8,666.666666667,125.567,0
450,64,72.3,9.4,666.666666667,657.7,1
451,64,70.3,8.6,666.666666667,84.034,0
452,64,76.4,11.3,666.666666667,1315.167,0
453,64,69,9,666.666666667,745.8,0
454,64,66.9,6.8,666.666666667,168.934,0
455,64,185.2,59.9,666.666666667,1357.867,0
456,64,102.7,14.6,666.666666667,909.1,0
457,64,91.9,12.4,666.666666667,369.934,0
458,64,81,9.7,666.666666667,1320.567,0
459,64,72.4,8.5,666.666666667,755.9,0
460,64,70.7,8.4,666.666666667,182.334,0
461,64,68,7.6,666.666666667,1313.567,0
462,64,59.1,6.7,666.666666667,731.5,0
463,64,56.8,6.6,666.666666667,140.334,0
464,64,67.5,7.8,666.666666667,1312.167,0
465,64,55,6.6,666.666666667,729.6,0
466,64,54.3,6.4,666.666666667,134.334,0
467,64,82.7,10,666.666666667,1319.067,0
468,64,80,8.1,666.666666667,759.7,0
469,64,79.4,8,666.666666667,197.734,0
470,64,92.8,11.2,666.666666667,1336.367,0
471,64,82.7,10.1,666.666666667,787.4,0
472,64,82.7,9.9,666.666666667,227.834,0
473,64,70.4,8.8,666.666666667,1312.967,0
474,64,67,6.8,666.666666667,737,0
475,64,66.3,6.6,666.666666667,157.434,0
476,64,77.6,8.2,666.666666667,819.267,0
477,64,113.3,12.2,666.666666667,254.5,0
478,64,164.2,61.2,666.666666667,856.834,0
479,64,67.8,7,666.666666667,374.967,0
480,64,81.2,8.4,666.666666667,1510.4,1
481,64,78.6,8,666.666666667,949.034,0
482,64,78.9,8.1,666.666666667,384.967,0
483,64,67.6,7.2,666.666666667,1489.5,0
484,64,69.1,9.1,666.666666667,910.834,0
485,64,68.6,8.5,666.666666667,333.767,0
486,64,61.2,8.6,666.666666667,1481.9,0
487,64,55.2,7.1,666.666666667,892.934,0
488,64,53.4,5.4,666.666666667,297.667,0
489,64,74.8,9.1,666.666666667,1488.6,0
490,64,70.2,8.3,666.666666667,916.934,0
491,64,69.4,8.2,666.666666667,340.667,0
492,64,70,8,666.666666667,1488.3,0
493,64,58.6,6.6,666.666666667,908.034,0
494,64,58.3,6.6,666.666666667,316.267,0
495,64,79.4,8.7,666.666666667,1487.1,0
496,64,68.8,8.4,666.666666667,920.434,0
497,64,67.7,8.1,666.666666667,342.967,0
498,64,61.9,7.1,666.666666667,1487,0
499,64,57,6.8,666.666666667,899.534,0
500,64,57,6.7,666.666666667,306.967,0
501,64,70.7,11.2,666.666666667,1608.2,0
502,64,56.1,5.8,666.666666667,1029.234,0
503,64,55.5,5.5,666.666666667,436.167,0
504,64,65.3,8,666.666666667,995.8,0
505,64,57.3,7.1,666.666666667,411.534,0
506,64,76.3,9.4,666.666666667,1668.267,0
507,64,69.3,8.5,666.666666667,1098.6,0
508,64,53.6,5.4,666.666666667,518.634,0
509,64,60.3,7.2,666.666666667,1164.667,0
510,64,53.5,5.6,666.666666667,594,1
511,64,75.6,7.9,666.666666667,1836.234,0
512,64,74,7.6,666.666666667,1268.067,0
513,64,73.2,7.3,666.666666667,698.3,0
514,64,73.9,7.5,666.666666667,127.634,0
515,64,93.1,11.7,666.666666667,1178.967,0
516,64,82.4,8.4,666.666666667,631.3,0
517,64,81.8,8.4,666.666666667,72.134,0
518,64,83.2,11.1,666.666666667,1176.967,0
519,64,81,10.2,666.666666667,618,0
520,64,80.7,9.9,666.666666667,56.734,0
521,64,95.9,14.4,666.666666667,1179.967,0
522,64,81.1,8.2,666.666666667,633.9,0
523,64,53.4,5.5,666.666666667,65.034,0
524,64,134.8,15.6,666.666666667,1183.067,0
525,64,114.9,15.6,666.666666667,686.2,0
526,64,86.3,9.6,666.666666667,159.234,0
527,64,94.6,10.5,666.666666667,1177.867,0
528,64,85.6,9.8,666.666666667,637.2,0
529,64,80.3,9.5,666.666666667,79.034,0
530,64,66.1,7.6,666.666666667,1169.767,0
531,64,55.2,6.8,666.666666667,585.5,0
532,64,62.2,7.2,666.666666667,1835.234,0
533,64,56.1,7,666.666666667,1247.267,0
534,64,54.2,6.5,666.666666667,652.8,0
535,64,53.9,6.4,666.666666667,55.934,0
536,64,62.1,7.6,666.666666667,1169.267,0
537,64,55.8,6.8,666.666666667,581,0
538,64,84.8,10.1,666.666666667,1866.834,0
539,64,82,10.1,666.666666667,1308.967,0
540,64,80.2,8.2,666.666666667,762.7,1
541,64,79.6,8.3,666.666666667,200.434,0
542,64,60.9,7.5,666.666666667,1167.467,0
543,64,53.3,5.5,666.666666667,578.2,0
544,64,82.8,8.5,666.666666667,1843.834,0
545,64,80.2,8.1,666.666666667,1284.767,0
546,64,80.3,8.1,666.666666667,722.8,0
547,64,79.9,8.1,666.666666667,160.934,0
548,64,131.4,22.2,666.666666667,1198.067,0
549,64,119.3,12.6,666.666666667,697.9,0
550,64,80,8.2,666.666666667,182.934,0
551,64,101.6,12.2,666.666666667,1184.567,0
552,64,96.7,10.2,666.666666667,649.3,0
553,64,101.1,10.7,666.666666667,108.934,0
554,64,61.8,9.3,666.666666667,1169.167,0
555,64,54.9,6.9,666.666666667,580.7,0
556,64,91.4,13.3,666.666666667,1844.734,0
557,64,83.4,10.9,666.666666667,1294.167,0
558,64,79.9,8.2,666.666666667,735.1,0
559,64,79.6,8.1,666.666666667,172.834,0
560,64,119.9,14.9,666.666666667,1186.567,0
561,64,110.4,13.1,666.666666667,670.6,0
562,64,110.2,13.1,666.666666667,144.534,0
563,64,66.2,8,666.666666667,1169.967,0
564,64,57,6.5,666.666666667,585.9,0
565,64,77.9,8.9,666.666666667,1841.634,0
566,64,73.4,8.4,666.666666667,1273.467,0
567,64,67.6,8,666.666666667,700.6,0
568,64,67.8,8.1,666.666666667,121.734,0
569,64,69.3,8.4,666.666666667,675.267,0
570,64,68.3,8.2,666.666666667,109.8,1
571,64,70.9,8.3,666.666666667,880.634,0
572,64,70.2,8.2,666.666666667,305.167,0
573,64,62.7,7.7,666.666666667,1543.7,0
574,64,55.3,6.9,666.666666667,956.634,0
575,64,53.5,5.5,666.666666667,361.567,0
576,64,75.1,9.5,666.666666667,1553.6,0
577,64,66.4,7,666.666666667,982.534,0
578,64,65.5,6.5,666.666666667,402.567,0
579,64,74,9.6,666.666666667,1547.5,0
580,64,66.2,6.8,666.666666667,975.634,0
581,64,65.6,6.6,666.666666667,395.267,0
582,64,80.7,8.6,666.666666667,1549.2,0
583,64,78.7,7.9,666.666666667,987.834,0
584,64,78.8,8,666.666666667,424.067,0
585,64,89.2,11.3,666.666666667,1556,0
586,64,82.8,11,666.666666667,1003.334,0
587,64,80.8,10,666.666666667,443.767,0
588,64,74,9.8,666.666666667,1546.1,0
589,64,69.2,8.9,666.666666667,973.434,0
590,64,66.6,6.7,666.666666667,396.467,0
591,64,89.7,11.5,666.666666667,1558,0
592,64,79.5,8.2,666.666666667,1005.934,0
593,64,78.1,7.8,666.666666667,442.767,0
594,64,92.1,10.8,666.666666667,1556.7,0
595,64,89.8,9.9,666.666666667,1006.634,0
596,64,88.8,9.6,666.666666667,454.067,0
597,64,104.4,11.7,666.666666667,1555.3,0
598,64,84.9,10.3,666.666666667,1018.134,0
599,64,80.2,8.6,666.666666667,461.267,0
600,64,92,11.9,666.666666667,1571.8,1
601,64,85.8,10.9,666.666666667,1022.234,0
602,64,83.5,10.2,666.666666667,466.067,0
603,64,81.3,9.5,666.666666667,1551.2,0
604,64,69.1,8.4,666.666666667,986.334,0
605,64,68.2,8,666.666666667,409.167,0
606,64,74.8,9.1,666.666666667,1563.7,0
607,64,68,8,666.666666667,992.334,0
608,64,67.6,8,666.666666667,413.867,0
609,64,82.5,9.8,666.666666667,1552,0
610,64,79.1,8,666.666666667,992.134,0
611,64,78.5,7.9,666.666666667,428.567,0
612,64,67.3,7,666.666666667,1547.8,0
613,64,66,6.7,666.666666667,973.034,0
614,64,66.4,6.8,666.666666667,392.667,0
615,64,75.2,7.8,666.666666667,1550.3,0
616,64,74,7.5,666.666666667,981.634,0
617,64,73.6,7.4,666.666666667,411.867,0
618,64,74.5,10.4,666.666666667,1578.7,0
619,64,55.1,5.5,666.666666667,1003.634,0
620,64,55.3,5.7,666.666666667,409.167,0
621,64,98.9,14.2,666.666666667,1560.9,0
622,64,86.5,11,666.666666667,1019.334,0
623,64,86.1,10.4,666.666666667,464.867,0
624,64,64.8,9.5,666.666666667,1671.3,0
625,64,56.3,5.7,666.666666667,1086.734,0
626,64,55.5,5.6,666.666666667,493.567,0
627,64,62.8,7.8,666.666666667,1690.8,0
628,64,55.4,5.5,666.666666667,1104.034,0
629,64,55.3,5.7,666.666666667,509.667,0
630,64,140.8,15.6,666.666666667,1713,1
631,64,134.1,14.9,666.666666667,1222.434,0
632,64,132.5,14.8,666.666666667,724.567,0
633,64,105.3,12.7,666.666666667,225.2,0
634,64,65.6,7.8,666.666666667,1009.834,0
635,64,58.8,7.3,666.666666667,426.267,0
636,64,65,7.5,666.666666667,1672.8,0
637,64,58,7.1,666.666666667,1087.934,0
638,64,55.5,6.6,666.666666667,495.767,0
639,64,90.2,10.6,666.666666667,1678.8,0
640,64,86.2,10.1,666.666666667,1127.834,0
641,64,85.1,10,666.666666667,572.667,0
642,64,94,11.4,666.666666667,1204,0
643,64,55.6,5.9,666.666666667,649.834,0
644,64,54.7,5.5,666.666666667,55.667,0
645,64,62.5,8.1,666.666666667,755.8,0
646,64,55.3,5.7,666.666666667,168.934,0
647,64,80.4,8.4,666.666666667,1429.567,0
648,64,78.8,7.9,666.666666667,867.4,0
649,64,78.1,7.8,666.666666667,303.734,0
650,64,67,6.9,666.666666667,1431.367,0
651,64,65.4,6.6,666.666666667,851.8,0
652,64,66.3,6.8,666.666666667,270.934,0
653,64,72.2,9,666.666666667,1427.867,0
654,64,66.9,6.8,666.666666667,853.8,0
655,64,65.7,6.6,666.666666667,274.434,0
656,64,62.4,9.3,666.666666667,1423.467,0
657,64,55.6,7,666.666666667,835.9,0
658,64,54.7,6.7,666.666666667,241.334,0
659,64,73.1,10.2,666.666666667,936.667,0
660,64,66.3,6.9,666.666666667,377.3,1
661,64,71.8,7.8,666.666666667,1600.234,0
662,64,67.3,6.7,666.666666667,1026.067,0
663,64,67.2,6.7,666.666666667,447.3,0
664,64,136.6,19.1,666.666666667,1616.834,0
665,64,115.6,12.5,666.666666667,1115.167,0
666,64,112.2,13.1,666.666666667,593.1,0
667,64,78.7,8.4,666.666666667,59.034,0
668,64,84.2,9.1,666.666666667,943.667,0
669,64,79.9,8.3,666.666666667,385.9,0
670,64,63.9,7.6,666.666666667,1601.934,0
671,64,56,6.7,666.666666667,1016.067,0
672,64,55.7,6.5,666.666666667,421.7,0
673,64,72.5,8.7,666.666666667,1610.034,0
674,64,66.7,6.8,666.666666667,1036.167,0
675,64,66.4,6.7,666.666666667,456.9,0
676,64,60.3,7.6,666.666666667,1599.934,0
677,64,70.2,8,666.666666667,1010.167,0
678,64,58.6,8.5,666.666666667,436.3,0
679,64,73.8,9.5,666.666666667,1115.034,0
680,64,66.5,7,666.666666667,542.967,0
681,64,80.3,8.3,666.666666667,1318.8,0
682,64,78.8,7.9,666.666666667,757.034,0
683,64,79.1,8,666.666666667,193.267,0
684,64,81.6,8.4,666.666666667,1320.2,0
685,64,79.4,8,666.666666667,760.234,0
686,64,79.8,8,666.666666667,197.667,0
687,64,139.5,31.5,666.666666667,1426.2,0
688,64,82.6,8.5,666.666666667,924.634,0
689,64,79.1,8,666.666666667,364.967,0
690,64,73.9,10.7,666.666666667,1333.3,1
691,64,68.3,8.8,666.666666667,761.134,0
692,64,67.8,8.4,666.666666667,183.067,0
693,64,62,9.1,666.666666667,1311.3,0
694,64,54.6,5.6,666.666666667,723.134,0
695,64,53.6,5.3,666.666666667,127.467,0
696,64,59.8,7.5,666.666666667,1316.1,0
697,64,53.2,5.5,666.666666667,725.634,0
698,64,53,5.4,666.666666667,128.267,0
699,64,101.3,11.5,666.666666667,1321.3,0
700,64,93.6,10.6,666.666666667,779.834,0
701,64,92.5,10.3,666.666666667,230.767,0
702,64,71.6,8,666.666666667,1309,0
703,64,58.1,6.7,666.666666667,730.434,0
704,64,56,6.7,666.666666667,138.167,0
705,64,59,6.8,666.666666667,812.7,0
706,64,53.4,5.4,666.666666667,221.434,0
707,64,91,10.7,666.666666667,1495.167,0
708,64,83,9.7,666.666666667,944.5,0
709,64,82.3,9.6,666.666666667,385.434,0
710,64,124.7,20.1,666.666666667,1513.667,0
711,64,102.4,10.6,666.666666667,1001.9,0
712,64,100.6,10.1,666.666666667,467.134,0
713,64,72.6,9,666.666666667,1491.467,0
714,64,66.6,6.8,666.666666667,917.8,0
715,64,66.8,6.9,666.666666667,341.534,0
716,64,61.1,7.8,666.666666667,1486.167,0
717,64,53.2,5.3,666.666666667,897,0
718,64,53.3,5.5,666.666666667,299.834,0
719,64,87.6,11,666.666666667,1494.467,0
720,64,79.4,8,666.666666667,956.3,1
721,64,78.7,7.9,666.666666667,393.634,0
722,64,71.3,7.9,666.666666667,1491.367,0
723,64,68.8,8.9,666.666666667,917.1,0
724,64,68.4,8.4,666.666666667,340.034,0
725,64,61.4,9,666.666666667,1481.967,0
726,64,56.9,7.1,666.666666667,893.1,0
727,64,52.6,5.3,666.666666667,299.534,0
728,64,59.6,7.7,666.666666667,1483.867,0
729,64,53.1,5.4,666.666666667,893.4,0
730,64,52.5,5.3,666.666666667,296.134,0
731,64,89.6,11.5,666.666666667,1499.667,0
732,64,79.8,8.1,666.666666667,947.5,0
733,64,78.9,8.1,666.666666667,385.134,0
734,64,192.6,55.7,666.666666667,1503.467,0
735,64,122,13.9,666.666666667,1057.8,0
736,64,121.6,13,666.666666667,543.534,0
737,64,122.9,13.5,666.666666667,39.667,0
738,64,109.2,12.7,666.666666667,836.5,0
739,64,99.2,10.3,666.666666667,309.934,0
740,64,60,7.1,666.666666667,1492.467,0
741,64,55.8,6.5,666.666666667,902.4,0
742,64,55.4,6.5,666.666666667,307.734,0
743,64,64.3,7.6,666.666666667,1487.267,0
744,64,53.7,5.7,666.666666667,901.3,0
745,64,52.5,5.3,666.666666667,304.334,0
746,64,60.9,7.7,666.666666667,1487.167,0
747,64,53.3,5.6,666.666666667,897.9,0
748,64,53.3,5.4,666.666666667,300.334,0
749,64,63.5,7.7,666.666666667,1481.867,0
750,64,56.4,7.2,666.666666667,907.2,1
751,64,53.2,5.4,666.666666667,312.734,0
752,64,61.1,7.6,666.666666667,1488.667,0
753,64,55.5,5.6,666.666666667,900,0
754,64,54.7,5.6,666.666666667,305.534,0
755,64,56.6,5.9,666.666666667,1483.967,0
756,64,55.1,5.6,666.666666667,890.8,0
757,64,55.5,5.8,666.666666667,296.034,0
758,64,138.2,18,666.666666667,1506.267,0
759,64,87.2,11.4,666.666666667,1009.2,0
760,64,83.9,10.4,666.666666667,455.034,0
761,64,64.9,9.9,666.666666667,1492.167,0
762,64,55.6,5.9,666.666666667,907.5,0
763,64,55,5.6,666.666666667,313.134,0
764,64,69.5,7.5,666.666666667,1490.767,0
765,64,66.5,6.8,666.666666667,913.9,0
766,64,66.6,6.8,666.666666667,334.234,0
767,64,72.4,9.2,666.666666667,1499.267,0
768,64,68.4,8.3,666.666666667,925.4,0
769,64,67.4,8,666.666666667,347.434,0
770,64,134.8,15.1,666.666666667,1506.067,0
771,64,121.7,13.5,666.666666667,1006.9,0
772,64,117.1,13.5,666.666666667,493.634,0
773,64,106.8,12.1,666.666666667,2000.967,0
774,64,85,10.2,666.666666667,1466.1,0
775,64,87,10.4,666.666666667,908.734,0
776,64,86.3,10.5,666.666666667,353.567,0
777,64,87.8,10.6,666.666666667,934.2,0
778,64,54.2,5.6,666.666666667,378.034,0
779,64,70.1,7.9,666.666666667,1605.767,0
780,64,66.1,6.7,666.666666667,1043,1
781,64,65.9,6.8,666.666666667,462.834,0
782,64,129,28.6,666.666666667,1603.767,0
783,64,76.2,10.7,666.666666667,1095.1,0
784,64,66.7,7,666.666666667,524.834,0
785,64,74.6,9.4,666.666666667,1628.867,0
786,64,66.7,6.8,666.666666667,1057.3,0
787,64,64.9,6.7,666.666666667,477.734,0
788,64,88.3,11.3,666.666666667,1609.567,0
789,64,78.9,8,666.666666667,1055.8,0
790,64,70.1,8,666.666666667,492.834,0
791,64,61.6,9.1,666.666666667,1599.767,0
792,64,55.1,7.1,666.666666667,1011.1,0
793,64,54.3,6.7,666.666666667,415.834,0
794,64,58.8,8.1,666.666666667,1599.467,0
795,64,53.3,5.4,666.666666667,1008.1,0
796,64,53.4,5.4,666.666666667,410.934,0
797,64,58.2,6.7,666.666666667,1599.467,0
798,64,53.7,5.4,666.666666667,1007.4,0
799,64,53.8,5.5,666.666666667,410.834,0
800,64,69.6,7.4,666.666666667,1651.967,0
801,64,66.7,6.8,666.666666667,1074.9,0
802,64,66.4,6.7,666.666666667,495.034,0
803,64,73.3,9.1,666.666666667,1604.467,0
804,64,66,6.7,666.666666667,1031.4,0
805,64,65.8,6.8,666.666666667,451.034,0
806,64,217,121.9,666.666666667,1619.767,0
807,64,97.3,10.7,666.666666667,1195.4,0
808,64,152,63.7,666.666666667,650.434,0
809,64,100,11,666.666666667,159.567,0
810,64,63,7.6,666.666666667,948.3,1
811,64,56.5,6.6,666.666666667,361.134,0
812,64,71.2,8.5,666.666666667,1602.767,0
813,64,70.6,8.5,666.666666667,1027.9,0
814,64,66.8,6.8,666.666666667,452.034,0
815,64,70.7,7.7,666.666666667,1603.167,0
816,64,66.9,7,666.666666667,1027.5,0
817,64,66.4,6.8,666.666666667,453.134,0
818,64,67.9,7.2,666.666666667,1602.667,0
819,64,66.3,6.7,666.666666667,1024.3,0
820,64,66.3,6.8,666.666666667,444.334,0
821,64,67.4,6.9,666.666666667,1602.367,0
822,64,66.6,6.8,666.666666667,1023.4,0
823,64,65.9,6.7,666.666666667,443.634,0
824,64,90.3,11.3,666.666666667,1609.467,0
825,64,79.1,8,666.666666667,1057.9,0
826,64,71.8,7.9,666.666666667,494.734,0
827,64,76.3,11.4,666.666666667,1604.867,0
828,64,90.2,27.6,666.666666667,1035,0
829,64,68.5,8.3,666.666666667,478.734,0
830,64,115.3,33.8,666.666666667,1634.067,0
831,64,81.8,8.3,666.666666667,1106.7,0
832,64,101.1,10.1,666.666666667,551.434,0
833,64,60.2,7.5,666.666666667,1598.867,0
834,64,53,5.4,666.666666667,1008.8,0
835,64,52.3,5.3,666.666666667,411.234,0
836,64,53.5,5.6,666.666666667,1595.967,0
837,64,53.4,5.5,666.666666667,999.1,0
838,64,53.7,5.6,666.666666667,402.534,0
839,64,128.5,14.6,666.666666667,1620.567,0
840,64,118.5,13.1,666.666666667,1127.9,1
841,64,118,13.3,666.666666667,610.834,0
842,64,119.4,13,666.666666667,92.667,0
843,64,63.4,7.4,666.666666667,934,0
844,64,56.2,6.6,666.666666667,347.434,0
845,64,61.8,7.4,666.666666667,1596.167,0
846,64,57.7,6.9,666.666666667,1008.2,0
847,64,53.7,5.4,666.666666667,415.734,0
848,64,68.3,7.2,666.666666667,1600.167,0
849,64,67.4,6.9,666.666666667,1022.5,0
850,64,67.1,6.9,666.666666667,443.734,0
851,64,73.5,9.2,666.666666667,1603.067,0
852,64,97.4,10.4,666.666666667,1030.5,0
853,64,66.9,6.8,666.666666667,481.934,0
854,64,71.8,8.9,666.666666667,1603.667,0
855,64,66.4,6.7,666.666666667,1029.3,0
856,64,66.7,6.8,666.666666667,449.234,0
857,64,60.3,7.7,666.666666667,1604.767,0
858,64,53.5,5.5,666.666666667,1014.7,0
859,64,52.9,5.4,666.666666667,417.534,0
860,64,89.3,11.3,666.666666667,1609.967,0
861,64,83.4,10.9,666.666666667,1057.2,0
862,64,72.8,10.2,666.666666667,498.334,0
863,64,71.3,9.2,666.666666667,1604.567,0
864,64,68.7,8.7,666.666666667,1029.6,0
865,64,66.1,6.6,666.666666667,451.734,0
866,64,67.3,7,666.666666667,1603.767,0
867,64,65.6,6.6,666.666666667,1024.6,0
868,64,65.5,6.6,666.666666667,443.834,0
869,64,59.9,6.5,666.666666667,1597.267,0
870,64,56,5.7,666.666666667,1020,1
871,64,55.4,5.6,666.666666667,426.534,0
872,64,165,19,666.666666667,1637.467,0
873,64,131.8,18.4,666.666666667,1173.8,0
874,64,120.7,13,666.666666667,669.234,0
875,64,122.7,13.3,666.666666667,153.467,0
876,64,121.3,22.2,666.666666667,1014.1,0
877,64,112.6,30.8,666.666666667,497.734,0
878,64,78.9,9.5,666.666666667,1605.667,0
879,64,71.7,8.9,666.666666667,1038.7,0
880,64,66.5,6.8,666.666666667,464.034,0
881,64,67.3,7.1,666.666666667,1602.367,0
882,64,65.6,6.7,666.666666667,1023.1,0
883,64,65.3,6.7,666.666666667,442.534,0
884,64,66.9,6.9,666.666666667,1603.367,0
885,64,65.7,6.7,666.666666667,1024,0
886,64,65.9,6.7,666.666666667,443.134,0
887,64,66.4,6.8,666.666666667,1604.267,0
888,64,65.9,6.7,666.666666667,1024.2,0
889,64,65.3,6.6,666.666666667,443.634,0
890,64,66.8,7,666.666666667,1604.067,0
891,64,66.6,6.8,666.666666667,1024.6,0
892,64,67,6.9,666.666666667,445.034,0
893,64,77.6,11.6,666.666666667,1618.967,0
894,64,69.1,8.9,666.666666667,1050.4,0
895,64,68,8.4,666.666666667,473.234,0
896,64,73.4,9.9,666.666666667,1605.167,0
897,64,67.1,6.8,666.666666667,1032.5,0
898,64,67,6.7,666.666666667,453.434,0
899,64,72.9,9,666.666666667,1607.267,0
900,64,66.5,6.7,666.666666667,1045.9,1
901,64,66.1,6.8,666.666666667,466.034,0
902,64,76.5,9.7,666.666666667,1609.467,0
903,64,66.2,6.7,666.666666667,1039.8,0
904,64,65.6,6.6,666.666666667,459.434,0
905,64,86.4,10,666.666666667,1625.867,0
906,64,76.8,8.2,666.666666667,1066.1,0
907,64,75.7,8.2,666.666666667,496.734,0
908,64,141.9,16.2,666.666666667,1619.767,0
909,64,101.9,10.7,666.666666667,1124.5,0
910,64,86.4,10.4,666.666666667,583.834,0
911,64,87.1,10.7,666.666666667,29.167,0
912,64,61.2,7.6,666.666666667,1441,0
913,64,54.1,5.5,666.666666667,852.234,0
914,64,53.4,5.4,666.666666667,256.267,0
915,64,61.2,7.7,666.666666667,944.7,0
916,64,54.2,5.6,666.666666667,356.034,0
917,64,70.1,7.7,666.666666667,2175.567,0
918,64,67.7,6.9,666.666666667,1599.6,0
919,64,67.6,7.2,666.666666667,1021.234,0
920,64,67.2,6.9,666.666666667,448.867,0
921,64,156.4,34.3,666.666666667,1521.7,0
922,64,132,20,666.666666667,1046.734,0
923,64,81.2,8.6,666.666666667,537.667,0
924,64,72.9,9.2,666.666666667,1525.1,0
925,64,66.5,6.8,666.666666667,952.034,0
926,64,66.4,6.8,666.666666667,372.367,0
927,64,65.5,10,666.666666667,1539.9,0
928,64,57.7,7.6,666.666666667,956.034,0
929,64,57,6.9,666.666666667,363.967,0
930,64,62.1,9.6,666.666666667,1536.1,1
931,64,53.2,5.6,666.666666667,948.134,0
932,64,53.3,5.5,666.666666667,350.967,0
933,64,59.4,7.6,666.666666667,1510.6,0
934,64,54,5.6,666.666666667,919.934,0
935,64,53,5.4,666.666666667,323.567,0
936,64,61.3,7.8,666.666666667,1506.3,0
937,64,54.5,5.7,666.666666667,917.634,0
938,64,53.9,5.5,666.666666667,322.067,0
939,64,81.8,8.6,666.666666667,1512.5,0
940,64,81.5,8.3,666.666666667,952.634,0
941,64,80.3,8.2,666.666666667,392.067,0
942,64,135.4,14.9,666.666666667,2050.1,0
943,64,152.3,15.8,666.666666667,1553.234,0
944,64,152.2,15.7,666.666666667,1076.467,0
945,64,155.1,16,666.666666667,599.4,0
946,64,122.8,12.5,666.666666667,125.234,0
947,64,61.2,8.7,666.666666667,1234.667,0
948,64,53.5,5.5,666.666666667,645.7,0
949,64,53.3,5.3,666.666666667,48.834,0
950,64,68.1,7.3,666.666666667,1233.967,0
951,64,66.4,6.9,666.666666667,655.7,0
952,64,66.4,6.7,666.666666667,75.534,0
953,64,62,7.9,666.666666667,1233.067,0
954,64,55.7,5.7,666.666666667,645.3,0
955,64,55.1,5.6,666.666666667,51.234,0
956,64,84.1,8.8,666.666666667,1238.867,0
957,64,82.8,8.4,666.666666667,681.8,0
958,64,82.8,8.3,666.666666667,123.334,0
959,64,75.6,7.9,666.666666667,1238.567,0
960,64,74.6,7.7,666.666666667,679.8,1
961,64,74,7.5,666.666666667,110.234,0
962,64,59.2,7.9,666.666666667,1232.767,0
963,64,55,5.6,666.666666667,641.9,0
964,64,54.8,5.5,666.666666667,46.534,0
965,64,94.9,14.4,666.666666667,1254.667,0
966,64,85.3,10.9,666.666666667,708,0
967,64,84.8,10.5,666.666666667,151.634,0
968,64,60.6,8.4,666.666666667,1232.767,0
969,64,54.3,5.6,666.666666667,643.3,0
970,64,54.2,5.6,666.666666667,47.434,0
971,64,61.9,7.8,666.666666667,1235.467,0
972,64,55.7,5.7,666.666666667,647.7,0
973,64,55.7,5.8,666.666666667,53.634,0
974,64,75.1,9.6,666.666666667,1243.767,0
975,64,66.5,6.7,666.666666667,673,0
976,64,66.1,6.8,666.666666667,93.234,0
977,64,110.7,11.9,666.666666667,1411.367,0
978,64,124.6,32.8,666.666666667,880,0
979,64,100.2,10.8,666.666666667,362.234,0
980,64,110.5,12.1,666.666666667,1249.367,0
981,64,58.6,8.2,666.666666667,718,0
982,64,53.4,5.5,666.666666667,126.434,0
983,64,59.4,6.8,666.666666667,746.167,0
984,64,58.3,6.7,666.666666667,155.6,0
985,64,61.9,7.8,666.666666667,1412.434,0
986,64,53,5.4,666.666666667,824.167,0
987,64,53,5.4,666.666666667,227.1,0
988,64,55,5.8,666.666666667,1435.334,0
989,64,73,8.4,666.666666667,840.367,0
990,64,83.4,8.4,666.666666667,285.6,1
991,64,56.7,6,666.666666667,1410.334,0
992,64,56,5.8,666.666666667,817.467,0
993,64,55.3,5.5,666.666666667,224.1,0
994,64,92.4,11.6,666.666666667,1427.134,0
995,64,55.6,6.1,666.666666667,878.767,0
996,64,54.8,5.5,666.666666667,284.9,0
997,64,66.9,7,666.666666667,1418.134,0
998,64,65.6,6.5,666.666666667,838.867,0
999,64,65.2,6.6,666.666666667,258,0
1000,64,87.8,12.5,666.666666667,1421.934,0
1001,64,81.2,10.2,666.666666667,867.767,0
1002,64,80.5,9.8,666.666666667,306.9,0
1003,64,60.9,9.5,666.666666667,1415.434,0
1004,64,57.8,6.5,666.666666667,826.267,0
1005,64,65.9,6.6,666.666666667,237.9,0
1006,64,67.1,7,666.666666667,1418.334,0
1007,64,74.9,8,666.666666667,839.067,0
1008,64,78.6,8,666.666666667,271.8,0
1009,64,67,6.8,666.666666667,1418.434,0
1010,64,75.4,8,666.666666667,839.067,0
1011,64,79.6,8.1,666.666666667,273,0
1012,64,148.6,17.9,666.666666667,1454.534,0
1013,64,127.6,13.1,666.666666667,967.467,0
1014,64,123.6,13,666.666666667,459,0
1015,64,69.4,7.6,666.666666667,1415.634,0
1016,64,54.3,5.6,666.666666667,835.067,0
1017,64,53.5,5.3,666.666666667,238.8,0
1018,64,59.1,7.5,666.666666667,1427.334,0
1019,64,60.2,6.8,666.666666667,836.467,0
1020,64,65.8,6.6,666.666666667,261.7,1
1021,64,61.2,7.7,666.666666667,1415.034,0
1022,64,64.4,7.8,666.666666667,829.767,0
1023,64,79.2,8,666.666666667,252.1,0
1024,64,67.6,7.1,666.666666667,1416.634,0
1025,64,70,7.8,666.666666667,837.867,0
1026,64,79.2,8.1,666.666666667,265.4,0
1027,64,73.2,9.3,666.666666667,1420.434,0
1028,64,66,6.7,666.666666667,847.767,0
1029,64,65.4,6.6,666.666666667,267.3,0
1030,64,73.6,9.3,666.666666667,1418.434,0
1031,64,75.7,7.9,666.666666667,846.067,0
1032,64,78.7,7.9,666.666666667,279.6,0
1033,64,85.5,11.4,666.666666667,1443.434,0
1034,64,82.6,10.3,666.666666667,887.067,0
1035,64,81.5,9.8,666.666666667,327.4,0
1036,64,69.7,9,666.666666667,1417.034,0
1037,64,75.3,8,666.666666667,840.767,0
1038,64,79.8,8.1,666.666666667,274.1,0
1039,64,58.1,6.5,666.666666667,1413.834,0
1040,64,58.7,7.9,666.666666667,821.667,0
1041,64,79.7,8,666.666666667,238.2,0
1042,64,60,7.5,666.666666667,1411.934,0
1043,64,53.1,5.5,666.666666667,821.767,0
1044,64,53.5,5.4,666.666666667,224.5,0
1045,64,69.4,8,666.666666667,1426.234,0
1046,64,69.4,10.4,666.666666667,846.367,0
1047,64,72.5,8,666.666666667,269.4,0
1048,64,133.9,14.6,666.666666667,1436.434,0
1049,64,116.9,13.4,666.666666667,934.767,0
1050,64,113.8,13.5,666.666666667,429.1,1
1051,64,97.7,10.9,666.666666667,1448.434,0
1052,64,82.2,8.4,666.666666667,903.467,0
1053,64,82.3,8.3,666.666666667,342.9,0
1054,64,59.3,6.8,666.666666667,1411.534,0
1055,64,54.2,5.5,666.666666667,820.867,0
1056,64,53.9,5.5,666.666666667,224.7,0
1057,64,56,5.7,666.666666667,1413.134,0
1058,64,56.4,6.6,666.666666667,818.967,0
1059,64,66.8,6.7,666.666666667,229.3,0
1060,64,68.3,7.3,666.666666667,1414.034,0
1061,64,66.9,6.7,666.666666667,836.367,0
1062,64,67,6.9,666.666666667,257.1,0
1063,64,114.8,15.2,666.666666667,1541.034,0
1064,64,80.3,8.2,666.666666667,1014.267,0
1065,64,79.7,8,666.666666667,452.5,0
1066,64,114.3,13.2,666.666666667,1437.234,0
1067,64,83.1,8.5,666.666666667,910.467,0
1068,64,83.8,8.6,666.666666667,351,0
1069,64,75.2,9.6,666.666666667,1421.634,0
1070,64,79.8,9,666.666666667,850.467,0
1071,64,81.1,10.2,666.666666667,287.3,0
1072,64,61.1,8.9,666.666666667,1411.034,0
1073,64,55.2,7.5,666.666666667,821.767,0
1074,64,52.6,5.5,666.666666667,226.3,0
1075,64,55.8,6,666.666666667,1410.334,0
1076,64,55.5,5.7,666.666666667,816.167,0
1077,64,54.4,5.4,666.666666667,221.9,0
1078,64,62.1,7.8,666.666666667,1423.834,0
1079,64,55.2,5.6,666.666666667,836.267,0
1080,64,55.5,5.8,666.666666667,253.5,1
1081,64,103.3,11.7,666.666666667,1428.534,0
1082,64,88,9.8,666.666666667,893.067,0
1083,64,85.6,9.7,666.666666667,338.9,0
1084,64,89.6,9.9,666.666666667,1422.434,0
1085,64,74.6,8.3,666.666666667,865.867,0
1086,64,73.5,8.1,666.666666667,294.3,0
1087,64,121.6,32.2,666.666666667,1465.334,0
1088,64,55.3,6.2,666.666666667,936.967,0
1089,64,52.7,5.4,666.666666667,341.9,0
1090,64,62.8,7.8,666.666666667,1416.934,0
1091,64,65.8,8.3,666.666666667,830.267,0
1092,64,82.9,8.5,666.666666667,254.7,0
1093,64,84.4,8.8,666.666666667,1425.334,0
1094,64,83.8,12.2,666.666666667,868.567,0
1095,64,77.9,7.8,666.666666667,310.1,0
1096,64,67,6.9,666.666666667,1417.934,0
1097,64,69.5,7.7,666.666666667,838.567,0
1098,64,78.3,7.9,666.666666667,265.8,0
1099,64,66.7,6.9,666.666666667,1417.234,0
1100,64,73.7,7.9,666.666666667,837.467,0
1101,64,78.6,8,666.666666667,268.9,0
1102,64,72.9,9.2,666.666666667,1424.834,0
1103,64,68.6,9,666.666666667,851.567,0
1104,64,67.7,8.3,666.666666667,273.8,0
1105,64,62.1,9.1,666.666666667,1411.434,0
1106,64,58.9,7.2,666.666666667,823.367,0
1107,64,66,6.7,666.666666667,235.9,0
1108,64,58.5,6.3,666.666666667,1411.034,0
1109,64,55.6,5.9,666.666666667,819.867,0
1110,64,55.1,5.6,666.666666667,236,1
1111,64,163.8,35.1,666.666666667,1494.434,0
1112,64,87.4,9.2,666.666666667,1018.267,0
1113,64,83.4,8.5,666.666666667,464.7,0
1114,64,66.7,8,666.666666667,1417.634,0
1115,64,64.5,10.6,666.666666667,834.867,0
1116,64,69.6,8.4,666.666666667,253,0
1117,64,134.3,14.1,666.666666667,1433.034,0
1118,64,121.5,12.9,666.666666667,930.467,0
1119,64,120.5,12.8,666.666666667,415,0
1120,64,71.1,8.2,666.666666667,1411.934,0
1121,64,53.9,5.6,666.666666667,832.867,0
1122,64,53.1,5.4,666.666666667,236.5,0
1123,64,54.6,5.7,666.666666667,1420.234,0
1124,64,55.8,6.7,666.666666667,824.567,0
1125,64,66.5,6.8,666.666666667,238.4,0
1126,64,90.2,10.7,666.666666667,1425.434,0
1127,64,66,6.7,666.666666667,873.167,0
1128,64,65.5,6.6,666.666666667,292.8,0
1129,64,75.1,9.4,666.666666667,1416.034,0
1130,64,66.2,6.8,666.666666667,844.967,0
1131,64,66.3,6.9,666.666666667,264.8,0
1132,64,68.4,7.2,666.666666667,1413.934,0
1133,64,66.7,6.9,666.666666667,836.567,0
1134,64,66.4,6.6,666.666666667,257.5,0
1135,64,88.9,11.4,666.666666667,1427.234,0
1136,64,69.4,9.2,666.666666667,873.167,0
1137,64,68,8.5,666.666666667,296.3,0
1138,64,69.4,8.6,666.666666667,1418.734,0
1139,64,67.9,8.7,666.666666667,841.967,0
1140,64,65.9,6.7,666.666666667,276.7,1
1141,64,66.9,7,666.666666667,1417.934,0
1142,64,69.3,7.7,666.666666667,838.467,0
1143,64,78.3,7.9,666.666666667,265.5,0
1144,64,67.4,7,666.666666667,1417.834,0
1145,64,65.7,6.6,666.666666667,839.267,0
1146,64,66.1,6.7,666.666666667,258.8,0
1147,64,93.4,11.2,666.666666667,1424.034,0
1148,64,71.5,8.3,666.666666667,875.667,0
1149,64,69.1,8,666.666666667,301,0
1150,64,136.8,14.9,666.666666667,1436.034,0
1151,64,148.5,16.3,666.666666667,941.467,0
1152,64,201,40.7,666.666666667,460.6,0
1153,64,136.1,15.5,666.666666667,1431.734,0
1154,64,82.8,8.5,666.666666667,926.567,0
1155,64,80.6,8.3,666.666666667,367,0
1156,64,88,10.3,666.666666667,1423.334,0
1157,64,80.3,8.4,666.666666667,869.867,0
1158,64,78.9,7.9,666.666666667,307.8,0
1159,64,62,7.8,666.666666667,1415.134,0
1160,64,53.9,5.5,666.666666667,827.467,0
1161,64,53.4,5.5,666.666666667,231.2,0
1162,64,68.3,7.2,666.666666667,1416.434,0
1163,64,70.8,7.8,666.666666667,838.767,0
1164,64,79.7,8,666.666666667,267.6,0
1165,64,61,7.8,666.666666667,1414.834,0
1166,64,53.2,5.5,666.666666667,825.667,0
1167,64,52.9,5.3,666.666666667,228.3,0
1168,64,61.5,7.9,666.666666667,1422.434,0
1169,64,65.9,7.8,666.666666667,833.867,0
1170,64,81.5,10.3,666.666666667,274.8,1
1171,64,62.4,9.1,666.666666667,1416.934,0
1172,64,55.6,7.2,666.666666667,829.067,0
1173,64,53.5,5.7,666.666666667,234.4,0
1174,64,55.6,5.7,666.666666667,1412.934,0
1175,64,53.9,5.5,666.666666667,818.167,0
1176,64,67.2,6.8,666.666666667,222.5,0
1177,64,170.9,47.2,666.666666667,1435.434,0
1178,64,80.8,8.4,666.666666667,964.867,0
1179,64,82.2,8.4,666.666666667,403.4,0
1180,64,78.5,9.4,666.666666667,1420.634,0
1181,64,80.7,9.9,666.666666667,853.067,0
1182,64,82.7,9.6,666.666666667,291.3,0
1183,64,62.8,7.8,666.666666667,1415.234,0
1184,64,54.2,5.4,666.666666667,827.767,0
1185,64,53.2,5.4,666.666666667,231.3,0
1186,64,60.4,7.2,666.666666667,1416.634,0
1187,64,57.7,6.6,666.666666667,826.867,0
1188,64,66.9,8,666.666666667,238.4,0
1189,64,123.4,13.6,666.666666667,1431.434,0
1190,64,94.2,10.5,666.666666667,912.167,0
1191,64,95.8,10.5,666.666666667,364.1,0
1192,64,69.3,8.3,666.666666667,1411.234,0
1193,64,54.2,5.7,666.666666667,830.267,0
1194,64,53.7,5.6,666.666666667,234.1,0
1195,64,87.3,11.1,666.666666667,1426.834,0
1196,64,79,7.9,666.666666667,871.967,0
1197,64,78.8,7.9,666.666666667,308.7,0
1198,64,67.2,6.9,666.666666667,1419.634,0
1199,64,69.1,7.7,666.666666667,840.567,0
1200,64,79.2,8,666.666666667,282.3,1
1201,64,89.7,11.2,666.666666667,1425.134,0
1202,64,67.7,7.2,666.666666667,872.167,0
1203,64,66.3,6.8,666.666666667,293.1,0
1204,64,119.2,18.5,666.666666667,1424.534,0
1205,64,82.2,8.6,666.666666667,904.167,0
1206,64,80.2,8.2,666.666666667,344.6,0
1207,64,77,11.9,666.666666667,1424.534,0
1208,64,79.6,8.7,666.666666667,855.467,0
1209,64,81,9.9,666.666666667,292.9,0
1210,64,63.3,9.4,666.666666667,1419.934,0
1211,64,63,8,666.666666667,833.267,0
1212,64,80,8,666.666666667,254.7,0
1213,64,73.3,9.2,666.666666667,1441.634,0
1214,64,66.4,6.8,666.666666667,868.767,0
1215,64,65.6,6.6,666.666666667,288.8,0
1216,64,61.9,7.7,666.666666667,1419.634,0
1217,64,52.9,5.3,666.666666667,832.367,0
1218,64,53.2,5.4,666.666666667,234.9,0
1219,64,110.4,14.4,666.666666667,1435.134,0
1220,64,56.5,6.6,666.666666667,897.367,0
1221,64,55.3,6.5,666.666666667,303.6,0
1222,64,134.5,14.1,666.666666667,1434.634,0
1223,64,121.5,13.1,666.666666667,932.967,0
1224,64,119,12.8,666.666666667,418.3,0
1225,64,251.3,191,666.666666667,1418.634,0
1226,64,55.1,5.6,666.666666667,1019.867,0
1227,64,54.5,6.1,666.666666667,428.5,0
1228,64,135.8,37.6,666.666666667,1469.434,0
1229,64,103.1,10.7,666.666666667,968.267,0
1230,64,101.7,10.2,666.666666667,452.4,1
1231,64,88.6,11.2,666.666666667,1758.634,0
1232,64,79,8,666.666666667,1204.767,0
1233,64,78.5,7.9,666.666666667,641.4,0
1234,64,78.4,7.9,666.666666667,77.734,0
1235,64,67.4,7.1,666.666666667,1086.867,0
1236,64,66,6.6,666.666666667,507.9,0
1237,64,66.9,6.9,666.666666667,1753.134,0
1238,64,65.4,6.5,666.666666667,1173.767,0
1239,64,65.1,6.7,666.666666667,592.8,0
1240,64,84.3,11.1,666.666666667,1756.934,0
1241,64,81.8,10.3,666.666666667,1199.267,0
1242,64,81.6,9.7,666.666666667,639.1,0
1243,64,82.3,10.5,666.666666667,78.834,0
1244,64,76.5,9.3,666.666666667,1085.067,0
1245,64,67.6,6.9,666.666666667,516.3,0
1246,64,68.3,7.1,666.666666667,1255.034,0
1247,64,66.7,6.8,666.666666667,677.567,0
1248,64,66.9,6.8,666.666666667,98.4,0
1249,64,70.8,7.7,666.666666667,1255.234,0
1250,64,67.4,6.9,666.666666667,679.967,0
1251,64,66.5,6.8,666.666666667,101.3,0
1252,64,168.2,66.5,666.666666667,1270.634,0
1253,64,70.4,8.4,666.666666667,795.567,0
1254,64,68.3,8,666.666666667,219.7,0
1255,64,79.9,9.2,666.666666667,1264.734,0
1256,64,68.2,8.1,666.666666667,698.667,0
1257,64,67.3,8.1,666.666666667,120.6,0
1258,64,105.5,11.8,666.666666667,1274.634,0
1259,64,91.6,9.9,666.666666667,738.667,0
1260,64,76.1,8.3,666.666666667,201.9,1
1261,64,70,8.2,666.666666667,1258.634,0
1262,64,54.2,5.6,666.666666667,678.867,0
1263,64,53.4,5.4,666.666666667,83,0
1264,64,67.8,7.2,666.666666667,1261.134,0
1265,64,66.5,6.7,666.666666667,683.067,0
1266,64,66.8,6.7,666.666666667,103.7,0
1267,64,68.2,7.1,666.666666667,1260.034,0
1268,64,67.3,7,666.666666667,681.967,0
1269,64,66.5,6.6,666.666666667,103.3,0
1270,64,67.9,7.2,666.666666667,1259.734,0
1271,64,66.5,6.7,666.666666667,681.367,0
1272,64,67.1,6.7,666.666666667,101.9,0
1273,64,84,9.2,666.666666667,1267.334,0
1274,64,82.5,10.6,666.666666667,709.467,0
1275,64,77.5,9.7,666.666666667,149.9,0
1276,64,109.3,15.6,666.666666667,780.534,0
1277,64,75.9,13.5,666.666666667,252.167,0
1278,64,79.1,10.2,666.666666667,1440.1,0
1279,64,66.6,6.8,666.666666667,873.034,0
1280,64,66,6.6,666.666666667,293.067,0
1281,64,80.9,8.5,666.666666667,1464.2,0
1282,64,79.2,8.1,666.666666667,902.634,0
1283,64,78.2,7.9,666.666666667,339.167,0
1284,64,92.3,11.2,666.666666667,989.7,0
1285,64,85,10.6,666.666666667,438.734,0
1286,64,63.2,7.7,666.666666667,1652.167,0
1287,64,56,6.7,666.666666667,1065,0
1288,64,54.1,6.6,666.666666667,470.434,0
1289,64,105.1,11.6,666.666666667,1667.267,0
1290,64,69.5,10,666.666666667,1145.2,1
1291,64,58.9,6.4,666.666666667,564.434,0
1292,64,105.3,11.7,666.666666667,1172.867,0
1293,64,85,10.3,666.666666667,636.6,0
1294,64,84,10,666.666666667,79.534,0
1295,64,88.4,10.7,666.666666667,714.267,0
1296,64,94.8,15.5,666.666666667,174.2,0
1297,64,59.4,7.5,666.666666667,1372.834,0
1298,64,53.3,5.6,666.666666667,782.067,0
1299,64,52.5,5.3,666.666666667,184.9,0
1300,64,62.3,7.7,666.666666667,1882.734,0
1301,64,57.6,8.1,666.666666667,1299.567,0
1302,64,53.5,5.4,666.666666667,706.8,0
1303,64,74.5,8.5,666.666666667,116.334,0
1304,64,62.2,7.9,666.666666667,1218.767,0
1305,64,53.8,5.5,666.666666667,630.9,0
1306,64,53.7,5.4,666.666666667,34.734,0
1307,64,63.4,9.5,666.666666667,1209.967,0
1308,64,56,7.3,666.666666667,623,0
1309,64,54.5,6.7,666.666666667,28.634,0
1310,64,62.2,9.5,666.666666667,1210.567,0
1311,64,53,5.5,666.666666667,622.6,0
1312,64,52.8,5.3,666.666666667,25.034,0
1313,64,74.8,9.5,666.666666667,1216.367,0
1314,64,66.3,6.7,666.666666667,645.2,0
1315,64,65.9,6.7,666.666666667,65.034,0
1316,64,73.3,9.2,666.666666667,1215.467,0
1317,64,66.5,6.8,666.666666667,642.8,0
1318,64,65.7,6.6,666.666666667,62.934,0
1319,64,91.8,11.4,666.666666667,1728.967,0
1320,64,70.7,8.3,666.666666667,1197.6,1
1321,64,67.9,8.2,666.666666667,621.934,0
1322,64,68.4,8.4,666.666666667,43.367,0
1323,64,188.5,86.2,666.666666667,596.6,0
1324,64,104.8,12.7,666.666666667,147.134,0
1325,64,113.5,12.7,666.666666667,1284.467,0
1326,64,109.7,12.4,666.666666667,759.8,0
1327,64,109.4,12.9,666.666666667,232.034,0
1328,64,69.1,7.6,666.666666667,1259.867,0
1329,64,58,6.5,666.666666667,682,0
1330,64,57.7,6.5,666.666666667,89.734,0
1331,64,66.4,7.7,666.666666667,1255.267,0
1332,64,55.1,6.5,666.666666667,671.6,0
1333,64,53.3,5.5,666.666666667,76.034,0
1334,64,75.1,9.5,666.666666667,1264.167,0
1335,64,66.9,7,666.666666667,693,0
1336,64,66.6,6.8,666.666666667,113.334,0
1337,64,68.2,7.1,666.666666667,1260.967,0
1338,64,66.3,6.7,666.666666667,682.8,0
1339,64,66,6.6,666.666666667,102.334,0
1340,64,89.6,11.3,666.666666667,1270.567,0
1341,64,79.3,8,666.666666667,717.9,0
1342,64,78.9,7.9,666.666666667,154.834,0
1343,64,71.3,9.8,666.666666667,1259.667,0
1344,64,68.4,8.4,666.666666667,684.6,0
1345,64,67.1,8.1,666.666666667,106.334,0
1346,64,121.7,29.3,666.666666667,1261.867,0
1347,64,128.5,14.1,666.666666667,757.2,0
1348,64,116.8,12.2,666.666666667,254.934,0
1349,64,84.6,10.3,666.666666667,1266.067,0
1350,64,82.5,8.4,666.666666667,725.5,1
1351,64,82.4,8.4,666.666666667,165.034,0
1352,64,88.8,10.7,666.666666667,1266.367,0
1353,64,79,8.3,666.666666667,711.2,0
1354,64,80.2,8.1,666.666666667,147.134,0
1355,64,96.7,11.7,666.666666667,1266.367,0
1356,64,88.2,10.9,666.666666667,720.3,0
1357,64,86.2,10.4,666.666666667,165.534,0
1358,64,70.3,7.9,666.666666667,1256.367,0
1359,64,58.6,6.8,666.666666667,677,0
1360,64,70.5,10.7,666.666666667,85.434,0
1361,64,68.3,7.7,666.666666667,1256.867,0
1362,64,55,6.6,666.666666667,675,0
1363,64,54.1,6.4,666.666666667,79.534,0
1364,64,68,8.1,666.666666667,1257.367,0
1365,64,57.6,6.8,666.666666667,675.2,0
1366,64,56.9,6.6,666.666666667,82.634,0
1367,64,65.7,8.3,666.666666667,1256.967,0
1368,64,53.7,5.8,666.666666667,672.5,0
1369,64,53.2,5.6,666.666666667,75.834,0
1370,64,142,15.5,666.666666667,1324.967,0
1371,64,80.8,8.1,666.666666667,825.7,0
1372,64,79.6,8.1,666.666666667,264.134,0
1373,64,75.3,9.5,666.666666667,1263.567,0
1374,64,66.5,6.7,666.666666667,692.9,0
1375,64,65.5,6.6,666.666666667,113.134,0
1376,64,88.8,10.5,666.666666667,1266.567,0
1377,64,80.9,8.1,666.666666667,712.6,0
1378,64,81.7,8.2,666.666666667,150.534,0
1379,64,62.2,9.4,666.666666667,1257.467,0
1380,64,70.8,8.2,666.666666667,691.5,1
1381,64,54.7,7,666.666666667,114.934,0
1382,64,60.9,9.2,666.666666667,1254.767,0
1383,64,53.3,5.4,666.666666667,665.4,0
1384,64,53.1,5.4,666.666666667,68.234,0
1385,64,60.2,7.7,666.666666667,1262.267,0
1386,64,53.6,5.6,666.666666667,672.5,0
1387,64,52.8,5.3,666.666666667,75.734,0
1388,64,77.8,9.4,666.666666667,1265.667,0
1389,64,68.5,8.5,666.666666667,697.2,0
1390,64,68.2,8.1,666.666666667,119.134,0
1391,64,95.2,10.7,666.666666667,1269.767,0
1392,64,86.6,9.9,666.666666667,721.4,0
1393,64,74.1,8.6,666.666666667,163.234,0
1394,64,128.3,14.4,666.666666667,1276.867,0
1395,64,111.1,13.3,666.666666667,768.8,0
1396,64,110.5,12.9,666.666666667,243.834,0
1397,64,78.8,10.7,666.666666667,1259.267,0
1398,64,57.2,6.6,666.666666667,687.8,0
1399,64,56.1,6.4,666.666666667,94.534,0
1400,64,66.4,8,666.666666667,1256.767,0
1401,64,55.5,6.6,666.666666667,672.9,0
1402,64,54,5.5,666.666666667,77.934,0
1403,64,62.8,7.8,666.666666667,1260.367,0
1404,64,53.9,5.5,666.666666667,673,0
1405,64,52.8,5.3,666.666666667,76.534,0
1406,64,90.4,10.6,666.666666667,1271.667,0
1407,64,83.9,9.8,666.666666667,719.2,0
1408,64,81.8,8.3,666.666666667,160.234,0
1409,64,60.8,7.7,666.666666667,1266.367,0
1410,64,53.4,5.5,666.666666667,692.4,1
1411,64,53,5.6,666.666666667,95.534,0
1412,64,75.3,9.5,666.666666667,1269.167,0
1413,64,68.9,9.2,666.666666667,698.3,0
1414,64,67.9,8.7,666.666666667,121.034,0
1415,64,73.8,10.1,666.666666667,1271.067,0
1416,64,69.7,8.9,666.666666667,699,0
1417,64,66.6,6.7,666.666666667,122.634,0
1418,64,75.1,9.3,666.666666667,1272.267,0
1419,64,67.3,7.2,666.666666667,701.2,0
1420,64,66.7,6.8,666.666666667,122.234,0
1421,64,80.9,9.5,666.666666667,1776.667,0
1422,64,85.1,10,666.666666667,1211.7,0
1423,64,83.9,9.6,666.666666667,654.734,0
1424,64,85.6,10.2,666.666666667,96.467,0
1425,64,89.4,11.9,666.666666667,790.8,0
1426,64,66.9,6.8,666.666666667,234.334,0
1427,64,121.8,15,666.666666667,1458.067,0
1428,64,111.5,13.3,666.666666667,942.8,0
1429,64,102.4,12.6,666.666666667,417.134,0
1430,64,105.9,11.9,666.666666667,1451.367,0
1431,64,90.3,10.7,666.666666667,913.8,0
1432,64,91.3,10.6,666.666666667,364.434,0
1433,64,97.2,11.9,666.666666667,1447.767,0
1434,64,79.2,8.3,666.666666667,903,0
1435,64,79,8.2,666.666666667,340.334,0
1436,64,75.2,9.5,666.666666667,1442.567,0
1437,64,66.6,6.8,666.666666667,871.7,0
1438,64,66.1,6.6,666.666666667,292.034,0
1439,64,102.9,27.2,666.666666667,1582.767,0
1440,64,61.6,8.2,666.666666667,1062.9,1
1441,64,53.1,5.4,666.666666667,474.334,0
1442,64,62.6,7.9,666.666666667,1438.467,0
1443,64,53.8,5.5,666.666666667,851.2,0
1444,64,53.6,5.4,666.666666667,254.834,0
1445,64,62.2,7.9,666.666666667,1444.167,0
1446,64,53.6,5.5,666.666666667,856.1,0
1447,64,52.8,5.5,666.666666667,259.134,0
1448,64,61.2,7.8,666.666666667,944.067,0
1449,64,53.3,5.5,666.666666667,354.8,0
1450,64,71.5,12.5,666.666666667,1627.034,0
1451,64,55.6,7,666.666666667,1049.567,0
1452,64,60.7,7.9,666.666666667,455,0
1453,64,78.6,12.1,666.666666667,1619.434,0
1454,64,66.9,6.8,666.666666667,1052.167,0
1455,64,65.9,6.7,666.666666667,472.7,0
1456,64,73.1,9.2,666.666666667,1622.534,0
1457,64,66.5,6.8,666.666666667,1049.267,0
1458,64,65.6,6.7,666.666666667,469.4,0
1459,64,68.3,7.9,666.666666667,1618.534,0
1460,64,60.2,6.9,666.666666667,1037.567,0
1461,64,59.2,6.8,666.666666667,448.4,0
1462,64,164.1,18.2,666.666666667,1639.034,0
1463,64,139.1,16.3,666.666666667,1175.167,0
1464,64,88.9,10.1,666.666666667,680.3,0
1465,64,88.9,10.3,666.666666667,127.934,0
1466,64,70.2,8.5,666.666666667,955.067,0
1467,64,67.9,8.1,666.666666667,379,0
1468,64,66.2,7.6,666.666666667,1616.834,0
1469,64,58.5,7.2,666.666666667,1032.967,0
1470,64,56.2,6.6,666.666666667,455,1
1471,64,64.5,7.6,666.666666667,1613.234,0
1472,64,53.5,5.4,666.666666667,1027.467,0
1473,64,52.6,5.3,666.666666667,430.6,0
1474,64,59.1,7.3,666.666666667,1616.434,0
1475,64,52.7,5.3,666.666666667,1025.267,0
1476,64,52.5,5.3,666.666666667,427.8,0
1477,64,73.2,9.2,666.666666667,1621.734,0
1478,64,66.1,6.7,666.666666667,1048.667,0
1479,64,65.6,6.6,666.666666667,468.4,0
1480,64,80.1,8.3,666.666666667,1622.834,0
1481,64,78.5,7.9,666.666666667,1060.767,0
1482,64,79,8,666.666666667,497,0
1483,64,75.8,11.4,666.666666667,1626.834,0
1484,64,69.2,8.5,666.666666667,1056.567,0
1485,64,67.9,8.3,666.666666667,479.4,0
1486,64,149.9,23.9,666.666666667,1627.634,0
1487,64,83.9,11.1,666.666666667,1140.567,0
1488,64,66.1,6.6,666.666666667,578.5,0
1489,64,60.1,7.5,666.666666667,1616.634,0
1490,64,53.4,5.4,666.666666667,1026.767,0
1491,64,52.6,5.3,666.666666667,429.9,0
1492,64,66.3,7.7,666.666666667,1615.534,0
1493,64,57.8,6.7,666.666666667,1031.567,0
1494,64,58.7,6.6,666.666666667,441.8,0
1495,64,100.1,11.3,666.666666667,1623.734,0
1496,64,84.9,10,666.666666667,1081.667,0
1497,64,83.3,9.8,666.666666667,524.3,0
1498,64,66.6,8,666.666666667,1615.934,0
1499,64,56.5,6.6,666.666666667,1032.567,0
1500,64,56,6.5,666.666666667,452.6,1
1501,64,81.6,9.8,666.666666667,1621.334,0
1502,64,70.5,8.1,666.666666667,1056.667,0
1503,64,69,8,666.666666667,480.7,0
1504,64,64.6,7.7,666.666666667,1616.534,0
1505,64,54.6,5.6,666.666666667,1031.067,0
1506,64,53.7,5.4,666.666666667,435.4,0
1507,64,90,11.2,666.666666667,1627.434,0
1508,64,81.3,8.4,666.666666667,1075.667,0
1509,64,80.2,8,666.666666667,514.9,0
1510,64,72.4,8.9,666.666666667,1618.234,0
1511,64,65.9,6.8,666.666666667,1044.667,0
1512,64,65.5,6.6,666.666666667,464.3,0
1513,64,89.9,11.3,666.666666667,1626.434,0
1514,64,79.5,8.1,666.666666667,1074.267,0
1515,64,79.5,8.1,666.666666667,511.6,0
1516,64,84.3,11.1,666.666666667,1622.434,0
1517,64,81.5,9.8,666.666666667,1064.467,0
1518,64,80.7,9.6,666.666666667,503.6,0
1519,64,63,9.7,666.666666667,1617.834,0
1520,64,53.6,5.4,666.666666667,1030.867,0
1521,64,52.9,5.3,666.666666667,434.1,0
1522,64,59.7,7.2,666.666666667,1616.034,0
1523,64,53.5,5.6,666.666666667,1025.567,0
1524,64,53.2,5.3,666.666666667,428.6,0
1525,64,98.9,11.6,666.666666667,1628.234,0
1526,64,90,10.6,666.666666667,1084.267,0
1527,64,89.1,10.7,666.666666667,531.5,0
1528,64,67.2,8,666.666666667,1625.434,0
1529,64,54.6,6.5,666.666666667,1043.067,0
1530,64,55.4,6.6,666.666666667,463.1,1
1531,64,100.3,11.8,666.666666667,1628.434,0
1532,64,88.9,10.7,666.666666667,1086.267,0
1533,64,88.3,10.7,666.666666667,532.4,0
1534,64,87.1,10.1,666.666666667,1632.434,0
1535,64,72.1,8.1,666.666666667,1073.667,0
1536,64,71.1,8.1,666.666666667,499.6,0
1537,64,65.2,8.2,666.666666667,1618.934,0
1538,64,53.5,5.6,666.666666667,1034.267,0
1539,64,52.5,5.3,666.666666667,437.3,0
1540,64,57.9,6.4,666.666666667,1619.034,0
1541,64,52.8,5.3,666.666666667,1026.567,0
1542,64,52.9,5.4,666.666666667,428.9,0
1543,64,60.8,7.6,666.666666667,1616.034,0
1544,64,53.8,5.7,666.666666667,1026.767,0
1545,64,52.9,5.5,666.666666667,430.2,0
1546,64,60,9,666.666666667,1121.134,0
1547,64,55.5,5.7,666.666666667,531.467,0
1548,64,81.6,8.6,666.666666667,1335,0
1549,64,83.4,11.1,666.666666667,774.334,0
1550,64,82.2,10.3,666.666666667,215.367,0
1551,64,72.6,9.8,666.666666667,1347.8,0
1552,64,68.1,8.4,666.666666667,773.934,0
1553,64,66.4,6.7,666.666666667,195.967,0
1554,64,74.8,9.4,666.666666667,1331.5,0
1555,64,66.4,6.8,666.666666667,760.234,0
1556,64,66,6.8,666.666666667,180.467,0
1557,64,234.6,74.8,666.666666667,1364.4,0
1558,64,140,16.4,666.666666667,971.234,0
1559,64,135.9,16.5,666.666666667,482.567,0
1560,64,62.1,7,666.666666667,1348,1
1561,64,53.1,5.3,666.666666667,760.034,0
1562,64,53.2,5.4,666.666666667,162.667,0
1563,64,61.7,7.6,666.666666667,1336,0
1564,64,55.6,6.8,666.666666667,747.934,0
1565,64,55,6.7,666.666666667,153.567,0
1566,64,66.7,7.8,666.666666667,1333.9,0
1567,64,56.5,6.7,666.666666667,750.434,0
1568,64,55.6,6.5,666.666666667,156.267,0
1569,64,98.4,11.2,666.666666667,1344.7,0
1570,64,86.4,10.2,666.666666667,801.534,0
1571,64,88.4,10.5,666.666666667,245.767,0
1572,64,61.4,7,666.666666667,1333,0
1573,64,53.4,5.4,666.666666667,744.534,0
1574,64,53.4,5.3,666.666666667,147.567,0
1575,64,89.9,11.3,666.666666667,1343.1,0
1576,64,80.4,8.7,666.666666667,791.034,0
1577,64,78.4,7.9,666.666666667,229.167,0
1578,64,76.6,9.6,666.666666667,1339.9,0
1579,64,66.6,6.8,666.666666667,770.634,0
1580,64,66.1,6.7,666.666666667,190.867,0
1581,64,112.5,21.1,666.666666667,1384.2,0
1582,64,82,9,666.666666667,855.234,0
1583,64,79,7.9,666.666666667,295.167,0
1584,64,73.9,9.1,666.666666667,844.8,0
1585,64,66.2,6.8,666.666666667,272.534,0
1586,64,71.8,9.6,666.666666667,1516.967,0
1587,64,68.5,8.6,666.666666667,942.7,0
1588,64,67.6,8.3,666.666666667,365.034,0
1589,64,69,9,666.666666667,1516.167,0
1590,64,66.1,6.6,666.666666667,953.8,1
1591,64,65.9,6.7,666.666666667,373.634,0
1592,64,93.5,11.3,666.666666667,1524.767,0
1593,64,83.7,10,666.666666667,976.5,0
1594,64,83.3,9.7,666.666666667,418.334,0
1595,64,82.7,9.5,666.666666667,1525.167,0
1596,64,69.5,8.4,666.666666667,962,0
1597,64,68.1,8.3,666.666666667,385.334,0
1598,64,65.3,7.6,666.666666667,1517.567,0
1599,64,56,7,666.666666667,932.7,0
1600,64,54.9,6.5,666.666666667,338.334,0
1601,64,139.1,15.3,666.666666667,1538.367,0
1602,64,135,15.3,666.666666667,1045.2,0
1603,64,117.4,13.8,666.666666667,547.934,0
1604,64,86.4,11.6,666.666666667,28.267,0
1605,64,97.1,19.7,666.666666667,899.6,0
1606,64,62.2,8.3,666.666666667,353.034,0
1607,64,59.4,7.6,666.666666667,1514.067,0
1608,64,52.7,5.4,666.666666667,923.2,0
1609,64,52.9,5.4,666.666666667,325.434,0
1610,64,61.5,7.8,666.666666667,1514.267,0
1611,64,73,7.5,666.666666667,932.1,0
1612,64,74.1,8,666.666666667,360.634,0
1613,64,74.4,9.5,666.666666667,1518.267,0
1614,64,66.4,6.7,666.666666667,946.6,0
1615,64,65.9,6.6,666.666666667,366.434,0
1616,64,74.3,9.4,666.666666667,1518.167,0
1617,64,66.2,6.7,666.666666667,946,0
1618,64,66.6,6.8,666.666666667,366.134,0
1619,64,76.1,11.4,666.666666667,1517.567,0
1620,64,69.3,8.8,666.666666667,964.4,1
1621,64,67.4,8.2,666.666666667,387.534,0
1622,64,86.6,13.3,666.666666667,1521.167,0
1623,64,53.6,5.6,666.666666667,957.6,0
1624,64,52.7,5.3,666.666666667,360.734,0
1625,64,83.9,10.7,666.666666667,1680.367,0
1626,64,53.7,5.4,666.666666667,1114.2,0
1627,64,54.8,6.4,666.666666667,517.734,0
1628,64,187.1,53.6,666.666666667,1519.167,0
1629,64,71.4,8.4,666.666666667,1061,0
1630,64,69.6,8.2,666.666666667,486.234,0
1631,64,81.5,9.5,666.666666667,1517.067,0
1632,64,68.3,8.2,666.666666667,952.8,0
1633,64,67.3,8.1,666.666666667,374.834,0
1634,64,107.9,12.1,666.666666667,1526.167,0
1635,64,95.6,10.4,666.666666667,992.1,0
1636,64,94.6,10.6,666.666666667,445.334,0
1637,64,69.9,8,666.666666667,1513.667,0
1638,64,53.5,5.5,666.666666667,933.4,0
1639,64,52.6,5.3,666.666666667,336.434,0
1640,64,74.6,9.4,666.666666667,1521.667,0
1641,64,66.1,6.7,666.666666667,950.4,0
1642,64,66.1,6.7,666.666666667,370.034,0
1643,64,60,7.5,666.666666667,1513.167,0
1644,64,53.6,5.6,666.666666667,923,0
1645,64,53.6,5.6,666.666666667,326.134,0
1646,64,72.5,8.8,666.666666667,1520.167,0
1647,64,66.1,6.7,666.666666667,946.5,0
1648,64,66,6.8,666.666666667,366.334,0
1649,64,74.1,9.3,666.666666667,1516.767,0
1650,64,66.8,6.8,666.666666667,960.6,1
1651,64,65.6,6.6,666.666666667,380.934,0
1652,64,85,11.3,666.666666667,1521.567,0
1653,64,90.1,10.3,666.666666667,969.2,0
1654,64,68.5,8.5,666.666666667,412.934,0
1655,64,75.5,11.3,666.666666667,1522.167,0
1656,64,66.3,6.7,666.666666667,951.7,0
1657,64,65.8,6.7,666.666666667,371.534,0
1658,64,75.8,9.6,666.666666667,1520.967,0
1659,64,66.8,6.9,666.666666667,950.8,0
1660,64,67,6.8,666.666666667,370.834,0
1661,64,96.7,11.5,666.666666667,1526.667,0
1662,64,84.1,9.9,666.666666667,981.6,0
1663,64,83.6,9.7,666.666666667,423.734,0
1664,64,77.9,9.3,666.666666667,1519.867,0
1665,64,68.6,8.2,666.666666667,951.9,0
1666,64,68.3,8.2,666.666666667,374.434,0
1667,64,65.2,7.6,666.666666667,1513.567,0
1668,64,54.8,6.8,666.666666667,928.6,0
1669,64,54.3,6.6,666.666666667,333.134,0
1670,64,104.1,12,666.666666667,1525.367,0
1671,64,91.5,10.3,666.666666667,988.5,0
1672,64,92.1,10.9,666.666666667,438.434,0
1673,64,64.6,7.2,666.666666667,1514.467,0
1674,64,54.1,5.7,666.666666667,928.9,0
1675,64,53.7,5.4,666.666666667,332.934,0
1676,64,91.2,10.7,666.666666667,1523.167,0
1677,64,81.9,8.2,666.666666667,971.3,0
1678,64,81.5,8.2,666.666666667,410.134,0
1679,64,61.9,7.7,666.666666667,1514.467,0
1680,64,53.4,5.5,666.666666667,944.4,1
1681,64,53.2,5.5,666.666666667,347.734,0
1682,64,76.1,9.5,666.666666667,1526.367,0
1683,64,67.3,7.4,666.666666667,956.4,0
1684,64,66.3,6.7,666.666666667,377.534,0
1685,64,61.3,8,666.666666667,1528.067,0
1686,64,56.4,7.4,666.666666667,939.2,0
1687,64,54.7,6.8,666.666666667,345.134,0
1688,64,59.6,7.9,666.666666667,1520.467,0
1689,64,55.3,7.1,666.666666667,929.8,0
1690,64,53.2,5.5,666.666666667,334.834,0
1691,64,74.7,9.3,666.666666667,1513.767,0
1692,64,67,6.9,666.666666667,942.4,0
1693,64,66.7,6.9,666.666666667,363.134,0
1694,64,70,8.1,666.666666667,1519.267,0
1695,64,60.2,7,666.666666667,940.6,0
1696,64,91.4,10.7,666.666666667,352.834,0
1697,64,66.1,7.6,666.666666667,1518.267,0
1698,64,53.4,5.4,666.666666667,934.4,0
1699,64,53,5.5,666.666666667,337.734,0
1700,64,60.8,7.5,666.666666667,1514.667,0
1701,64,53.5,5.4,666.666666667,925.2,0
1702,64,63.3,8,666.666666667,328.234,0
1703,64,87.6,10,666.666666667,1526.967,0
1704,64,83.3,10.8,666.666666667,971.6,0
1705,64,84.4,10.4,666.666666667,411.834,0
1706,64,66.8,7.6,666.666666667,1516.367,0
1707,64,57.3,6.4,666.666666667,933.1,0
1708,64,56.8,6.4,666.666666667,340.034,0
1709,64,67.9,7.5,666.666666667,1513.867,0
1710,64,56.5,6.7,666.666666667,945.7,1
1711,64,55.7,6.4,666.666666667,351.534,0
1712,64,64.5,8.2,666.666666667,1510.367,0
1713,64,53.9,5.5,666.666666667,924.4,0
1714,64,53.3,5.4,666.666666667,327.234,0
1715,64,89.4,11.3,666.666666667,1524.967,0
1716,64,79.7,8.2,666.666666667,971.8,0
1717,64,78.6,8,666.666666667,409.034,0
1718,64,75.4,9.6,666.666666667,1519.967,0
1719,64,66.2,6.7,666.666666667,949.1,0
1720,64,65.5,6.6,666.666666667,368.934,0
1721,64,228.2,144,666.666666667,1571.767,0
1722,64,109.8,18.4,666.666666667,1158.3,0
1723,64,107.9,13.8,666.666666667,631.434,0
1724,64,105.8,13.5,666.666666667,102.167,0
1725,64,60.4,7.6,666.666666667,853.6,0
1726,64,58.8,8,666.666666667,263.834,0
1727,64,61.8,7.6,666.666666667,1514.567,0
1728,64,53.8,5.5,666.666666667,926.6,0
1729,64,54,5.5,666.666666667,330.334,0
1730,64,93.3,11.3,666.666666667,1535.367,0
1731,64,78.5,9,666.666666667,985.1,0
1732,64,85.3,10.4,666.666666667,419.234,0
1733,64,66.3,7.7,666.666666667,1516.267,0
1734,64,55.1,6.7,666.666666667,932.9,0
1735,64,54.7,6.8,666.666666667,337.834,0
1736,64,94.5,11.7,666.666666667,1529.467,0
1737,64,85.4,10.3,666.666666667,981,0
1738,64,84.4,10.4,666.666666667,423.634,0
1739,64,100.6,11.4,666.666666667,1521.467,0
1740,64,89.6,10.5,666.666666667,998.1,1
1741,64,88.7,10.4,666.666666667,444.934,0
1742,64,65.5,7.3,666.666666667,1514.167,0
1743,64,56,6.6,666.666666667,929.6,0
1744,64,55.5,6.5,666.666666667,335.234,0
1745,64,101.7,12.1,666.666666667,1520.967,0
1746,64,72.1,9.8,666.666666667,984.9,0
1747,64,66.7,6.9,666.666666667,411.034,0
1748,64,60.3,7.7,666.666666667,1513.267,0
1749,64,53,5.4,666.666666667,923.4,0
1750,64,53,5.4,666.666666667,326.034,0
1751,64,89.8,11.3,666.666666667,1523.767,0
1752,64,79.2,8,666.666666667,971.8,0
1753,64,78.9,8.1,666.666666667,408.934,0
1754,64,73.8,9.2,666.666666667,1518.767,0
1755,64,69.5,9.2,666.666666667,946.5,0
1756,64,69.1,8.6,666.666666667,369.634,0
1757,64,74.8,10.7,666.666666667,1525.667,0
1758,64,69.3,8.9,666.666666667,954,0
1759,64,66.1,6.7,666.666666667,376.834,0
1760,64,91,11,666.666666667,1526.567,0
1761,64,83,8.4,666.666666667,974.9,0
1762,64,82.5,8.4,666.666666667,414.934,0
1763,64,60.7,7.6,666.666666667,1514.467,0
1764,64,53.4,5.4,666.666666667,925.1,0
1765,64,52.4,5.3,666.666666667,328.234,0
1766,64,97.3,11.3,666.666666667,1521.967,0
1767,64,85,9.8,666.666666667,976.8,0
1768,64,84.1,9.6,666.666666667,419.134,0
1769,64,92.8,11.9,666.666666667,1532.667,0
1770,64,75.9,9.8,666.666666667,996.5,1
1771,64,67.8,8.2,666.666666667,426.134,0
1772,64,68.5,8.1,666.666666667,1521.467,0
1773,64,57.2,6.5,666.666666667,940,0
1774,64,62.8,10,666.666666667,346.834,0
1775,64,71.8,7.8,666.666666667,1524.367,0
1776,64,56.7,6.9,666.666666667,946.1,0
1777,64,55.6,6.5,666.666666667,352.634,0
1778,64,80.8,9.8,666.666666667,1525.467,0
1779,64,71.3,8.7,666.666666667,960.5,0
1780,64,67.5,6.9,666.666666667,386.034,0
1781,64,61.6,7.8,666.666666667,1514.667,0
1782,64,53.5,5.6,666.666666667,926.2,0
1783,64,52.6,5.3,666.666666667,329.234,0
1784,64,61.2,7.6,666.666666667,1520.867,0
1785,64,53.6,5.4,666.666666667,932,0
1786,64,53.9,5.7,666.666666667,335.534,0
1787,64,61.7,7.7,666.666666667,1513.467,0
1788,64,53.3,5.4,666.666666667,925,0
1789,64,52.8,5.3,666.666666667,327.934,0
1790,64,136,19.6,666.666666667,1530.867,0
1791,64,122.7,15.7,666.666666667,1036,0
1792,64,111.1,14.8,666.666666667,525.434,0
1793,64,78.1,11.7,666.666666667,2029.267,0
1794,64,66.7,6.6,666.666666667,1461.3,0
1795,64,65.8,6.8,666.666666667,881.634,0
1796,64,66.1,6.7,666.666666667,301.267,0
1797,64,74.1,9.3,666.666666667,857.8,0
1798,64,76.7,10.1,666.666666667,285.734,0
1799,64,96.8,11.9,666.666666667,1529.067,0
1800,64,88.5,10.9,666.666666667,1003.6,1
1801,64,86,10.5,666.666666667,451.134,0
1802,64,87.1,10.6,666.666666667,1541.567,0
1803,64,70.3,8.4,666.666666667,982.5,0
1804,64,70.2,8.1,666.666666667,407.134,0
1805,64,64,7.6,666.666666667,1520.167,0
1806,64,53.8,5.5,666.666666667,933.9,0
1807,64,52.9,5.5,666.666666667,337.234,0
1808,64,104.1,11.7,666.666666667,1534.467,0
1809,64,98.1,11.2,666.666666667,995.7,0
1810,64,94.2,10.5,666.666666667,450.734,0
1811,64,97.7,11.2,666.666666667,1530.167,0
1812,64,85.8,8.8,666.666666667,985,0
1813,64,83,8.8,666.666666667,427.834,0
1814,64,177,90.2,666.666666667,1524.067,0
1815,64,80.8,8.4,666.666666667,1057.3,0
1816,64,65.4,8.3,666.666666667,494.234,0
1817,64,75.9,9.6,666.666666667,1527.967,0
1818,64,66.4,6.7,666.666666667,957.7,0
1819,64,66.9,6.7,666.666666667,377.534,0
1820,64,75.4,9.5,666.666666667,1568.567,0
1821,64,66.3,6.7,666.666666667,997.6,0
1822,64,65.4,6.5,666.666666667,417.134,0
1823,64,73,9.1,666.666666667,1528.567,0
1824,64,66.4,6.7,666.666666667,955.1,0
1825,64,65.6,6.6,666.666666667,374.934,0
1826,64,111,13,666.666666667,1543.067,0
1827,64,105.4,13.4,666.666666667,1016.9,0
1828,64,92.6,13.4,666.666666667,484.934,0
1829,64,77.6,11.8,666.666666667,1531.967,0
1830,64,69.5,9.1,666.666666667,981.7,1
1831,64,66,6.7,666.666666667,405.034,0
1832,64,74.4,9.5,666.666666667,1538.567,0
1833,64,65.7,6.8,666.666666667,967.3,0
1834,64,65.8,6.7,666.666666667,387.134,0
1835,64,95.4,11.6,666.666666667,1537.567,0
1836,64,84,10.1,666.666666667,991.2,0
1837,64,82.8,9.7,666.666666667,433.134,0
1838,64,81.5,9.1,666.666666667,1535.967,0
1839,64,70.6,8.5,666.666666667,971.3,0
1840,64,69.5,8.1,666.666666667,395.534,0
1841,64,64.6,7.9,666.666666667,1534.567,0
1842,64,53.8,5.4,666.666666667,949,0
1843,64,53.2,5.6,666.666666667,352.634,0
1844,64,64.9,7.4,666.666666667,1526.867,0
1845,64,57.1,6.5,666.666666667,941.9,0
1846,64,56.5,6.4,666.666666667,348.934,0
1847,64,69.1,8.1,666.666666667,1526.167,0
1848,64,70,10.2,666.666666667,945,0
1849,64,56.1,6.4,666.666666667,364.534,0
1850,64,64.9,8,666.666666667,1316.867,0
1851,64,53.7,5.5,666.666666667,731.8,0
1852,64,53.7,5.5,666.666666667,135.234,0
1853,64,61.3,7.5,666.666666667,1317.467,0
1854,64,54.2,5.5,666.666666667,728.7,0
1855,64,54,5.6,666.666666667,132.734,0
1856,64,61.3,7.7,666.666666667,1313.767,0
1857,64,53.5,5.5,666.666666667,724.9,0
1858,64,53,5.4,666.666666667,127.834,0
1859,64,76.5,9.7,666.666666667,1326.867,0
1860,64,67,6.7,666.666666667,775.8,1
1861,64,66.2,6.8,666.666666667,196.434,0
1862,64,74.6,9.4,666.666666667,1325.567,0
1863,64,69.2,9.2,666.666666667,754.1,0
1864,64,68.8,8.5,666.666666667,177.034,0
1865,64,63.1,9.2,666.666666667,1325.167,0
1866,64,55.6,7.2,666.666666667,738.2,0
1867,64,53.4,5.5,666.666666667,143.634,0
1868,64,86.4,10.2,666.666666667,1326.367,0
1869,64,83.4,9.7,666.666666667,770.4,0
1870,64,82.5,9.6,666.666666667,211.234,0
1871,64,60.8,7.1,666.666666667,1319.867,0
1872,64,54.1,5.5,666.666666667,731,0
1873,64,53.6,5.4,666.666666667,134.634,0
1874,64,85.9,10.3,666.666666667,1326.267,0
1875,64,83.3,9.6,666.666666667,770.2,0
1876,64,83,9.8,666.666666667,210.534,0
1877,64,83.7,9.6,666.666666667,1321.667,0
1878,64,71.1,8.1,666.666666667,759.4,0
1879,64,71.1,8.1,666.666666667,183.934,0
1880,64,69.2,8.2,666.666666667,1319.967,0
1881,64,57,6.6,666.666666667,739,0
1882,64,56,6.5,666.666666667,145.634,0
1883,64,221.7,110.6,666.666666667,1825.867,0
1884,64,88.4,13,666.666666667,1415.6,0
1885,64,78.8,7.8,666.666666667,861.634,0
1886,64,79,8,666.666666667,298.067,0
1887,64,60.3,7.6,666.666666667,1657.5,0
1888,64,53.3,5.4,666.666666667,1067.534,0
1889,64,52.8,5.4,666.666666667,470.367,0
1890,64,80.3,8.3,666.666666667,1664.7,1
1891,64,78.4,7.9,666.666666667,1102.834,0
1892,64,78.9,7.9,666.666666667,538.867,0
1893,64,60.9,7.8,666.666666667,1637.4,0
1894,64,54.3,5.8,666.666666667,1048.134,0
1895,64,52.7,5.3,666.666666667,451.967,0
1896,64,91.3,13.7,666.666666667,1652,0
1897,64,82.8,10.7,666.666666667,1101.334,0
1898,64,81.1,10.1,666.666666667,541.767,0
1899,64,78.1,10.2,666.666666667,1643.3,0
1900,64,70.2,8.2,666.666666667,1075.334,0
1901,64,69.7,8.4,666.666666667,498.967,0
1902,64,78.9,9.5,666.666666667,1643.4,0
1903,64,66.3,6.6,666.666666667,1076.434,0
1904,64,66.2,6.7,666.666666667,496.467,0
1905,64,61.1,7.4,666.666666667,1640,0
1906,64,58,6.8,666.666666667,1051.534,0
1907,64,58.2,6.9,666.666666667,459.867,0
1908,64,66.3,8,666.666666667,1644.1,0
1909,64,55.2,5.6,666.666666667,1060.834,0
1910,64,55.4,5.8,666.666666667,466.267,0
1911,64,101,12.1,666.666666667,1653.7,0
1912,64,89.5,9.7,666.666666667,1112.834,0
1913,64,87.3,9.7,666.666666667,560.667,0
1914,64,68.5,8.2,666.666666667,1641.5,0
1915,64,53.6,5.6,666.666666667,1060.134,0
1916,64,53.4,5.4,666.666666667,463.467,0
1917,64,86.4,10,666.666666667,1649,0
1918,64,80,8.1,666.666666667,1093.534,0
1919,64,79.4,8,666.666666667,531.167,0
1920,64,57.1,6.4,666.666666667,1655.6,1
1921,64,53,5.4,666.666666667,1062.434,0
1922,64,53.1,5.5,666.666666667,464.967,0
1923,64,56.6,6.1,666.666666667,1641.9,0
1924,64,53.2,5.4,666.666666667,1048.134,0
1925,64,52.9,5.3,666.666666667,450.567,0
1926,64,78.7,9.5,666.666666667,1646,0
1927,64,65.9,6.7,666.666666667,1077.934,0
1928,64,65.8,6.7,666.666666667,497.167,0
1929,64,62.5,9.1,666.666666667,1641.8,0
1930,64,55.7,7,666.666666667,1053.834,0
1931,64,55.3,6.7,666.666666667,459.067,0
1932,64,82.2,11.8,666.666666667,1654.6,0
1933,64,69.3,8.1,666.666666667,1090.734,0
1934,64,69.2,8,666.666666667,513.567,0
1935,64,63.8,7.5,666.666666667,1641.6,0
1936,64,53.7,5.4,666.666666667,1055.234,0
1937,64,52.5,5.3,666.666666667,458.567,0
1938,64,59.9,7.4,666.666666667,1640.3,0
1939,64,53.8,5.5,666.666666667,1049.934,0
1940,64,53.2,5.3,666.666666667,453.367,0
1941,64,87.2,10.6,666.666666667,1647.2,0
1942,64,83.2,9.7,666.666666667,1092.334,0
1943,64,82.6,9.7,666.666666667,533.067,0
1944,64,107.4,11.9,666.666666667,1654.4,0
1945,64,94.2,10.5,666.666666667,1119.734,0
1946,64,92.8,10.6,666.666666667,571.767,0
1947,64,59.9,6.7,666.666666667,21.6,0
1948,64,73.7,9.3,666.666666667,978.034,0
1949,64,66.1,6.7,666.666666667,405.467,0
1950,64,82.1,10.4,666.666666667,1655.3,1
1951,64,67.2,6.8,666.666666667,1091.234,0
1952,64,66,6.7,666.666666667,512.067,0
1953,64,129.4,21.5,666.666666667,1673,0
1954,64,110.6,12.8,666.666666667,1165.834,0
1955,64,104.7,10.5,666.666666667,647.667,0
1956,64,104.1,10.5,666.666666667,115.5,0
1957,64,74.8,9.6,666.666666667,985.234,0
1958,64,65.6,6.8,666.666666667,413.867,0
1959,64,73.1,8.9,666.666666667,1669.3,0
1960,64,66.5,6.7,666.666666667,1096.334,0
1961,64,65.8,6.6,666.666666667,516.467,0
1962,64,90.1,11.3,666.666666667,1656.2,0
1963,64,80,8.5,666.666666667,1104.434,0
1964,64,78.8,8,666.666666667,541.867,0
1965,64,84.2,11.4,666.666666667,1652.8,0
1966,64,81.7,10.3,666.666666667,1094.934,0
1967,64,80.8,9.9,666.666666667,534.167,0
1968,64,94.3,13.2,666.666666667,1656.7,0
1969,64,83.2,9.9,666.666666667,1109.234,0
1970,64,82.7,9.7,666.666666667,550.167,0
1971,64,62.9,7.3,666.666666667,1646.1,0
1972,64,54.4,5.7,666.666666667,1058.934,0
1973,64,53.8,5.4,666.666666667,463.067,0
1974,64,82.8,8.7,666.666666667,1655.5,0
1975,64,79.7,8.3,666.666666667,1095.834,0
1976,64,79,7.9,666.666666667,533.067,0
1977,64,130.3,22.1,666.666666667,2161.3,0
1978,64,91.1,15.6,666.666666667,1704.534,0
1979,64,85.2,9.8,666.666666667,1146.767,0
1980,64,84.2,10.1,666.666666667,603.8,1
1981,64,54,5.4,666.666666667,37.734,0
1982,64,61.6,7.2,666.666666667,824.067,0
1983,64,57.7,6.8,666.666666667,235.7,0
1984,64,76.8,9.1,666.666666667,1493.334,0
1985,64,57.7,6.6,666.666666667,920.267,0
1986,64,54.8,6.4,666.666666667,327.8,0
1987,64,61,7.7,666.666666667,1489.134,0
1988,64,53.6,5.5,666.666666667,899.967,0
1989,64,53,5.5,666.666666667,303.5,0
1990,64,63.1,8.4,666.666666667,1484.834,0
1991,64,54.6,5.8,666.666666667,897.867,0
1992,64,54,5.5,666.666666667,302.1,0
1993,64,55,5.8,666.666666667,1485.234,0
1994,64,59.5,6.6,666.666666667,890.167,0
1995,64,66.7,6.7,666.666666667,303.9,0
1996,64,82.8,8.7,666.666666667,1497.334,0
1997,64,83.5,10.8,666.666666667,938.467,0
1998,64,82.1,10.1,666.666666667,380.2,0
1999,64,73.6,9.6,666.666666667,1490.134,0
2000,64,55.9,7.2,666.666666667,914.667,0
2001,64,53.6,5.4,666.666666667,320.4,0
2002,64,124.2,17.4,666.666666667,1066.234,0
2003,64,108.4,13.2,666.666666667,554.967,0
2004,64,106.6,12.8,666.666666667,27.4,0
2005,64,85.1,10.9,666.666666667,717.834,0
2006,64,78,9.2,666.666666667,172.867,0
2007,64,61,7.8,666.666666667,1383.2,0
2008,64,53.3,5.3,666.666666667,794.034,0
2009,64,52.9,5.4,666.666666667,197.067,0
2010,64,95.5,11.5,666.666666667,1406.6,1
2011,64,85.5,10.2,666.666666667,860.234,0
2012,64,83.9,9.8,666.666666667,303.567,0
2013,64,97.7,10.8,666.666666667,1389,0
2014,64,88.4,9.7,666.666666667,844.334,0
2015,64,87.4,9.6,666.666666667,290.867,0
2016,64,68.6,8.1,666.666666667,1379.4,0
2017,64,53.7,5.5,666.666666667,797.634,0
2018,64,53,5.3,666.666666667,200.767,0
2019,64,60.4,7.4,666.666666667,1375.4,0
2020,64,53.9,5.6,666.666666667,787.134,0
2021,64,52.7,5.3,666.666666667,190.767,0
2022,64,56.6,6,666.666666667,1374.8,0
2023,64,55.3,5.6,666.666666667,781.634,0
2024,64,55.6,5.7,666.666666667,187.167,0
2025,64,86.6,9.1,666.666666667,1401.1,0
2026,64,56.3,5.8,666.666666667,838.234,0
2027,64,57.1,7.8,666.666666667,244.767,0
2028,64,62.4,8.1,666.666666667,1381.8,0
2029,64,55,5.6,666.666666667,794.534,0
2030,64,54.7,5.5,666.666666667,199.767,0
2031,64,91.5,13.8,666.666666667,1388.6,0
2032,64,82.6,10.4,666.666666667,837.934,0
2033,64,81.8,10.1,666.666666667,278.067,0
2034,64,91.1,13.9,666.666666667,1390.4,0
2035,64,79.2,8,666.666666667,838.434,0
2036,64,78.9,7.9,666.666666667,274.967,0
2037,64,85.6,10.6,666.666666667,1385.8,0
2038,64,83.1,9.6,666.666666667,829.034,0
2039,64,82.8,9.6,666.666666667,269.567,0
2040,64,64.6,7.6,666.666666667,1384.5,1
2041,64,53.2,5.4,666.666666667,799.034,0
2042,64,52.7,5.4,666.666666667,201.767,0
2043,64,94.2,11.5,666.666666667,1388.3,0
2044,64,87.6,10.3,666.666666667,841.534,0
2045,64,86.5,10.1,666.666666667,288.067,0
2046,64,66.4,7.7,666.666666667,1389.9,0
2047,64,59.9,6.9,666.666666667,806.634,0
2048,64,61.6,6.9,666.666666667,216.767,0
2049,64,124.6,14.3,666.666666667,1399.3,0
2050,64,108.2,12.7,666.666666667,886.934,0
2051,64,104.3,12.7,666.666666667,357.867,0
2052,64,68.3,8,666.666666667,1385.6,0
2053,64,53.8,5.5,666.666666667,804.034,0
2054,64,53.3,5.4,666.666666667,207.567,0
2055,64,60.8,7.6,666.666666667,1383.9,0
2056,64,54.2,5.6,666.666666667,794.434,0
2057,64,53.2,5.4,666.666666667,198.367,0
2058,64,81,8.5,666.666666667,1390.4,0
2059,64,79.3,8.1,666.666666667,829.134,0
2060,64,79.3,8,666.666666667,266.267,0
2061,64,75.4,9.4,666.666666667,1391,0
2062,64,67.1,6.8,666.666666667,820.234,0
2063,64,66.1,6.6,666.666666667,240.967,0
2064,64,84.6,11.2,666.666666667,1389.7,0
2065,64,82.4,10.4,666.666666667,832.034,0
2066,64,81.7,10,666.666666667,272.267,0
2067,64,94.4,14.2,666.666666667,1393.7,0
2068,64,79.3,8,666.666666667,846.434,0
2069,64,78.5,7.9,666.666666667,283.567,0
2070,64,90,10.7,666.666666667,1407.8,1
2071,64,85.1,10.1,666.666666667,855.734,0
2072,64,84,10,666.666666667,298.667,0
2073,64,194.5,93.3,666.666666667,894.5,0
2074,64,105,11,666.666666667,467.134,0
2075,64,63.3,8.2,666.666666667,1556.967,0
2076,64,55.6,6.8,666.666666667,970.3,0
2077,64,78.8,9,666.666666667,381.534,0
2078,64,64.5,7.9,666.666666667,1555.067,0
2079,64,54.8,6.6,666.666666667,969.3,0
2080,64,54.2,6.5,666.666666667,373.734,0
2081,64,55.4,6.7,666.666666667,1553.667,0
2082,64,53.5,5.4,666.666666667,958.8,0
2083,64,53,5.5,666.666666667,361.834,0
2084,64,97.3,11.5,666.666666667,1562.367,0
2085,64,91.2,10.4,666.666666667,1016.7,0
2086,64,91,10.5,666.666666667,464.934,0
2087,64,69.2,8.2,666.666666667,1550.267,0
2088,64,55.4,6.5,666.666666667,969.6,0
2089,64,55.1,6.5,666.666666667,374.434,0
2090,64,62.4,7.5,666.666666667,1562.667,0
2091,64,53.5,5.6,666.666666667,974.8,0
2092,64,53.2,5.4,666.666666667,377.934,0
2093,64,57.5,6.2,666.666666667,1550.367,0
2094,64,53.8,5.5,666.666666667,957.7,0
2095,64,53.3,5.4,666.666666667,361.234,0
2096,64,139.6,25.3,666.666666667,1595.467,0
2097,64,88.8,12.1,666.666666667,1105.2,0
2098,64,69.7,8,666.666666667,552.034,0
2099,64,61.4,9.4,666.666666667,1555.367,0
2100,64,55.1,7.1,666.666666667,980,1
2101,64,54.7,6.8,666.666666667,384.734,0
2102,64,77.6,12,666.666666667,1559.167,0
2103,64,66.9,6.9,666.666666667,990.8,0
2104,64,66.2,6.6,666.666666667,411.334,0
2105,64,61.2,7.7,666.666666667,1557.267,0
2106,64,53.9,5.6,666.666666667,968.2,0
2107,64,52.6,5.4,666.666666667,371.734,0
2108,64,72.2,8.9,666.666666667,1558.267,0
2109,64,69.8,8.3,666.666666667,984.5,0
2110,64,69.4,8,666.666666667,408.334,0
2111,64,73.3,8.6,666.666666667,1558.767,0
2112,64,68.2,8.2,666.666666667,986.3,0
2113,64,67.8,8.1,666.666666667,408.534,0
2114,64,95.9,11.9,666.666666667,1581.067,0
2115,64,81.7,9.9,666.666666667,1034.9,0
2116,64,81.3,9.6,666.666666667,474.334,0
2117,64,83.1,9.4,666.666666667,1565.467,0
2118,64,70.4,8.1,666.666666667,1002.6,0
2119,64,69.5,7.9,666.666666667,426.634,0
2120,64,114.4,17.5,666.666666667,1617.467,0
2121,64,84.3,10.3,666.666666667,1090.7,0
2122,64,95.9,12.9,666.666666667,533.934,0
2123,64,71.8,10.7,666.666666667,2345.667,0
2124,64,74.2,8.2,666.666666667,1774.2,0
2125,64,74.2,7.9,666.666666667,1205.134,0
2126,64,53.4,5.5,666.666666667,628.867,0
2127,64,53.1,5.4,666.666666667,31.9,0
2128,64,79.1,25.5,666.666666667,1021.234,0
2129,64,53.3,5.5,666.666666667,450.367,0
2130,64,92.1,13.7,666.666666667,1714.1,1
2131,64,82.7,10.6,666.666666667,1164.034,0
2132,64,80.9,10.2,666.666666667,604.167,0
2133,64,81.4,10.3,666.666666667,42.6,0
2134,64,58,6.3,666.666666667,1019.234,0
2135,64,54.4,5.7,666.666666667,426.967,0
2136,64,60.9,7.7,666.666666667,1682,0
2137,64,53.6,5.6,666.666666667,1092.734,0
2138,64,53.5,5.5,666.666666667,495.967,0
2139,64,60.7,7.5,666.666666667,1683.5,0
2140,64,58.7,7.1,666.666666667,1094.334,0
2141,64,57.2,6.7,666.666666667,503.067,0
2142,64,71.3,8.6,666.666666667,1683.9,0
2143,64,65.7,6.6,666.666666667,1108.134,0
2144,64,65.5,6.6,666.666666667,527.367,0
2145,64,65.3,8.4,666.666666667,1689.8,0
2146,64,57.1,7.1,666.666666667,1105.634,0
2147,64,56.3,6.8,666.666666667,512.767,0
2148,64,90.6,10.7,666.666666667,2193.9,0
2149,64,86.2,9.6,666.666666667,1646.034,0
2150,64,68.8,9.9,666.666666667,1088.967,0
2151,64,60.3,6.8,666.666666667,507.9,0
2152,64,66.5,7.9,666.666666667,1312.434,0
2153,64,57.9,6.9,666.666666667,729.467,0
2154,64,58.1,6.8,666.666666667,137.5,0
2155,64,78.9,9.5,666.666666667,1309.434,0
2156,64,66.5,6.8,666.666666667,742.267,0
2157,64,65.6,6.6,666.666666667,162.5,0
2158,64,56.7,6,666.666666667,2084.434,0
2159,64,57.4,7.2,666.666666667,1491.367,0
2160,64,55.2,5.6,666.666666667,911.1,1
2161,64,54.8,5.6,666.666666667,316.434,0
2162,64,92.2,11.7,666.666666667,1424.067,0
2163,64,81.9,8.3,666.666666667,875.3,0
2164,64,82.1,8.2,666.666666667,316.034,0
2165,64,58.8,8,666.666666667,1415.767,0
2166,64,57,7.1,666.666666667,824.9,0
2167,64,56.7,7,666.666666667,232.134,0
2168,64,64.3,9.7,666.666666667,1423.267,0
2169,64,56.1,5.7,666.666666667,838.4,0
2170,64,55.8,5.7,666.666666667,244.934,0
2171,64,92.1,11.4,666.666666667,1435.567,0
2172,64,79.8,8.1,666.666666667,885.8,0
2173,64,79.1,8.1,666.666666667,323.134,0
2174,64,94.2,11.5,666.666666667,1440.067,0
2175,64,83,9.8,666.666666667,892.3,0
2176,64,82.1,9.5,666.666666667,333.234,0
2177,64,64.5,7.6,666.666666667,1420.767,0
2178,64,54.7,6.6,666.666666667,835,0
2179,64,54,6.5,666.666666667,239.334,0
2180,64,92,11.8,666.666666667,1432.367,0
2181,64,81.8,8.2,666.666666667,881.4,0
2182,64,81.6,8.2,666.666666667,320.234,0
2183,64,99.6,11.8,666.666666667,1428.567,0
2184,64,88.2,9.9,666.666666667,886.9,0
2185,64,86.8,9.6,666.666666667,333.434,0
2186,64,78.5,8.5,666.666666667,927.367,0
2187,64,70.2,8.4,666.666666667,359.9,0
2188,64,62.4,7.2,666.666666667,1122.834,0
2189,64,56.9,6.9,666.666666667,534.967,0
2190,64,73.7,9.3,666.666666667,1809.1,1
2191,64,66.3,6.8,666.666666667,1236.534,0
2192,64,65.6,6.6,666.666666667,656.567,0
2193,64,66,6.8,666.666666667,76,0
2194,64,60.7,7.7,666.666666667,1124.534,0
2195,64,53.1,5.4,666.666666667,534.767,0
2196,64,69.5,7.3,666.666666667,1793.1,0
2197,64,68.7,9,666.666666667,1216.234,0
2198,64,68.4,8.8,666.666666667,638.467,0
2199,64,67.4,8.3,666.666666667,60.3,0
2200,64,71.4,9.3,666.666666667,1126.334,0
2201,64,66.3,6.7,666.666666667,551.667,0
2202,64,61.6,7.5,666.666666667,2299.5,0
2203,64,54,5.5,666.666666667,1711.034,0
2204,64,54,5.6,666.666666667,1114.767,0
2205,64,53.8,5.6,666.666666667,518.1,0
2206,64,71.3,9.1,666.666666667,1187.134,0
2207,64,69.2,8.6,666.666666667,612.267,0
2208,64,69,8.2,666.666666667,35.6,0
2209,64,95,11.2,666.666666667,1194.934,0
2210,64,82.1,10,666.666666667,647.967,0
2211,64,80.9,9.8,666.666666667,88,0
2212,64,134.9,22,666.666666667,1198.934,0
2213,64,98.5,15.5,666.666666667,701.867,0
2214,64,81.9,10,666.666666667,158.1,0
2215,64,76.2,9.8,666.666666667,1193.934,0
2216,64,66.4,6.8,666.666666667,624.067,0
2217,64,65.7,6.6,666.666666667,44.1,0
2218,64,98.7,11.8,666.666666667,1193.034,0
2219,64,88.8,10.4,666.666666667,648.967,0
2220,64,87.8,10.3,666.666666667,107.5,1
2221,64,82.1,9.8,666.666666667,1191.234,0
2222,64,68.4,8.1,666.666666667,627.367,0
2223,64,67.6,8,666.666666667,49.6,0
2224,64,80.4,9,666.666666667,1192.334,0
2225,64,70.8,8.2,666.666666667,626.867,0
2226,64,70.6,8.2,666.666666667,51.8,0
2227,64,94.8,11.3,666.666666667,710.734,0
2228,64,80,8.3,666.666666667,163.667,0
2229,64,59.2,7.5,666.666666667,1357.6,0
2230,64,53.8,5.6,666.666666667,766.534,0
2231,64,52.7,5.3,666.666666667,170.067,0
2232,64,89.7,11.2,666.666666667,1373.1,0
2233,64,83.7,11,666.666666667,820.734,0
2234,64,81.7,10.1,666.666666667,262.067,0
2235,64,151.7,24,666.666666667,1400,0
2236,64,100.1,33.4,666.666666667,906.334,0
2237,64,66.6,6.8,666.666666667,360.167,0
2238,64,61,7.7,666.666666667,1360.8,0
2239,64,53,5.5,666.666666667,771.734,0
2240,64,53,5.4,666.666666667,174.467,0
2241,64,90.3,11,666.666666667,1370.3,0
2242,64,82,10,666.666666667,818.734,0
2243,64,81.7,9.9,666.666666667,258.767,0
2244,64,66.5,7.7,666.666666667,1361.2,0
2245,64,56.5,6.7,666.666666667,777.334,0
2246,64,56,6.7,666.666666667,183.267,0
2247,64,63.8,7.8,666.666666667,1361.5,0
2248,64,54.5,5.6,666.666666667,775.234,0
2249,64,54.1,5.5,666.666666667,179.567,0
2250,64,92.3,10.7,666.666666667,1384,1
2251,64,88.8,10.1,666.666666667,839.534,0
2252,64,90.7,10.2,666.666666667,293.967,0
2253,64,81.7,9.5,666.666666667,1368.3,0
2254,64,69.2,8.4,666.666666667,803.634,0
2255,64,68.2,8.2,666.666666667,226.667,0
2256,64,85.5,10,666.666666667,1374.8,0
2257,64,81.2,9.6,666.666666667,818.434,0
2258,64,81.2,9.6,666.666666667,257.867,0
2259,64,140.5,23.4,666.666666667,1386.3,0
2260,64,131.9,16,666.666666667,896.334,0
2261,64,128.8,15.9,666.666666667,397.667,0
2262,64,77.1,9.2,666.666666667,1370.1,0
2263,64,67.9,7,666.666666667,801.434,0
2264,64,67.1,6.8,666.666666667,223.267,0
2265,64,82.6,8.5,666.666666667,1372.1,0
2266,64,83.9,10.9,666.666666667,812.934,0
2267,64,82.7,10.2,666.666666667,254.867,0
2268,64,63.1,9,666.666666667,1362.2,0
2269,64,56.1,7.3,666.666666667,775.234,0
2270,64,53.8,5.5,666.666666667,181.067,0
2271,64,82.3,8.6,666.666666667,1380.8,0
2272,64,80.6,8.1,666.666666667,821.234,0
2273,64,80.1,8,666.666666667,259.667,0
2274,64,86,10.3,666.666666667,1876.3,0
2275,64,82.4,9.9,666.666666667,1320.234,0
2276,64,81.9,9.8,666.666666667,760.667,0
2277,64,77.8,10.6,666.666666667,200.9,0
2278,64,62.6,7.4,666.666666667,803.034,0
2279,64,57.3,7.1,666.666666667,215.467,0
2280,64,63.4,7.5,666.666666667,1480.5,1
2281,64,57,6.9,666.666666667,894.034,0
2282,64,55.7,6.8,666.666666667,300.967,0
2283,64,152.3,43.3,666.666666667,1477.5,0
2284,64,102.4,15.2,666.666666667,996.834,0
2285,64,100,14.6,666.666666667,462.167,0
2286,64,104.8,12.2,666.666666667,1473.9,0
2287,64,92.6,10.9,666.666666667,936.934,0
2288,64,89,10.7,666.666666667,387.767,0
2289,64,98.1,11.3,666.666666667,1480.4,0
2290,64,82.6,9.7,666.666666667,937.334,0
2291,64,81.7,9.6,666.666666667,378.267,0
2292,64,63.1,7.4,666.666666667,1468.9,0
2293,64,55.4,6.6,666.666666667,881.834,0
2294,64,55.3,6.6,666.666666667,287.167,0
2295,64,87,10.3,666.666666667,1476.9,0
2296,64,81.3,8.2,666.666666667,922.034,0
2297,64,80.1,8.1,666.666666667,361.467,0
2298,64,71.2,9.6,666.666666667,1472,0
2299,64,67.1,6.8,666.666666667,897.234,0
2300,64,67.2,6.8,666.666666667,318.167,0
2301,64,62.4,9.4,666.666666667,1470.7,0
2302,64,55.4,7.1,666.666666667,885.434,0
2303,64,54.6,6.7,666.666666667,290.567,0
2304,64,59.8,8.5,666.666666667,1468.9,0
2305,64,52.7,5.3,666.666666667,878.434,0
2306,64,53.1,5.5,666.666666667,280.767,0
2307,64,104,15.1,666.666666667,1478.5,0
2308,64,84.3,10.8,666.666666667,944.334,0
2309,64,65.8,6.7,666.666666667,382.167,0
2310,64,77.3,9.5,666.666666667,1490.6,1
2311,64,68.9,8.5,666.666666667,921.834,0
2312,64,68.3,8.3,666.666666667,344.867,0
2313,64,99.1,11.6,666.666666667,1477.9,0
2314,64,84.8,10.1,666.666666667,935.734,0
2315,64,83.7,9.8,666.666666667,378.867,0
2316,64,63.4,7.6,666.666666667,1474.5,0
2317,64,53.8,5.4,666.666666667,888.134,0
2318,64,54.1,5.6,666.666666667,291.567,0
2319,64,101.3,11.9,666.666666667,1472.1,0
2320,64,91.3,10.5,666.666666667,930.734,0
2321,64,89.8,10.3,666.666666667,378.967,0
2322,64,64.7,7.7,666.666666667,1469.8,0
2323,64,53.9,5.5,666.666666667,884.634,0
2324,64,53.6,5.4,666.666666667,288.267,0
2325,64,86.1,10.3,666.666666667,1477.7,0
2326,64,84.5,9.8,666.666666667,921.734,0
2327,64,92.1,11.9,666.666666667,364.267,0
2328,64,64.6,7.7,666.666666667,1480.1,0
2329,64,53.9,5.6,666.666666667,894.534,0
2330,64,53.3,5.3,666.666666667,298.067,0
2331,64,76.5,9.5,666.666666667,1494.8,0
2332,64,66.5,6.7,666.666666667,925.134,0
2333,64,66.2,6.7,666.666666667,345.367,0
2334,64,61,7.7,666.666666667,1473.7,0
2335,64,55.7,7.4,666.666666667,884.634,0
2336,64,54.8,6.8,666.666666667,289.967,0
2337,64,77.3,11.5,666.666666667,1474.9,0
2338,64,68.5,8.9,666.666666667,906.434,0
2339,64,65.9,6.8,666.666666667,328.567,0
2340,64,60.4,7.5,666.666666667,1486.6,1
2341,64,53.3,5.5,666.666666667,897.034,0
2342,64,53,5.3,666.666666667,299.867,0
2343,64,58,6.4,666.666666667,1469.6,0
2344,64,54.2,5.6,666.666666667,877.534,0
2345,64,54,5.7,666.666666667,281.767,0
2346,64,89.7,10.7,666.666666667,1480.3,0
2347,64,83.9,9.7,666.666666667,928.234,0
2348,64,83.3,9.7,666.666666667,370.167,0
2349,64,62.9,7.4,666.666666667,1470.2,0
2350,64,55.5,6.7,666.666666667,883.134,0
2351,64,54.9,6.7,666.666666667,288.367,0
2352,64,109.9,15.8,666.666666667,1568.3,0
2353,64,70.6,8.2,666.666666667,1036.534,0
2354,64,69.5,8,666.666666667,460.267,0
2355,64,67.5,8.2,666.666666667,1470.8,0
2356,64,56.6,6.8,666.666666667,887.834,0
2357,64,55.4,6.5,666.666666667,293.467,0
2358,64,85.1,10,666.666666667,1475.7,0
2359,64,79.6,8.1,666.666666667,918.134,0
2360,64,79.7,8,666.666666667,355.067,0
2361,64,89.9,10.6,666.666666667,1501.5,0
2362,64,87.1,10.3,666.666666667,950.034,0
2363,64,87,10.3,666.666666667,395.867,0
2364,64,88.6,10.3,666.666666667,1478,0
2365,64,82.9,8.3,666.666666667,925.134,0
2366,64,82.3,8.3,666.666666667,366.567,0
2367,64,56.6,5.9,666.666666667,1472.9,0
2368,64,55.8,5.7,666.666666667,879.534,0
2369,64,55,5.6,666.666666667,285.567,0
2370,64,57.4,6,666.666666667,1491.5,1
2371,64,55.4,5.6,666.666666667,899.634,0
2372,64,55.8,5.7,666.666666667,305.867,0
2373,64,95.2,14.1,666.666666667,1487.7,0
2374,64,86,11.1,666.666666667,941.834,0
2375,64,85,10.7,666.666666667,386.567,0
2376,64,238.7,115.1,666.666666667,1506.2,0
2377,64,84.2,8.6,666.666666667,1112.334,0
2378,64,83.2,8.5,666.666666667,555.567,0
2379,64,79.8,9.6,666.666666667,1486.6,0
2380,64,70.1,8.4,666.666666667,920.234,0
2381,64,68.8,8,666.666666667,344.267,0
2382,64,66.9,7.8,666.666666667,1474.6,0
2383,64,54.9,6.7,666.666666667,891.334,0
2384,64,54.6,6.5,666.666666667,295.867,0
2385,64,82.2,9.9,666.666666667,1490.9,0
2386,64,69.4,8.1,666.666666667,926.834,0
2387,64,68.6,8,666.666666667,350.067,0
2388,64,62.2,7.1,666.666666667,1475,0
2389,64,56.7,6.5,666.666666667,887.034,0
2390,64,55.9,6.5,666.666666667,293.467,0
2391,64,63.9,8,666.666666667,1482.2,0
2392,64,54.4,5.7,666.666666667,895.934,0
2393,64,53.3,5.4,666.666666667,299.867,0
2394,64,62.8,7.6,666.666666667,1476.4,0
2395,64,57.9,6.8,666.666666667,889.734,0
2396,64,57.3,6.8,666.666666667,298.067,0
2397,64,66.5,7.9,666.666666667,1480.8,0
2398,64,58.4,7.2,666.666666667,897.734,0
2399,64,57.1,7,666.666666667,306.367,0
2400,64,194.3,73.7,666.666666667,1591.4,1
2401,64,131,14.6,666.666666667,1156.334,0
2402,64,102.9,13.6,666.666666667,657.067,0
2403,64,106.7,12.9,666.666666667,122.3,0
2404,64,72.9,9.1,666.666666667,821.434,0
2405,64,65.6,6.8,666.666666667,248.267,0
2406,64,80.8,8.4,666.666666667,1494,0
2407,64,83.2,10.8,666.666666667,933.134,0
2408,64,82.7,10,666.666666667,374.367,0
2409,64,83.4,10.4,666.666666667,1487,0
2410,64,82.3,10.2,666.666666667,927.834,0
2411,64,79.7,8,666.666666667,368.367,0
2412,64,64.5,7.7,666.666666667,1283.5,0
2413,64,56.6,6.7,666.666666667,697.934,0
2414,64,55.6,6.3,666.666666667,104.167,0
2415,64,64.8,8,666.666666667,1280.8,0
2416,64,53.6,5.6,666.666666667,695.534,0
2417,64,53.2,5.4,666.666666667,98.967,0
2418,64,86.1,9.9,666.666666667,1292,0
2419,64,82.7,9.6,666.666666667,736.434,0
2420,64,82.1,9.5,666.666666667,176.967,0
2421,64,62.3,7.2,666.666666667,1283.4,0
2422,64,55.2,6.5,666.666666667,695.734,0
2423,64,55,6.6,666.666666667,100.867,0
2424,64,112,13,666.666666667,1281.6,0
2425,64,64.1,8.4,666.666666667,750.434,0
2426,64,55.8,6.5,666.666666667,168.567,0
2427,64,84.6,12.6,666.666666667,1295,0
2428,64,65.9,6.7,666.666666667,734.834,0
2429,64,65.8,6.8,666.666666667,154.367,0
2430,64,92.4,11.2,666.666666667,1310.4,1
2431,64,83.4,9.9,666.666666667,761.134,0
2432,64,82.7,9.6,666.666666667,202.467,0
2433,64,84.5,10,666.666666667,1293.8,0
2434,64,78.7,8,666.666666667,736.334,0
2435,64,78.3,7.9,666.666666667,172.867,0
2436,64,57.9,6.6,666.666666667,1287.8,0
2437,64,53.6,5.4,666.666666667,695.434,0
2438,64,53.4,5.4,666.666666667,98.767,0
2439,64,84.1,9.3,666.666666667,1295.7,0
2440,64,83.2,10.6,666.666666667,738.034,0
2441,64,82.5,10,666.666666667,179.367,0
2442,64,86.5,12,666.666666667,1295.1,0
2443,64,81.8,10.2,666.666666667,739.634,0
2444,64,78.7,7.9,666.666666667,179.167,0
2445,64,80.4,9.5,666.666666667,1304.4,0
2446,64,70.9,8.5,666.666666667,739.334,0
2447,64,69.7,8.2,666.666666667,164.267,0
2448,64,93.5,11,666.666666667,1295.7,0
2449,64,81.9,8.2,666.666666667,746.434,0
2450,64,82.2,8.2,666.666666667,185.367,0
2451,64,97.9,11.4,666.666666667,1810.1,0
2452,64,90.2,10.7,666.666666667,1265.834,0
2453,64,67.6,10.1,666.666666667,713.467,0
2454,64,57.4,6.8,666.666666667,131,0
2455,64,87.7,10.3,666.666666667,695.934,0
2456,64,81.6,8.2,666.666666667,146.767,0
2457,64,89.8,11.2,666.666666667,1357.5,0
2458,64,86.7,10.4,666.666666667,804.334,0
2459,64,86.6,10.6,666.666666667,248.167,0
2460,64,62.9,7.8,666.666666667,1371,1
2461,64,53.8,5.5,666.666666667,783.434,0
2462,64,53.2,5.4,666.666666667,186.767,0
2463,64,83,10.3,666.666666667,1363.7,0
2464,64,81,9.7,666.666666667,803.434,0
2465,64,80.6,9.5,666.666666667,241.867,0
2466,64,69.2,8.1,666.666666667,1360.9,0
2467,64,66.2,6.7,666.666666667,783.634,0
2468,64,66.8,6.7,666.666666667,203.267,0
2469,64,82.8,10,666.666666667,1364.1,0
2470,64,82.1,9.5,666.666666667,804.934,0
2471,64,81.4,9.6,666.666666667,244.867,0
2472,64,83.7,29.1,666.666666667,1359.7,0
2473,64,54.1,5.7,666.666666667,793.434,0
2474,64,53.4,5.5,666.666666667,197.067,0
2475,64,60.1,7.7,666.666666667,1363.4,0
2476,64,56,7.5,666.666666667,773.434,0
2477,64,54.4,6.8,666.666666667,179.067,0
2478,64,61,9,666.666666667,1359.4,0
2479,64,55.4,7.2,666.666666667,770.134,0
2480,64,53,5.4,666.666666667,175.367,0
2481,64,94.5,11.3,666.666666667,1371.5,0
2482,64,83.9,9.8,666.666666667,824.334,0
2483,64,83,9.6,666.666666667,265.967,0
2484,64,82.4,11.9,666.666666667,1360.2,0
2485,64,68.1,7.6,666.666666667,796.534,0
2486,64,66.1,6.8,666.666666667,218.467,0
2487,64,67.7,7,666.666666667,867.1,0
2488,64,66.5,6.7,666.666666667,288.534,0
2489,64,97.1,11.2,666.666666667,1332.667,0
2490,64,86,9.8,666.666666667,801.2,1
2491,64,85.3,9.7,666.666666667,244.734,0
2492,64,83.3,12,666.666666667,1325.567,0
2493,64,72.9,10.8,666.666666667,762.5,0
2494,64,69.9,8,666.666666667,189.034,0
2495,64,76,9.1,666.666666667,1352.667,0
2496,64,66.6,6.8,666.666666667,783.3,0
2497,64,66.2,6.8,666.666666667,203.834,0
2498,64,94.5,11.7,666.666666667,1339.367,0
2499,64,84.2,10.3,666.666666667,792.9,0
2500,64,84.1,10,666.666666667,235.734,0
2501,64,119.6,15.6,666.666666667,1339.967,0
2502,64,87.5,12.2,666.666666667,827.6,0
2503,64,81.8,9.4,666.666666667,273.234,0
2504,64,62,7.6,666.666666667,1327.267,0
2505,64,54.1,5.6,666.666666667,739.2,0
2506,64,53.4,5.5,666.666666667,142.734,0
2507,64,87.6,11.1,666.666666667,1337.767,0
2508,64,82.8,10.6,666.666666667,783.4,0
2509,64,81.7,10,666.666666667,224.134,0
2510,64,62.6,9.3,666.666666667,1322.767,0
2511,64,55.3,7.2,666.666666667,735.3,0
2512,64,54,5.5,666.666666667,140.134,0
2513,64,88,10.7,666.666666667,1336.967,0
2514,64,85.2,10.4,666.666666667,783.9,0
2515,64,84.5,9.9,666.666666667,228.434,0
2516,64,62.5,7.5,666.666666667,829.067,0
2517,64,65.5,9.8,666.666666667,241.9,0
2518,64,93.8,11.5,666.666666667,1517.534,0
2519,64,68.6,8.5,666.666666667,969.867,0
2520,64,66,6.6,666.666666667,404.4,1
2521,64,114.6,14.7,666.666666667,1516.034,0
2522,64,93,10.9,666.666666667,988.267,0
2523,64,91,10.7,666.666666667,438.6,0
2524,64,80.6,9.3,666.666666667,1502.634,0
2525,64,56.5,6.5,666.666666667,936.967,0
2526,64,55.3,6.6,666.666666667,343.1,0
2527,64,66.4,8.2,666.666666667,1500.234,0
2528,64,53.2,5.4,666.666666667,916.667,0
2529,64,52.5,5.3,666.666666667,319.4,0
2530,64,59.7,7.6,666.666666667,1499.434,0
2531,64,52.7,5.4,666.666666667,908.967,0
2532,64,52.7,5.4,666.666666667,311.3,0
2533,64,71.4,8.9,666.666666667,1502.934,0
2534,64,69.4,8.2,666.666666667,928.167,0
2535,64,68.8,8,666.666666667,351,0
2536,64,64.5,7.6,666.666666667,1500.334,0
2537,64,54.6,5.7,666.666666667,914.667,0
2538,64,53.9,5.5,666.666666667,319.2,0
2539,64,81.1,8.4,666.666666667,1507.134,0
2540,64,78.8,8,666.666666667,946.167,0
2541,64,78.8,7.9,666.666666667,382.9,0
2542,64,74.2,10.7,666.666666667,1503.934,0
2543,64,67.6,8.4,666.666666667,932.067,0
2544,64,67.4,8.1,666.666666667,353.3,0
2545,64,91.4,13.7,666.666666667,1510.334,0
2546,64,79.1,8,666.666666667,959.967,0
2547,64,78.6,8,666.666666667,396.7,0
2548,64,69.9,8.8,666.666666667,1502.834,0
2549,64,80.7,9.7,666.666666667,927.067,0
2550,64,80.6,9.6,666.666666667,377.4,1
2551,64,79.4,9.3,666.666666667,1505.434,0
2552,64,85.1,12.8,666.666666667,939.367,0
2553,64,70.5,8.2,666.666666667,387.5,0
2554,64,78.4,9.4,666.666666667,1509.034,0
2555,64,82.2,10,666.666666667,944.067,0
2556,64,81.1,9.7,666.666666667,383.9,0
2557,64,93.6,11.9,666.666666667,1513.034,0
2558,64,58.5,6.7,666.666666667,960.467,0
2559,64,57,6.4,666.666666667,368.7,0
2560,64,82.6,9.8,666.666666667,1506.434,0
2561,64,80.5,8.1,666.666666667,943.267,0
2562,64,79.9,8,666.666666667,381.7,0
2563,64,68.1,7.1,666.666666667,1506.534,0
2564,64,80.6,8.1,666.666666667,928.767,0
2565,64,80.1,8,666.666666667,367.1,0
2566,64,93.4,11.5,666.666666667,1511.534,0
2567,64,69.4,8.3,666.666666667,958.667,0
2568,64,69.2,7.9,666.666666667,381.9,0
2569,64,77.8,9.3,666.666666667,1503.634,0
2570,64,67.4,6.8,666.666666667,934.967,0
2571,64,65.4,6.6,666.666666667,355.4,0
2572,64,61.5,7.5,666.666666667,1508.234,0
2573,64,54.2,5.5,666.666666667,919.367,0
2574,64,53.9,5.5,666.666666667,323.1,0
2575,64,121.6,46.9,666.666666667,1504.034,0
2576,64,86.7,11.1,666.666666667,989.467,0
2577,64,82.7,10.2,666.666666667,434.4,0
2578,64,74.5,10.8,666.666666667,1506.234,0
2579,64,68.2,8.5,666.666666667,934.567,0
2580,64,66.1,6.7,666.666666667,369.3,1
2581,64,76.7,9.1,666.666666667,1505.134,0
2582,64,56.1,6.9,666.666666667,933.767,0
2583,64,55.2,6.6,666.666666667,339.4,0
2584,64,95.8,11.3,666.666666667,1522.334,0
2585,64,82.9,9.9,666.666666667,976.367,0
2586,64,82.2,9.7,666.666666667,417.6,0
2587,64,59,7.1,666.666666667,1498.934,0
2588,64,54.2,5.5,666.666666667,907.967,0
2589,64,53.5,5.4,666.666666667,312,0
2590,64,99.8,11.5,666.666666667,1507.734,0
2591,64,94.3,10.7,666.666666667,965.467,0
2592,64,94.4,10.6,666.666666667,417.6,0
2593,64,67.8,7.8,666.666666667,1510.734,0
2594,64,81.3,9.7,666.666666667,931.267,0
2595,64,79.1,8.1,666.666666667,370.4,0
2596,64,57.4,6.5,666.666666667,1494.934,0
2597,64,53.9,5.5,666.666666667,902.367,0
2598,64,53.9,5.4,666.666666667,306,0
2599,64,68.4,7.3,666.666666667,1497.934,0
2600,64,62.7,8.8,666.666666667,920.067,0
2601,64,56.2,5.6,666.666666667,333.1,0
2602,64,92.5,11.3,666.666666667,1510.634,0
2603,64,69.8,8.1,666.666666667,957.067,0
2604,64,69.5,8,666.666666667,380.3,0
2605,64,64.2,7.5,666.666666667,1495.134,0
2606,64,63.2,6.7,666.666666667,909.467,0
2607,64,66.8,6.7,666.666666667,326.6,0
2608,64,58.1,6,666.666666667,1515.934,0
2609,64,56,5.7,666.666666667,924.567,0
2610,64,56.3,5.7,666.666666667,342.2,1
2611,64,57.2,6.3,666.666666667,1496.234,0
2612,64,58.1,7.4,666.666666667,904.067,0
2613,64,57.5,7.1,666.666666667,312.6,0
2614,64,94.4,14,666.666666667,1514.034,0
2615,64,57.3,7.3,666.666666667,960.967,0
2616,64,54.9,5.6,666.666666667,368.7,0
2617,64,61.2,7.8,666.666666667,1501.034,0
2618,64,53.5,5.5,666.666666667,912.067,0
2619,64,52.6,5.3,666.666666667,315.2,0
2620,64,86.4,10.4,666.666666667,1508.034,0
2621,64,69.5,8.1,666.666666667,951.267,0
2622,64,68.7,7.9,666.666666667,374.6,0
2623,64,65.5,7.7,666.666666667,1495.634,0
2624,64,53.4,5.5,666.666666667,911.267,0
2625,64,52.9,5.4,666.666666667,314.7,0
2626,64,111.1,14.3,666.666666667,1511.634,0
2627,64,73.5,8.1,666.666666667,976.867,0
2628,64,72.5,7.9,666.666666667,404.1,0
2629,64,69.8,8.8,666.666666667,1495.534,0
2630,64,55,6.6,666.666666667,915.167,0
2631,64,53.3,5.4,666.666666667,319.8,0
2632,64,55.1,6.1,666.666666667,1494.334,0
2633,64,58.1,9.5,666.666666667,898.967,0
2634,64,55.5,5.6,666.666666667,307.4,0
2635,64,96.4,11.6,666.666666667,1510.434,0
2636,64,88.5,10.6,666.666666667,965.967,0
2637,64,87.7,10.4,666.666666667,413.1,0
2638,64,78.7,9.4,666.666666667,1504.834,0
2639,64,67,6.9,666.666666667,937.867,0
2640,64,66.9,6.8,666.666666667,370.2,1
2641,64,67.6,7,666.666666667,1503.434,0
2642,64,78.1,7.9,666.666666667,924.967,0
2643,64,79.3,8,666.666666667,361,0
2644,64,60.6,7.6,666.666666667,1495.034,0
2645,64,63.3,7.3,666.666666667,905.467,0
2646,64,66.8,6.8,666.666666667,322.6,0
2647,64,73.2,9.8,666.666666667,1505.334,0
2648,64,82,10.1,666.666666667,934.167,0
2649,64,81.3,10,666.666666667,374.2,0
2650,64,61.3,8.7,666.666666667,1494.634,0
2651,64,60.7,6.6,666.666666667,905.567,0
2652,64,66.3,6.7,666.666666667,320.1,0
2653,64,78.7,9.5,666.666666667,1510.834,0
2654,64,70.2,8.3,666.666666667,943.667,0
2655,64,69.2,8.1,666.666666667,367.5,0
2656,64,64.2,7.5,666.666666667,1494.834,0
2657,64,54.5,5.6,666.666666667,909.267,0
2658,64,53.7,5.3,666.666666667,313.6,0
2659,64,96.4,11.1,666.666666667,1510.534,0
2660,64,87,9.7,666.666666667,965.067,0
2661,64,87.1,9.7,666.666666667,414.9,0
2662,64,71,8.7,666.666666667,1509.334,0
2663,64,54.8,6.5,666.666666667,930.267,0
2664,64,54.3,6.5,666.666666667,334.7,0
2665,64,63,7.9,666.666666667,1504.034,0
2666,64,53.6,5.5,666.666666667,916.767,0
2667,64,52.7,5.3,666.666666667,319.9,0
2668,64,76.3,9,666.666666667,1505.634,0
2669,64,68.5,8.1,666.666666667,935.767,0
2670,64,68.1,8.1,666.666666667,369.8,1
2671,64,75.2,9,666.666666667,1503.534,0
2672,64,58.3,7.1,666.666666667,932.567,0
2673,64,54.4,6.4,666.666666667,340.4,0
2674,64,62.1,7.8,666.666666667,1495.634,0
2675,64,53.8,6,666.666666667,907.467,0
2676,64,53,5.4,666.666666667,310.6,0
2677,64,60.4,7.7,666.666666667,1503.934,0
2678,64,64.1,6.8,666.666666667,914.167,0
2679,64,67.1,6.8,666.666666667,331.7,0
2680,64,91.4,13.7,666.666666667,1512.334,0
2681,64,82.2,10.4,666.666666667,961.867,0
2682,64,80.7,10,666.666666667,401.5,0
2683,64,61.9,9.4,666.666666667,1495.634,0
2684,64,61.5,6.7,666.666666667,907.467,0
2685,64,65.6,6.6,666.666666667,322.3,0
2686,64,78.3,9.3,666.666666667,1502.034,0
2687,64,56.3,6.7,666.666666667,933.467,0
2688,64,55.2,6.5,666.666666667,339.6,0
2689,64,91.6,10.9,666.666666667,1509.534,0
2690,64,79.1,8,666.666666667,959.167,0
2691,64,78.3,7.9,666.666666667,396.1,0
2692,64,59.6,7.2,666.666666667,1494.734,0
2693,64,57.6,6.8,666.666666667,904.167,0
2694,64,68.9,8.3,666.666666667,315.6,0
2695,64,102.7,11.9,666.666666667,1506.534,0
2696,64,92.1,10.6,666.666666667,966.567,0
2697,64,91.3,10.5,666.666666667,415.5,0
2698,64,63.2,7.4,666.666666667,1509.734,0
2699,64,53.6,5.4,666.666666667,922.867,0
2700,64,54.2,5.6,666.666666667,337.5,1
2701,64,88.1,11.1,666.666666667,1508.834,0
2702,64,84.7,10.3,666.666666667,953.167,0
2703,64,85,10.4,666.666666667,394.2,0
2704,64,78.4,9.6,666.666666667,1511.434,0
2705,64,79.7,9.8,666.666666667,943.667,0
2706,64,80.3,9.5,666.666666667,381.1,0
2707,64,161.7,29.8,666.666666667,1506.434,0
2708,64,82.2,8.9,666.666666667,1043.667,0
2709,64,79.8,8,666.666666667,483.8,0
2710,64,76,9.4,666.666666667,1510.334,0
2711,64,67.3,6.9,666.666666667,940.667,0
2712,64,67.2,6.9,666.666666667,362.2,0
2713,64,61.9,9.3,666.666666667,1505.434,0
2714,64,65.6,7.9,666.666666667,916.967,0
2715,64,81,10,666.666666667,340.3,0
2716,64,69.8,9,666.666666667,1506.434,0
2717,64,74.9,7.9,666.666666667,929.767,0
2718,64,78.6,7.9,666.666666667,362.4,0
2719,64,88.7,11.3,666.666666667,1513.434,0
2720,64,79,8,666.666666667,960.067,0
2721,64,78.4,7.9,666.666666667,397.4,0
2722,64,71.5,9,666.666666667,1505.834,0
2723,64,67.8,8.3,666.666666667,931.067,0
2724,64,67.4,8,666.666666667,352.5,0
2725,64,71,8.6,666.666666667,1507.834,0
2726,64,80.9,9.5,666.666666667,932.567,0
2727,64,80.4,9.5,666.666666667,371.3,0
2728,64,81.8,9.6,666.666666667,1514.034,0
2729,64,69.7,8.3,666.666666667,949.467,0
2730,64,69.2,8.1,666.666666667,386.6,1
2731,64,121.6,19.3,666.666666667,1032.134,0
2732,64,81.1,12,666.666666667,510.067,0
2733,64,65.2,8.1,666.666666667,1677.3,0
2734,64,57,6.7,666.666666667,1092.334,0
2735,64,56.2,6.7,666.666666667,498.967,0
2736,64,88.3,10.7,666.666666667,1686.1,0
2737,64,80.1,8.3,666.666666667,1132.434,0
2738,64,79,7.9,666.666666667,570.367,0
2739,64,63.3,7.9,666.666666667,1673,0
2740,64,55.3,6.9,666.666666667,1086.134,0
2741,64,54.8,6.7,666.666666667,490.667,0
2742,64,63.9,7.6,666.666666667,1681.5,0
2743,64,57.5,7,666.666666667,1095.734,0
2744,64,57,6.8,666.666666667,503.767,0
2745,64,62.8,7.7,666.666666667,1671.9,0
2746,64,56.7,5.9,666.666666667,1085.634,0
2747,64,55.7,5.6,666.666666667,493.067,0
2748,64,88.2,10.9,666.666666667,1685.1,0
2749,64,85.6,10.3,666.666666667,1132.534,0
2750,64,85.5,10.2,666.666666667,577.467,0
2751,64,85.6,10.2,666.666666667,22,0
2752,64,93.5,12.1,666.666666667,1021.034,0
2753,64,82.8,8.4,666.666666667,473.867,0
2754,64,106.6,12.6,666.666666667,1719.2,0
2755,64,84.2,10.4,666.666666667,1188.134,0
2756,64,67.7,8,666.666666667,626.167,0
2757,64,68,8.5,666.666666667,47.5,0
2758,64,62.5,7.6,666.666666667,1324.834,0
2759,64,55,6.8,666.666666667,737.167,0
2760,64,54.2,6.5,666.666666667,155.1,1
2761,64,61.5,7.3,666.666666667,1323.334,0
2762,64,53.2,5.5,666.666666667,734.667,0
2763,64,53.3,5.5,666.666666667,141.5,0
2764,64,71.7,8.7,666.666666667,1325.934,0
2765,64,69.4,8.1,666.666666667,751.767,0
2766,64,69.3,8,666.666666667,175.1,0
2767,64,101.2,11.8,666.666666667,1348.534,0
2768,64,85.6,9.8,666.666666667,808.467,0
2769,64,73.7,9.4,666.666666667,252.5,0
2770,64,64.7,7.9,666.666666667,1326.334,0
2771,64,53.4,5.5,666.666666667,740.867,0
2772,64,53.5,5.4,666.666666667,143.9,0
2773,64,86.3,10.3,666.666666667,1335.934,0
2774,64,82.4,10,666.666666667,780.367,0
2775,64,75.6,8,666.666666667,220.7,0
2776,64,110.3,12.7,666.666666667,1339.534,0
2777,64,104.9,12.9,666.666666667,811.667,0
2778,64,81.6,9.9,666.666666667,275.7,0
2779,64,62,7.8,666.666666667,1329.034,0
2780,64,55.4,7.1,666.666666667,740.767,0
2781,64,54.3,6.6,666.666666667,145.6,0
2782,64,62.7,9.2,666.666666667,1323.334,0
2783,64,55.5,7.2,666.666666667,735.767,0
2784,64,53.2,5.5,666.666666667,140.7,0
2785,64,89.2,11.3,666.666666667,1334.234,0
2786,64,79.2,8.2,666.666666667,781.167,0
2787,64,76.9,7.8,666.666666667,217.7,0
2788,64,69.8,8.9,666.666666667,1338.034,0
2789,64,69.4,8.5,666.666666667,761.367,0
2790,64,68.2,8.1,666.666666667,194.9,1
2791,64,60.4,7.1,666.666666667,836.034,0
2792,64,55.5,6.6,666.666666667,246.267,0
2793,64,85.4,10.1,666.666666667,1544,0
2794,64,83.1,9.9,666.666666667,987.634,0
2795,64,80.2,8.1,666.666666667,428.967,0
2796,64,72.5,8.7,666.666666667,1062.8,0
2797,64,91.6,12.8,666.666666667,489.134,0
2798,64,74,8.5,666.666666667,1729.467,0
2799,64,70.1,8.2,666.666666667,1157.3,0
2800,64,67.5,6.9,666.666666667,581.334,0
2801,64,141.5,34.1,666.666666667,1951.567,0
2802,64,86.2,10,666.666666667,1450.3,0
2803,64,83.4,10.1,666.666666667,892.434,0
2804,64,81.9,9.7,666.666666667,331.567,0
2805,64,72.8,9,666.666666667,1072.3,0
2806,64,66.3,6.7,666.666666667,499.234,0
2807,64,71.2,8.8,666.666666667,1735.967,0
2808,64,69.9,8.5,666.666666667,1160.8,0
2809,64,79.2,9.5,666.666666667,584.434,0
2810,64,83.3,10.1,666.666666667,21.467,0
2811,64,67.5,7,666.666666667,1075,0
2812,64,66.4,6.8,666.666666667,496.334,0
2813,64,77.3,11.3,666.666666667,1735.467,0
2814,64,69.2,8.8,666.666666667,1166.6,0
2815,64,80.9,8.8,666.666666667,589.934,0
2816,64,82.6,10.4,666.666666667,28.867,0
2817,64,60.9,7.4,666.666666667,1065.6,0
2818,64,53.8,5.5,666.666666667,476.334,0
2819,64,84.9,10.3,666.666666667,1740.867,0
2820,64,82.8,9.9,666.666666667,1195.1,1
2821,64,82.1,9.8,666.666666667,635.834,0
2822,64,82.4,9.7,666.666666667,76.067,0
2823,64,67.9,7.1,666.666666667,572.3,0
2824,64,151.4,29.4,666.666666667,1595.934,0
2825,64,96,12.9,666.666666667,1115.567,0
2826,64,80.6,9.7,666.666666667,569.7,0
2827,64,76.2,9.3,666.666666667,1599.734,0
2828,64,66,6.7,666.666666667,1029.767,0
2829,64,65.7,6.6,666.666666667,449.6,0
2830,64,85.5,12.1,666.666666667,1594.934,0
2831,64,70.2,8.4,666.666666667,1034.467,0
2832,64,69.6,8.2,666.666666667,458.5,0
2833,64,97.7,11.8,666.666666667,1631.934,0
2834,64,81.9,9.9,666.666666667,1087.467,0
2835,64,80.4,9.6,666.666666667,527.1,0
2836,64,67.4,9.2,666.666666667,1591.934,0
2837,64,57.1,6.7,666.666666667,1008.967,0
2838,64,56.3,6.5,666.666666667,415.6,0
2839,64,63.3,8.1,666.666666667,1598.934,0
2840,64,54.2,5.4,666.666666667,1011.867,0
2841,64,53.2,5.4,666.666666667,415.6,0
2842,64,76.7,9.1,666.666666667,1594.234,0
2843,64,70,8.2,666.666666667,1024.767,0
2844,64,69.5,8.2,666.666666667,448.2,0
2845,64,63.9,10,666.666666667,1587.634,0
2846,64,54.7,6.6,666.666666667,1001.167,0
2847,64,54.4,6.5,666.666666667,405.4,0
2848,64,149.4,37.2,666.666666667,1623.934,0
2849,64,84.5,9.9,666.666666667,1132.167,0
2850,64,79,8,666.666666667,588.9,1
2851,64,78.4,7.9,666.666666667,25.834,0
2852,64,67.6,13.8,666.666666667,930.667,0
2853,64,55.1,5.6,666.666666667,348.6,0
2854,64,80.7,8.2,666.666666667,1598.734,0
2855,64,79.1,8,666.666666667,1037.367,0
2856,64,78.8,7.9,666.666666667,474.1,0
2857,64,71,8.6,666.666666667,1590.034,0
2858,64,57.4,6.9,666.666666667,1011.467,0
2859,64,56,6.7,666.666666667,419.2,0
2860,64,68.2,10.8,666.666666667,1589.334,0
2861,64,67.7,8.2,666.666666667,1011.267,0
2862,64,68.3,8,666.666666667,432.4,0
2863,64,69.9,8.3,666.666666667,1590.934,0
2864,64,66.7,6.9,666.666666667,1014.967,0
2865,64,66,6.7,666.666666667,442.6,0
2866,64,94.3,11.8,666.666666667,1599.234,0
2867,64,86.6,10.2,666.666666667,1052.067,0
2868,64,86.3,10.1,666.666666667,497.3,0
2869,64,99.3,11.9,666.666666667,1615.934,0
2870,64,83.9,9.8,666.666666667,1073.467,0
2871,64,82.5,9.6,666.666666667,515.4,0
2872,64,83.5,9.9,666.666666667,1596.334,0
2873,64,68.2,8.3,666.666666667,1033.767,0
2874,64,68,8.2,666.666666667,456,0
2875,64,70.2,11.5,666.666666667,1603.534,0
2876,64,57,7.3,666.666666667,1024.167,0
2877,64,56.3,6.7,666.666666667,431.5,0
2878,64,77.4,9.3,666.666666667,1604.334,0
2879,64,71.8,8.4,666.666666667,1035.567,0
2880,64,69.6,8.2,666.666666667,473.1,1
2881,64,64.7,9.2,666.666666667,1593.234,0
2882,64,55.9,7,666.666666667,1007.867,0
2883,64,53.5,5.4,666.666666667,413.6,0
2884,64,82.2,8.3,666.666666667,1595.634,0
2885,64,80.4,8.1,666.666666667,1036.067,0
2886,64,80.4,8.2,666.666666667,474.4,0
2887,64,79.9,8.2,666.666666667,1595.234,0
2888,64,81.1,8.3,666.666666667,1032.967,0
2889,64,80.2,8,666.666666667,471.8,0
2890,64,68.3,7.1,666.666666667,1594.534,0
2891,64,67,6.8,666.666666667,1016.567,0
2892,64,67.1,6.8,666.666666667,436.9,0
2893,64,90.9,10.7,666.666666667,1601.034,0
2894,64,83.8,9.8,666.666666667,1049.567,0
2895,64,83.2,9.8,666.666666667,490.4,0
2896,64,80.6,9.7,666.666666667,1603.334,0
2897,64,65.9,6.6,666.666666667,1037.467,0
2898,64,66.1,6.8,666.666666667,457,0
2899,64,75,9.2,666.666666667,1592.434,0
2900,64,70.1,8.7,666.666666667,1021.567,0
2901,64,69,8.2,666.666666667,445.7,0
2902,64,84.3,10.3,666.666666667,1615.334,0
2903,64,71.5,8.2,666.666666667,1053.667,0
2904,64,70.4,8,666.666666667,478.7,0
2905,64,65.9,8.1,666.666666667,1595.534,0
2906,64,57.2,8.2,666.666666667,1011.467,0
2907,64,53.6,5.4,666.666666667,418.6,0
2908,64,76,9.8,666.666666667,1595.234,0
2909,64,69.4,8.7,666.666666667,1025.067,0
2910,64,68.4,8.3,666.666666667,460,1
2911,64,98.7,13.9,666.666666667,1606.334,0
2912,64,84.5,9.7,666.666666667,1063.067,0
2913,64,84.4,9.5,666.666666667,505.1,0
2914,64,61.8,7.9,666.666666667,1596.334,0
2915,64,53.7,5.5,666.666666667,1008.167,0
2916,64,53.8,5.5,666.666666667,411.7,0
2917,64,64.6,7,666.666666667,1595.434,0
2918,64,67.2,6.8,666.666666667,1014.167,0
2919,64,67,6.8,666.666666667,435.2,0
2920,64,71.8,7.7,666.666666667,1597.834,0
2921,64,66.7,6.7,666.666666667,1023.967,0
2922,64,66.4,6.7,666.666666667,444.6,0
2923,64,73.8,9.4,666.666666667,1608.734,0
2924,64,66.2,6.7,666.666666667,1036.767,0
2925,64,65.5,6.6,666.666666667,456.7,0
2926,64,99.1,12.1,666.666666667,1111.934,0
2927,64,68.5,8.4,666.666666667,565.367,0
2928,64,77,9.1,666.666666667,1776.7,0
2929,64,69.7,8.4,666.666666667,1207.534,0
2930,64,67.9,8.1,666.666666667,630.867,0
2931,64,67.7,8.2,666.666666667,52.5,0
2932,64,60.2,7.7,666.666666667,1105.934,0
2933,64,53.2,5.4,666.666666667,515.967,0
2934,64,78.5,9,666.666666667,1779.1,0
2935,64,72.7,8.3,666.666666667,1211.634,0
2936,64,72.1,8.1,666.666666667,638.267,0
2937,64,72.5,8.2,666.666666667,64,0
2938,64,88.9,11.4,666.666666667,1113.234,0
2939,64,79.9,8.3,666.666666667,559.767,0
2940,64,88.1,10.8,666.666666667,1790.7,1
2941,64,82.7,10.1,666.666666667,1236.934,0
2942,64,82.4,10,666.666666667,677.567,0
2943,64,82.3,10.1,666.666666667,117.9,0
2944,64,95.2,11.7,666.666666667,1113.934,0
2945,64,89.6,10.6,666.666666667,567.367,0
2946,64,66.1,10.2,666.666666667,2283,0
2947,64,57.6,6.9,666.666666667,1699.034,0
2948,64,54.8,6.6,666.666666667,1106.167,0
2949,64,53.2,5.3,666.666666667,510.7,0
2950,64,58.9,6.6,666.666666667,1377.434,0
2951,64,54.2,5.6,666.666666667,786.067,0
2952,64,53.6,5.4,666.666666667,189.8,0
2953,64,65.2,8,666.666666667,1378.734,0
2954,64,55.8,5.8,666.666666667,794.367,0
2955,64,54.8,5.5,666.666666667,200.2,0
2956,64,56.3,5.9,666.666666667,1376.034,0
2957,64,55.3,5.6,666.666666667,782.467,0
2958,64,54.8,5.5,666.666666667,187.9,0
2959,64,93,11.9,666.666666667,1391.534,0
2960,64,82.6,8.5,666.666666667,843.667,0
2961,64,54.9,5.6,666.666666667,282.6,0
2962,64,98.3,11.6,666.666666667,1392.234,0
2963,64,86.9,10.1,666.666666667,849.467,0
2964,64,76.8,10.7,666.666666667,295.1,0
2965,64,71.8,8.6,666.666666667,888.934,0
2966,64,67.1,6.7,666.666666667,314.867,0
2967,64,97.5,11.5,666.666666667,1570.6,0
2968,64,92.1,10.7,666.666666667,1029.834,0
2969,64,90.5,10.4,666.666666667,479.067,0
2970,64,66.9,8,666.666666667,1580.6,1
2971,64,54.4,6.4,666.666666667,997.434,0
2972,64,52.9,5.5,666.666666667,401.467,0
2973,64,75.2,9.2,666.666666667,1561.4,0
2974,64,68.6,8.6,666.666666667,990.434,0
2975,64,67.6,8.1,666.666666667,412.667,0
2976,64,105.9,12.6,666.666666667,1567.5,0
2977,64,72.1,10.2,666.666666667,1032.634,0
2978,64,66.7,6.8,666.666666667,458.867,0
2979,64,63.5,7.8,666.666666667,1551.9,0
2980,64,53.1,5.3,666.666666667,965.234,0
2981,64,52.6,5.3,666.666666667,367.967,0
2982,64,65.9,9.6,666.666666667,1557.7,0
2983,64,57.3,6.7,666.666666667,973.334,0
2984,64,57.7,6.5,666.666666667,380.267,0
2985,64,65.8,9.4,666.666666667,1558.7,0
2986,64,53.9,5.6,666.666666667,974.234,0
2987,64,52.7,5.3,666.666666667,377.767,0
2988,64,110.5,17.5,666.666666667,1628,0
2989,64,78,8.1,666.666666667,1094.834,0
2990,64,84,30.8,666.666666667,528.767,0
2991,64,74,9.3,666.666666667,1565.9,0
2992,64,66.6,6.8,666.666666667,993.734,0
2993,64,65.5,6.5,666.666666667,413.967,0
2994,64,74.6,9.5,666.666666667,1564,0
2995,64,67.7,7.9,666.666666667,992.334,0
2996,64,65.8,6.5,666.666666667,413.367,0
2997,64,78.6,9.2,666.666666667,1564.1,0
2998,64,70.3,8.4,666.666666667,995.834,0
2999,64,69.7,8.2,666.666666667,420.067,0
3000,64,72.4,8.7,666.666666667,1579.5,1
3001,64,66.4,6.6,666.666666667,1005.134,0
3002,64,66.4,6.8,666.666666667,425.367,0
3003,64,93.2,12.4,666.666666667,1566.201,0
3004,64,112.3,13.1,666.666666667,1021.634,0
3005,64,112.4,13.1,666.666666667,496.667,0
3006,64,67.1,8.2,666.666666667,1550,0
3007,64,53.5,5.4,666.666666667,966.934,0
3008,64,53.7,5.5,666.666666667,370.267,0
3009,64,75.3,9.9,666.666666667,1557.201,0
3010,64,69.2,9.1,666.666666667,986.234,0
3011,64,68.5,8.4,666.666666667,412.767,0
3012,64,135.2,24,666.666666667,1607.5,0
3013,64,77.7,10.3,666.666666667,1105.234,0
3014,64,67,6.9,666.666666667,536.867,0
3015,64,93,11.3,666.666666667,1567.901,0
3016,64,89.2,10.6,666.666666667,1018.734,0
3017,64,87.1,10.5,666.666666667,465.867,0
3018,64,63.1,7.9,666.666666667,1553.7,0
3019,64,55.8,6.9,666.666666667,966.634,0
3020,64,54.1,5.5,666.666666667,372.267,0
3021,64,59.6,7.6,666.666666667,1557.501,0
3022,64,53.3,5.5,666.666666667,966.734,0
3023,64,52.7,5.3,666.666666667,369.567,0
3024,64,89.8,10.5,666.666666667,1558.2,0
3025,64,82.3,8.3,666.666666667,1005.334,0
3026,64,83.8,9.7,666.666666667,444.567,0
3027,64,63.1,7.8,666.666666667,1558.301,0
3028,64,54.1,5.8,666.666666667,971.334,0
3029,64,52.8,5.3,666.666666667,375.067,0
3030,64,81.3,9.8,666.666666667,1581.3,1
3031,64,70.6,8.4,666.666666667,1016.634,0
3032,64,70.1,8.2,666.666666667,440.967,0
3033,64,64.9,7.5,666.666666667,1558.501,0
3034,64,54.4,5.5,666.666666667,973.534,0
3035,64,53.2,5.5,666.666666667,377.867,0
3036,64,251.9,154.6,666.666666667,1560.7,0
3037,64,106.2,13.2,666.666666667,1175.534,0
3038,64,104,12.7,666.666666667,644.667,0
3039,64,104,13.4,666.666666667,111.601,0
3040,64,119.2,14.6,666.666666667,908.134,0
3041,64,109.7,13.2,666.666666667,390.467,0
3042,64,65,7.8,666.666666667,1563.3,0
3043,64,57.1,6.6,666.666666667,978.134,0
3044,64,53.1,5.3,666.666666667,385.167,0
3045,64,61.1,7.8,666.666666667,1557.701,0
3046,64,54.7,6.8,666.666666667,968.734,0
3047,64,54.1,6.6,666.666666667,373.067,0
3048,64,96.2,11.8,666.666666667,1573.6,0
3049,64,81.2,10,666.666666667,1026.834,0
3050,64,74.4,10.1,666.666666667,463.667,0
3051,64,68,9.2,666.666666667,1560.901,0
3052,64,55.3,6.8,666.666666667,978.634,0
3053,64,52.7,5.4,666.666666667,383.567,0
3054,64,62.5,7.6,666.666666667,1562,0
3055,64,59.8,7.1,666.666666667,975.834,0
3056,64,53.6,5.4,666.666666667,385.467,0
3057,64,87,10.3,666.666666667,1070.501,0
3058,64,79.3,8,666.666666667,515.334,0
3059,64,118.8,25.6,666.666666667,1734.667,0
3060,64,68.9,7,666.666666667,1228.1,1
3061,64,79.4,8,666.666666667,654.334,0
3062,64,80.8,9.4,666.666666667,91.467,0
3063,64,73.2,9,666.666666667,1071.101,0
3064,64,66.7,6.8,666.666666667,498.334,0
3065,64,83.5,9.6,666.666666667,1733.267,0
3066,64,70.2,8.3,666.666666667,1170.8,0
3067,64,65.9,10.8,666.666666667,594.534,0
3068,64,90.8,10.8,666.666666667,1742.167,0
3069,64,82.2,9.9,666.666666667,1191.101,0
3070,64,68.2,8.2,666.666666667,637.034,0
3071,64,68,8.4,666.666666667,59.167,0
3072,64,94,11.8,666.666666667,1080.3,0
3073,64,86.6,10.6,666.666666667,532.434,0
3074,64,66.9,8.4,666.666666667,1736.867,0
3075,64,58.3,7,666.666666667,1153.901,0
3076,64,55.1,6.4,666.666666667,561.834,0
3077,64,99.9,12.5,666.666666667,1744.367,0
3078,64,87.6,11.2,666.666666667,1202.9,0
3079,64,112.3,35.2,666.666666667,648.034,0
3080,64,85.8,10.8,666.666666667,118.767,0
3081,64,63.3,7.8,666.666666667,1085.101,0
3082,64,56,6.8,666.666666667,498.334,0
3083,64,199.4,59,666.666666667,1738.667,0
3084,64,139.8,16.9,666.666666667,1303.8,0
3085,64,131.7,15.9,666.666666667,813.734,0
3086,64,128.4,15.6,666.666666667,315.167,0
3087,64,88.2,10.3,666.666666667,1077.801,0
3088,64,80.3,8.2,666.666666667,523.134,0
3089,64,60.6,7.9,666.666666667,2237.967,0
3090,64,53.3,5.4,666.666666667,1664.4,1
3091,64,52.4,5.3,666.666666667,1067.334,0
3092,64,52.7,5.4,666.666666667,469.267,0
3093,64,61.5,7.8,666.666666667,1575.501,0
3094,64,53.7,5.5,666.666666667,987.134,0
3095,64,53,5.4,666.666666667,390.467,0
3096,64,60.5,7.2,666.666666667,1576.1,0
3097,64,53.1,5.3,666.666666667,986.434,0
3098,64,57.9,7.8,666.666666667,389.067,0
3099,64,80.7,9.7,666.666666667,1582.701,0
3100,64,70.3,8.3,666.666666667,1017.434,0
3101,64,69.4,8,666.666666667,441.367,0
3102,64,67.6,7.9,666.666666667,1585.1,0
3103,64,67.4,9,666.666666667,1002.334,0
3104,64,79.9,10.2,666.666666667,418.967,0
3105,64,62.1,7.7,666.666666667,1575.501,0
3106,64,53.4,5.7,666.666666667,987.034,0
3107,64,52.6,5.3,666.666666667,389.467,0
3108,64,95.7,12,666.666666667,1585.6,0
3109,64,86.4,10.6,666.666666667,1039.034,0
3110,64,85.7,10.5,666.666666667,483.067,0
3111,64,69,8.8,666.666666667,1577.001,0
3112,64,56.2,6.6,666.666666667,995.734,0
3113,64,55.8,6.5,666.666666667,401.467,0
3114,64,65.8,7.8,666.666666667,1573.4,0
3115,64,54,5.6,666.666666667,989.134,0
3116,64,53.6,5.4,666.666666667,392.767,0
3117,64,93.8,11.3,666.666666667,1583.701,0
3118,64,83.3,10.4,666.666666667,1035.734,0
3119,64,81.9,10,666.666666667,477.167,0
3120,64,64.1,8.5,666.666666667,1588.7,1
3121,64,56,6.6,666.666666667,1002.834,0
3122,64,55.8,6.5,666.666666667,408.767,0
3123,64,84.8,10.4,666.666666667,1580.301,0
3124,64,79.9,8,666.666666667,1023.034,0
3125,64,79.7,8,666.666666667,460.667,0
3126,64,89.6,11.3,666.666666667,1590.7,0
3127,64,79.9,8.2,666.666666667,1038.334,0
3128,64,79.1,7.9,666.666666667,475.967,0
3129,64,75.6,9.6,666.666666667,1577.501,0
3130,64,67,6.8,666.666666667,1007.234,0
3131,64,66.5,6.7,666.666666667,428.167,0
3132,64,77.8,9.9,666.666666667,1580.3,0
3133,64,68.4,8.6,666.666666667,1012.034,0
3134,64,67.9,8.1,666.666666667,434.167,0
3135,64,77.2,9.3,666.666666667,1569.401,0
3136,64,55.2,6.6,666.666666667,996.534,0
3137,64,54.4,6.4,666.666666667,401.467,0
3138,64,63.6,7.5,666.666666667,1572.1,0
3139,64,54.5,6.7,666.666666667,985.334,0
3140,64,54.6,6.6,666.666666667,389.667,0
3141,64,96.8,11.5,666.666666667,1582.201,0
3142,64,87.7,10.8,666.666666667,1036.434,0
3143,64,87,10.5,666.666666667,481.467,0
3144,64,67.7,7.8,666.666666667,1578.9,0
3145,64,79.8,10,666.666666667,996.434,0
3146,64,86.5,10.3,666.666666667,433.167,0
3147,64,65.7,8,666.666666667,1586.901,0
3148,64,53.4,5.5,666.666666667,1002.434,0
3149,64,52.9,5.4,666.666666667,405.267,0
3150,64,62,7.6,666.666666667,1593.6,1
3151,64,55.6,6.8,666.666666667,1005.534,0
3152,64,54.5,6.5,666.666666667,410.667,0
3153,64,145.2,39.8,666.666666667,1573.001,0
3154,64,87.3,10.7,666.666666667,1077.134,0
3155,64,83.7,10.5,666.666666667,522.967,0
3156,64,61.5,8.2,666.666666667,1574.1,0
3157,64,53.4,5.5,666.666666667,985.534,0
3158,64,53.6,5.5,666.666666667,388.567,0
3159,64,76.6,9.5,666.666666667,1576.901,0
3160,64,68.4,7,666.666666667,1007.134,0
3161,64,67.6,6.9,666.666666667,429.367,0
3162,64,61.5,7.8,666.666666667,1572.2,0
3163,64,53.2,5.4,666.666666667,983.534,0
3164,64,53.7,5.6,666.666666667,386.267,0
3165,64,78.2,9.7,666.666666667,1580.301,0
3166,64,69.3,8.6,666.666666667,1012.534,0
3167,64,68,8.2,666.666666667,435.767,0
3168,64,88.8,10.8,666.666666667,1580.9,0
3169,64,82.5,10.2,666.666666667,1027.834,0
3170,64,82.4,10,666.666666667,468.367,0
3171,64,62.1,7.4,666.666666667,1572.701,0
3172,64,55.2,6.6,666.666666667,984.734,0
3173,64,54.8,6.6,666.666666667,389.967,0
3174,64,88.1,10.3,666.666666667,1580.1,0
3175,64,84.3,9.9,666.666666667,1026.334,0
3176,64,84.5,9.9,666.666666667,468.867,0
3177,64,97,18,666.666666667,1683.3,0
3178,64,56.3,6.9,666.666666667,1130.534,0
3179,64,54.8,6.7,666.666666667,536.467,0
3180,64,80,9.8,666.666666667,1592.8,1
3181,64,68.2,8.3,666.666666667,1026.934,0
3182,64,67.9,8.1,666.666666667,448.767,0
3183,64,61.8,8,666.666666667,1567.3,0
3184,64,53.4,5.4,666.666666667,978.934,0
3185,64,52.7,5.3,666.666666667,381.967,0
3186,64,94,11.2,666.666666667,1583.4,0
3187,64,87,10.1,666.666666667,1035.534,0
3188,64,86,9.9,666.666666667,480.467,0
3189,64,92.3,11.9,666.666666667,1576.2,0
3190,64,82.4,10.1,666.666666667,1026.634,0
3191,64,79.7,8.1,666.666666667,466.667,0
3192,64,82,8.6,666.666666667,1602.8,0
3193,64,79.6,8,666.666666667,1042.534,0
3194,64,79.6,8,666.666666667,479.767,0
3195,64,76.6,8,666.666666667,1573.2,0
3196,64,75.5,7.8,666.666666667,1006.334,0
3197,64,75.2,7.6,666.666666667,438.367,0
3198,64,93.1,11.7,666.666666667,1583.8,0
3199,64,83.9,8.9,666.666666667,1036.134,0
3200,64,81.8,8.2,666.666666667,478.767,0
3201,64,159.3,27.9,666.666666667,1636.6,0
3202,64,88.9,10.4,666.666666667,1155.534,0
3203,64,86.6,10,666.666666667,603.467,0
3204,64,87.2,10.6,666.666666667,49.4,0
3205,64,68.3,7.1,666.666666667,911.934,0
3206,64,66.6,6.8,666.666666667,334.067,0
3207,64,63.8,7.6,666.666666667,1570.2,0
3208,64,57.9,6.9,666.666666667,983.834,0
3209,64,57.5,6.6,666.666666667,391.167,0
3210,64,61.9,6.9,666.666666667,1584,1
3211,64,56.2,6.6,666.666666667,995.834,0
3212,64,54.5,6.4,666.666666667,401.667,0
3213,64,64.3,7.6,666.666666667,1572,0
3214,64,55,6.7,666.666666667,985.434,0
3215,64,54.6,6.5,666.666666667,389.867,0
3216,64,62.7,7.7,666.666666667,1570.8,0
3217,64,53.6,5.4,666.666666667,983.234,0
3218,64,53.7,5.5,666.666666667,386.067,0
3219,64,86.7,10.9,666.666666667,1582.1,0
3220,64,86.4,10,666.666666667,1027.034,0
3221,64,85.8,9.7,666.666666667,471.167,0
3222,64,62.7,8,666.666666667,1567.8,0
3223,64,55.2,6.7,666.666666667,980.334,0
3224,64,56,7.2,666.666666667,385.067,0
3225,64,135.3,23.2,666.666666667,1690.9,0
3226,64,125.4,13,666.666666667,1193.934,0
3227,64,121.4,12.5,666.666666667,688.367,0
3228,64,117.5,12.4,666.666666667,177.6,0
3229,64,60.1,7.6,666.666666667,909.734,0
3230,64,53.8,5.4,666.666666667,319.967,0
3231,64,88.3,11.3,666.666666667,1581.1,0
3232,64,79.7,8.1,666.666666667,1027.534,0
3233,64,78.5,7.9,666.666666667,464.967,0
3234,64,80.1,8.4,666.666666667,1578.8,0
3235,64,78.4,7.9,666.666666667,1016.634,0
3236,64,78.5,7.9,666.666666667,452.867,0
3237,64,72.8,8.8,666.666666667,1581.2,0
3238,64,66.5,6.9,666.666666667,1007.834,0
3239,64,66.1,6.7,666.666666667,428.067,0
3240,64,63.7,7.7,666.666666667,1589.3,1
3241,64,56.4,6.7,666.666666667,1002.734,0
3242,64,55.2,6.4,666.666666667,408.767,0
3243,64,95.1,11.1,666.666666667,1583.1,0
3244,64,86.6,10,666.666666667,1036.034,0
3245,64,85.5,9.7,666.666666667,480.167,0
3246,64,80.3,9.6,666.666666667,1579.6,0
3247,64,67.8,8.1,666.666666667,1013.734,0
3248,64,66.3,6.7,666.666666667,435.367,0
3249,64,77.5,9.5,666.666666667,1579,0
3250,64,69.7,8.3,666.666666667,1010.234,0
3251,64,68.5,7.9,666.666666667,433.667,0
3252,64,79.4,9.5,666.666666667,1576.9,0
3253,64,65.8,6.6,666.666666667,1010.234,0
3254,64,65.9,6.6,666.666666667,429.867,0
3255,64,59.4,7.3,666.666666667,1571.3,0
3256,64,55.5,6.7,666.666666667,980.534,0
3257,64,54.9,6.6,666.666666667,385.967,0
3258,64,97.4,13.8,666.666666667,1581.2,0
3259,64,84.3,10.5,666.666666667,1036.634,0
3260,64,82.7,9.6,666.666666667,478.767,0
3261,64,89.1,11.3,666.666666667,1580.2,0
3262,64,80.5,8.2,666.666666667,1027.534,0
3263,64,79.7,8,666.666666667,466.567,0
3264,64,61,7.6,666.666666667,1568.7,0
3265,64,53.2,5.4,666.666666667,979.534,0
3266,64,52.9,5.4,666.666666667,382.367,0
3267,64,67.1,7,666.666666667,1570.3,0
3268,64,65.6,6.6,666.666666667,990.734,0
3269,64,65.8,6.8,666.666666667,410.267,0
3270,64,149.8,24.3,666.666666667,1637.7,1
3271,64,127,12.9,666.666666667,1157.834,0
3272,64,125.5,12.7,666.666666667,653.967,0
3273,64,111.7,12.6,666.666666667,148.7,0
3274,64,78.8,9.4,666.666666667,921.734,0
3275,64,69.4,8.1,666.666666667,354.467,0
3276,64,62.6,7.6,666.666666667,1581.7,0
3277,64,56.1,6.8,666.666666667,994.234,0
3278,64,53,5.3,666.666666667,399.967,0
3279,64,96.5,11.8,666.666666667,1590.9,0
3280,64,89.1,10.5,666.666666667,1044.634,0
3281,64,88.9,10.6,666.666666667,490.667,0
3282,64,68.2,10.4,666.666666667,1591.1,0
3283,64,54.8,6.9,666.666666667,1009.134,0
3284,64,54,6.6,666.666666667,413.367,0
3285,64,94.5,11,666.666666667,1590.2,0
3286,64,85.4,10.3,666.666666667,1042.934,0
3287,64,81.3,9.9,666.666666667,486.067,0
3288,64,85.4,10.3,666.666666667,1587.8,0
3289,64,81.6,9.7,666.666666667,1031.234,0
3290,64,81.6,9.6,666.666666667,470.667,0
3291,64,65.6,9.1,666.666666667,1582.2,0
3292,64,56.3,6.8,666.666666667,997.834,0
3293,64,55.7,6.5,666.666666667,403.967,0
3294,64,111.3,20.9,666.666666667,1599.2,0
3295,64,79.7,8.2,666.666666667,1068.434,0
3296,64,78.8,8,666.666666667,505.967,0
3297,64,72.7,8.7,666.666666667,1087.1,0
3298,64,66.2,6.7,666.666666667,513.634,0
3299,64,105.7,11,666.666666667,1766.767,0
3300,64,67.2,6.8,666.666666667,1247.7,1
3301,64,53.5,5.7,666.666666667,667.334,0
3302,64,54,5.6,666.666666667,70.667,0
3303,64,74.6,9.5,666.666666667,1097.7,0
3304,64,66.6,6.7,666.666666667,526.534,0
3305,64,74,9.2,666.666666667,1769.167,0
3306,64,66.3,6.8,666.666666667,1196.8,0
3307,64,61.1,9.1,666.666666667,616.534,0
3308,64,55.3,5.8,666.666666667,27.867,0
3309,64,86.9,10.6,666.666666667,1098.8,0
3310,64,83.5,9.7,666.666666667,543.434,0
3311,64,99.5,11.6,666.666666667,1772.467,0
3312,64,93.9,14,666.666666667,1229.8,0
3313,64,87.2,10,666.666666667,682.334,0
3314,64,88.2,10.1,666.666666667,128.267,0
3315,64,75.4,9.3,666.666666667,1095.1,0
3316,64,67.6,6.9,666.666666667,524.634,0
3317,64,130.6,15.3,666.666666667,1859.367,0
3318,64,99,13.5,666.666666667,1359,0
3319,64,86.6,10.1,666.666666667,816.434,0
3320,64,87.4,10.7,666.666666667,261.367,0
3321,64,62.1,7.8,666.666666667,1098.6,0
3322,64,56.6,5.9,666.666666667,510.934,0
3323,64,78.1,9.7,666.666666667,1768.467,0
3324,64,69.2,8.6,666.666666667,1200.2,0
3325,64,59.1,7.7,666.666666667,625.534,0
3326,64,56.5,7.2,666.666666667,34.567,0
3327,64,78.5,11.4,666.666666667,1102.6,0
3328,64,87.9,10.2,666.666666667,534.934,0
3329,64,65.7,9.9,666.666666667,1761.467,0
3330,64,57.1,7.1,666.666666667,1194.1,1
3331,64,52.7,5.4,666.666666667,600.934,0
3332,64,74.5,9.3,666.666666667,1766.167,0
3333,64,66.7,6.9,666.666666667,1195.2,0
3334,64,66.2,6.7,666.666666667,615.934,0
3335,64,66.9,6.9,666.666666667,36.167,0
3336,64,89.4,11.5,666.666666667,1105.6,0
3337,64,77.7,7.9,666.666666667,553.234,0
3338,64,73.3,9.4,666.666666667,1768.367,0
3339,64,66,6.7,666.666666667,1195.5,0
3340,64,65.7,6.6,666.666666667,615.334,0
3341,64,65.4,6.5,666.666666667,34.567,0
3342,64,164,32.7,666.666666667,1137.4,0
3343,64,83.3,10.8,666.666666667,665.934,0
3344,64,70.7,8.3,666.666666667,102.967,0
3345,64,75.8,8.9,666.666666667,1100.3,0
3346,64,65.8,6.7,666.666666667,530.234,0
3347,64,98.2,12.1,666.666666667,1771.967,0
3348,64,89.6,10.9,666.666666667,1228.7,0
3349,64,87.8,10.6,666.666666667,675.934,0
3350,64,86.3,10.5,666.666666667,121.567,0
3351,64,74.6,9.9,666.666666667,1106.8,0
3352,64,73.7,8.3,666.666666667,532.934,0
3353,64,65.4,7.8,666.666666667,1767.767,0
3354,64,56.9,6.7,666.666666667,1183,0
3355,64,55.9,6.5,666.666666667,589.534,0
3356,64,83.9,10.3,666.666666667,1273.867,0
3357,64,68.6,8.3,666.666666667,712,0
3358,64,67.3,8,666.666666667,134.434,0
3359,64,63.2,7.7,666.666666667,1065.767,0
3360,64,53.9,5.6,666.666666667,494.5,1
3361,64,74.7,9.3,666.666666667,1741.734,0
3362,64,70.1,9.1,666.666666667,1170.567,0
3363,64,69.2,8.6,666.666666667,594.8,0
3364,64,68.6,8.6,666.666666667,18.034,0
3365,64,88.9,12,666.666666667,1070.267,0
3366,64,90.9,12.9,666.666666667,520.8,0
3367,64,62.9,7.8,666.666666667,1739.934,0
3368,64,55.6,7,666.666666667,1152.667,0
3369,64,53.5,5.5,666.666666667,557.9,0
3370,64,89.2,11.2,666.666666667,1748.834,0
3371,64,79.4,8.1,666.666666667,1196.067,0
3372,64,79.8,8,666.666666667,633.9,0
3373,64,79.5,8.2,666.666666667,71.234,0
3374,64,60.4,7.8,666.666666667,1078.567,0
3375,64,54,5.8,666.666666667,488.9,0
3376,64,95.6,11.3,666.666666667,1746.534,0
3377,64,87.5,10.5,666.666666667,1198.767,0
3378,64,86.4,10.2,666.666666667,642.8,0
3379,64,81.9,10.1,666.666666667,86.134,0
3380,64,74.4,9.2,666.666666667,1076.867,0
3381,64,66.6,6.7,666.666666667,505.1,0
3382,64,97,11.7,666.666666667,1746.834,0
3383,64,86,9.9,666.666666667,1201.967,0
3384,64,85,9.6,666.666666667,646.1,0
3385,64,86,10.1,666.666666667,88.734,0
3386,64,60.9,7.5,666.666666667,1070.567,0
3387,64,53.8,5.7,666.666666667,481.2,0
3388,64,174.7,59.6,666.666666667,2260.734,0
3389,64,111.6,13.4,666.666666667,1797.367,0
3390,64,109.1,13.6,666.666666667,1290.1,1
3391,64,109.8,13.1,666.666666667,761.634,0
3392,64,102.2,10.6,666.666666667,232.867,0
3393,64,77.1,9.5,666.666666667,919.6,0
3394,64,68.6,8.5,666.666666667,350.934,0
3395,64,60.4,7.3,666.666666667,792.667,0
3396,64,56.9,7.1,666.666666667,203,0
3397,64,102,13.8,666.666666667,1459.034,0
3398,64,71.5,13,666.666666667,926.167,0
3399,64,55.9,6.8,666.666666667,347.3,0
3400,64,62.5,7.5,666.666666667,1449.334,0
3401,64,53.7,5.5,666.666666667,861.667,0
3402,64,52.8,5.3,666.666666667,265.1,0
3403,64,88.2,10,666.666666667,1460.734,0
3404,64,54.2,5.6,666.666666667,898.967,0
3405,64,53.1,5.4,666.666666667,302.8,0
3406,64,60.8,7.7,666.666666667,1458.134,0
3407,64,53.2,5.4,666.666666667,868.767,0
3408,64,60.5,6.6,666.666666667,271.5,0
3409,64,79.5,9.5,666.666666667,1461.034,0
3410,64,70.2,8.3,666.666666667,894.467,0
3411,64,69.9,8,666.666666667,318.4,0
3412,64,124,19.3,666.666666667,1454.334,0
3413,64,74.5,9,666.666666667,939.167,0
3414,64,53.9,5.5,666.666666667,363.3,0
3415,64,97.4,12.5,666.666666667,1465.334,0
3416,64,85.6,12.5,666.666666667,925.267,0
3417,64,70.7,8,666.666666667,364.5,0
3418,64,66.2,8.2,666.666666667,1461.734,0
3419,64,54.8,6.6,666.666666667,877.767,0
3420,64,52.7,5.3,666.666666667,298.4,1
3421,64,63,7.6,666.666666667,1452.234,0
3422,64,53.2,5.5,666.666666667,865.167,0
3423,64,53.9,6.2,666.666666667,267.8,0
3424,64,79.8,9.6,666.666666667,1463.634,0
3425,64,69.2,8.1,666.666666667,897.167,0
3426,64,68.7,8,666.666666667,319.8,0
3427,64,82.8,10.1,666.666666667,1463.734,0
3428,64,70.3,8.4,666.666666667,900.167,0
3429,64,68.9,8.2,666.666666667,323.4,0
3430,64,66.8,9.4,666.666666667,1456.534,0
3431,64,56.9,6.9,666.666666667,873.167,0
3432,64,54.7,6.4,666.666666667,279.5,0
3433,64,73,19.5,666.666666667,1460.334,0
3434,64,53.8,5.7,666.666666667,883.067,0
3435,64,59.5,6.5,666.666666667,286.3,0
3436,64,185.9,84.5,666.666666667,999.834,0
3437,64,96.2,9.8,666.666666667,548.067,0
3438,64,73.6,9.3,666.666666667,1636.2,0
3439,64,66.1,6.8,666.666666667,1063.834,0
3440,64,65.8,6.7,666.666666667,483.567,0
3441,64,78.7,9.6,666.666666667,1636.7,0
3442,64,69.2,8.5,666.666666667,1069.234,0
3443,64,68.3,8.3,666.666666667,491.967,0
3444,64,79.7,9.5,666.666666667,1638.1,0
3445,64,68.7,8.6,666.666666667,1071.734,0
3446,64,67.5,8.1,666.666666667,494.167,0
3447,64,78.6,9.3,666.666666667,1638.6,0
3448,64,70.5,8.3,666.666666667,1071.234,0
3449,64,69.3,8,666.666666667,495.367,0
3450,64,67.2,7.9,666.666666667,1650.2,1
3451,64,76.6,9.2,666.666666667,1067.534,0
3452,64,76.6,9.1,666.666666667,500.367,0
3453,64,66.1,10.2,666.666666667,1678.2,0
3454,64,53.5,5.4,666.666666667,1095.334,0
3455,64,53.1,5.4,666.666666667,498.367,0
3456,64,95.2,11.3,666.666666667,1693.9,0
3457,64,85.3,10,666.666666667,1147.834,0
3458,64,84.2,9.8,666.666666667,591.267,0
3459,64,84.9,10.5,666.666666667,33.5,0
3460,64,135.6,19.7,666.666666667,1212.234,0
3461,64,125.7,16.4,666.666666667,718.167,0
3462,64,118.9,15.6,666.666666667,213.9,0
3463,64,81.4,12.3,666.666666667,1031.234,0
3464,64,69.5,8.2,666.666666667,466.667,0
3465,64,61.2,7.2,666.666666667,1685.7,0
3466,64,56.7,6.8,666.666666667,1097.134,0
3467,64,53.6,5.4,666.666666667,503.667,0
3468,64,88.3,10.8,666.666666667,1696,0
3469,64,79.8,8.1,666.666666667,1142.534,0
3470,64,79.4,8,666.666666667,580.067,0
3471,64,73.8,9.4,666.666666667,1689.5,0
3472,64,67,6.8,666.666666667,1117.134,0
3473,64,65.7,6.7,666.666666667,537.567,0
3474,64,91.2,10.7,666.666666667,1694.5,0
3475,64,82.9,9.1,666.666666667,1142.834,0
3476,64,83.8,9.1,666.666666667,584.767,0
3477,64,81.6,8.1,666.666666667,25.5,0
3478,64,105.4,15,666.666666667,1535.134,0
3479,64,88.4,10.3,666.666666667,997.867,0
3480,64,88.6,10.5,666.666666667,463.1,1
3481,64,69.2,7.7,666.666666667,1120.934,0
3482,64,57.1,6.8,666.666666667,539.667,0
3483,64,113.2,33.3,666.666666667,1791,0
3484,64,81.2,9.8,666.666666667,1260.534,0
3485,64,76.6,9.1,666.666666667,697.567,0
3486,64,75.8,9.1,666.666666667,130.1,0
3487,64,60.8,7.4,666.666666667,1122.034,0
3488,64,53.4,5.5,666.666666667,532.667,0
3489,64,89.4,10.6,666.666666667,1797.2,0
3490,64,82,8.3,666.666666667,1243.634,0
3491,64,81.3,8.2,666.666666667,682.667,0
3492,64,81.4,8.4,666.666666667,120.7,0
3493,64,65.6,7.8,666.666666667,1127.934,0
3494,64,56.8,6.8,666.666666667,543.467,0
3495,64,60.8,7.7,666.666666667,1797.6,0
3496,64,57.9,6.9,666.666666667,1208.234,0
3497,64,54.6,6.7,666.666666667,615.767,0
3498,64,53.9,6.6,666.666666667,20,0
3499,64,64.9,9.1,666.666666667,1125.834,0
3500,64,56.4,6.6,666.666666667,540.667,0
3501,64,95.5,11.4,666.666666667,1800.3,0
3502,64,99.7,12.2,666.666666667,1253.834,0
3503,64,79.3,8.1,666.666666667,711.367,0
3504,64,79.1,8,666.666666667,148.3,0
3505,64,75.2,9.6,666.666666667,632.534,0
3506,64,67,6.7,666.666666667,61.567,0
3507,64,61.8,7.8,666.666666667,835.5,0
3508,64,78.5,8.3,666.666666667,253.434,0
3509,64,77.4,9.8,666.666666667,1508.167,0
3510,64,68,7,666.666666667,958.2,1
3511,64,66.6,6.7,666.666666667,380.134,0
3512,64,62.3,7.7,666.666666667,1508.667,0
3513,64,52.9,5.3,666.666666667,920.7,0
3514,64,53,5.4,666.666666667,323.134,0
3515,64,95,11,666.666666667,1515.267,0
3516,64,86.4,10.7,666.666666667,967,0
3517,64,83.5,10.3,666.666666667,410.134,0
3518,64,83.6,9.3,666.666666667,1507.667,0
3519,64,69.7,8.2,666.666666667,945.1,0
3520,64,73.8,9.9,666.666666667,368.434,0
3521,64,64,7.6,666.666666667,1011.167,0
3522,64,55.3,7,666.666666667,425.1,0
3523,64,77.3,10,666.666666667,1679.434,0
3524,64,68.8,8.5,666.666666667,1110.767,0
3525,64,68.2,8.5,666.666666667,533.2,0
3526,64,112.3,14,666.666666667,1690.934,0
3527,64,114.5,39,666.666666667,1198.067,0
3528,64,108.9,13.2,666.666666667,674.5,0
3529,64,76.7,11.3,666.666666667,145.634,0
3530,64,63.1,8.9,666.666666667,1011.667,0
3531,64,56.6,6.6,666.666666667,424.3,0
3532,64,64.2,8.9,666.666666667,1678.034,0
3533,64,57.8,6.8,666.666666667,1091.767,0
3534,64,53.7,5.4,666.666666667,499.1,0
3535,64,75.1,9.6,666.666666667,1682.834,0
3536,64,66.3,6.7,666.666666667,1111.567,0
3537,64,66.2,6.8,666.666666667,531.4,0
3538,64,67.9,7.2,666.666666667,1678.434,0
3539,64,65.9,6.6,666.666666667,1099.767,0
3540,64,66.4,6.8,666.666666667,534.6,1
3541,64,61,7.9,666.666666667,1674.734,0
3542,64,53.5,5.4,666.666666667,1085.567,0
3543,64,52.6,5.4,666.666666667,488.6,0
3544,64,113.8,13.3,666.666666667,1692.434,0
3545,64,92.3,10.6,666.666666667,1169.167,0
3546,64,66.1,6.6,666.666666667,618.4,0
3547,64,65.6,6.6,666.666666667,37.934,0
3548,64,80.6,9.6,666.666666667,1016.767,0
3549,64,70,8.3,666.666666667,451.2,0
3550,64,81.8,9.6,666.666666667,1683.634,0
3551,64,81.9,11,666.666666667,1119.467,0
3552,64,77.9,9.9,666.666666667,556.2,0
3553,64,64.7,7.7,666.666666667,1702.134,0
3554,64,57.4,6.9,666.666666667,1116.967,0
3555,64,55,6.6,666.666666667,524.1,0
3556,64,94.4,11.7,666.666666667,1720.534,0
3557,64,84.6,10.9,666.666666667,1172.167,0
3558,64,82.1,8.4,666.666666667,613.7,0
3559,64,81.9,8.3,666.666666667,52.934,0
3560,64,95.4,11.5,666.666666667,1023.867,0
3561,64,84.1,10,666.666666667,477.5,0
3562,64,84.8,11.2,666.666666667,1688.334,0
3563,64,75.5,8.7,666.666666667,1127.167,0
3564,64,71.4,8.2,666.666666667,556.2,0
3565,64,64.3,9.1,666.666666667,1682.834,0
3566,64,54,5.6,666.666666667,1097.267,0
3567,64,53.1,5.4,666.666666667,501.1,0
3568,64,75.3,9.7,666.666666667,1685.734,0
3569,64,66.3,6.7,666.666666667,1114.867,0
3570,64,66.5,6.7,666.666666667,550.7,1
3571,64,61.9,7.9,666.666666667,1676.934,0
3572,64,54,5.5,666.666666667,1088.867,0
3573,64,53.7,5.6,666.666666667,492.8,0
3574,64,60.1,7.7,666.666666667,1681.834,0
3575,64,53.5,5.6,666.666666667,1091.667,0
3576,64,52.7,5.4,666.666666667,494.8,0
3577,64,81.9,10.4,666.666666667,1733.034,0
3578,64,55.2,5.6,666.666666667,1165.267,0
3579,64,54.9,5.5,666.666666667,570.7,0
3580,64,68.1,8.2,666.666666667,1723.834,0
3581,64,58.6,7,666.666666667,1142.267,0
3582,64,58.1,6.7,666.666666667,551.1,0
3583,64,64.7,7.5,666.666666667,1721.334,0
3584,64,54.1,5.7,666.666666667,1135.867,0
3585,64,53.7,5.4,666.666666667,539.7,0
3586,64,96.7,11.7,666.666666667,1730.434,0
3587,64,85.1,10,666.666666667,1184.967,0
3588,64,84.4,9.6,666.666666667,627.6,0
3589,64,85.9,10.3,666.666666667,68.934,0
3590,64,58.7,6.5,666.666666667,1053.367,0
3591,64,53.5,5.5,666.666666667,461.9,0
3592,64,94.8,11.2,666.666666667,1731.734,0
3593,64,84.5,10,666.666666667,1184.467,0
3594,64,83.1,9.7,666.666666667,626.4,0
3595,64,84.9,10.4,666.666666667,67.834,0
3596,64,75.2,9.3,666.666666667,1058.067,0
3597,64,70.1,9.5,666.666666667,487.1,0
3598,64,62.1,7.5,666.666666667,1743.434,0
3599,64,57.7,6.7,666.666666667,1155.467,0
3600,64,57.7,6.8,666.666666667,579.8,1
3601,64,77.6,9.6,666.666666667,1730.034,0
3602,64,67.5,6.9,666.666666667,1161.267,0
3603,64,66.5,7,666.666666667,582.2,0
3604,64,61.5,7.7,666.666666667,1724.634,0
3605,64,53.2,5.3,666.666666667,1136.067,0
3606,64,53.4,5.5,666.666666667,538.8,0
3607,64,72.4,8.6,666.666666667,1727.434,0
3608,64,66,6.6,666.666666667,1153.767,0
3609,64,65.6,6.6,666.666666667,573.4,0
3610,64,80,8.3,666.666666667,1730.334,0
3611,64,78.7,8,666.666666667,1168.267,0
3612,64,78.5,7.9,666.666666667,604.8,0
3613,64,78.2,7.8,666.666666667,40.934,0
3614,64,95.3,11.4,666.666666667,1067.367,0
3615,64,83.3,9.8,666.666666667,520.6,0
3616,64,84.2,10,666.666666667,1730.834,0
3617,64,83.6,10.2,666.666666667,1172.667,0
3618,64,78.6,7.9,666.666666667,614.2,0
3619,64,78.5,7.9,666.666666667,50.534,0
3620,64,80.5,8.4,666.666666667,1065.267,0
3621,64,79.4,8.1,666.666666667,503.6,0
3622,64,79.1,9.3,666.666666667,2232.634,0
3623,64,72.3,8.3,666.666666667,1666.067,0
3624,64,71.8,8.2,666.666666667,1092.3,0
3625,64,72.8,8.6,666.666666667,518.034,0
3626,64,131.2,20.2,666.666666667,1365.267,0
3627,64,122.8,12.7,666.666666667,865.4,0
3628,64,120.7,12.3,666.666666667,357.134,0
3629,64,64.1,7.8,666.666666667,1255.967,0
3630,64,56.8,6.6,666.666666667,685,1
3631,64,55.9,6.6,666.666666667,91.634,0
3632,64,96.7,11.3,666.666666667,1266.867,0
3633,64,83.6,10.1,666.666666667,721.5,0
3634,64,83.4,9.9,666.666666667,162.734,0
3635,64,66.9,9.3,666.666666667,1253.267,0
3636,64,57.6,7,666.666666667,670.2,0
3637,64,55.5,6.6,666.666666667,77.534,0
3638,64,85.1,10.2,666.666666667,1260.967,0
3639,64,80.6,8.1,666.666666667,704,0
3640,64,80.8,8,666.666666667,142.234,0
3641,64,81.8,8.5,666.666666667,1260.267,0
3642,64,80.3,8,666.666666667,699.4,0
3643,64,79.8,8.1,666.666666667,137.234,0
3644,64,68.7,7.2,666.666666667,1256.567,0
3645,64,67.6,6.9,666.666666667,678.6,0
3646,64,67,6.7,666.666666667,99.934,0
3647,64,82,8.5,666.666666667,1260.567,0
3648,64,80.4,8.1,666.666666667,700.6,0
3649,64,79.8,8.3,666.666666667,138.834,0
3650,64,79.5,9.6,666.666666667,1279.167,0
3651,64,69.9,8.4,666.666666667,712.6,0
3652,64,69.4,8.1,666.666666667,136.334,0
3653,64,65.4,7.5,666.666666667,1260.367,0
3654,64,54.5,5.7,666.666666667,675.7,0
3655,64,54.2,5.5,666.666666667,80.234,0
3656,64,72.5,8.7,666.666666667,1263.467,0
3657,64,70.4,8.2,666.666666667,690.1,0
3658,64,70.2,8.1,666.666666667,114.434,0
3659,64,94.8,11.5,666.666666667,1270.567,0
3660,64,81.2,9.6,666.666666667,737.1,1
3661,64,80.6,9.6,666.666666667,176.234,0
3662,64,66.5,8.3,666.666666667,763.367,0
3663,64,56,6.6,666.666666667,179.9,0
3664,64,97.3,11.5,666.666666667,1442.334,0
3665,64,89.3,10.3,666.666666667,897.767,0
3666,64,83.5,9.8,666.666666667,344.8,0
3667,64,63.5,8,666.666666667,1427.134,0
3668,64,57.4,6.8,666.666666667,840.867,0
3669,64,55.6,6.6,666.666666667,247.9,0
3670,64,70.3,8.4,666.666666667,1430.234,0
3671,64,67.4,6.8,666.666666667,854.667,0
3672,64,66.1,10.7,666.666666667,275.9,0
3673,64,61.4,7.7,666.666666667,1429.434,0
3674,64,55.3,5.5,666.666666667,841.367,0
3675,64,55,5.7,666.666666667,247,0
3676,64,92.7,11.8,666.666666667,1446.134,0
3677,64,82.6,8.5,666.666666667,897.967,0
3678,64,65.9,6.7,666.666666667,341.2,0
3679,64,74,9.4,666.666666667,1432.834,0
3680,64,65.9,6.6,666.666666667,860.767,0
3681,64,65.6,6.6,666.666666667,280.1,0
3682,64,90.1,11.5,666.666666667,1442.634,0
3683,64,79.1,7.9,666.666666667,890.767,0
3684,64,66.5,6.7,666.666666667,323.8,0
3685,64,89.5,10.8,666.666666667,1443.134,0
3686,64,83.8,10,666.666666667,890.667,0
3687,64,82.9,9.8,666.666666667,332.2,0
3688,64,62.2,7.3,666.666666667,1441.834,0
3689,64,53.7,5.6,666.666666667,853.667,0
3690,64,60.5,8.1,666.666666667,266.1,1
3691,64,72.2,8.7,666.666666667,1432.834,0
3692,64,70.4,8.3,666.666666667,859.267,0
3693,64,66.7,10.5,666.666666667,283.8,0
3694,64,135,27.7,666.666666667,2116.134,0
3695,64,104.6,13.1,666.666666667,1614.567,0
3696,64,70.3,8,666.666666667,1072.8,0
3697,64,70.6,8.3,666.666666667,496.534,0
3698,64,82.6,9.8,666.666666667,1210.367,0
3699,64,69.9,8.7,666.666666667,646.7,0
3700,64,69.1,8.2,666.666666667,70.534,0
3701,64,69.2,12.6,666.666666667,1200.867,0
3702,64,83.9,10.5,666.666666667,619.9,0
3703,64,77,10,666.666666667,60.034,0
3704,64,75.8,9.3,666.666666667,1204.867,0
3705,64,66.6,6.8,666.666666667,634.4,0
3706,64,65.9,6.7,666.666666667,54.434,0
3707,64,68.5,7.2,666.666666667,708.167,0
3708,64,66.3,6.7,666.666666667,130.3,0
3709,64,69.9,7.8,666.666666667,1381.634,0
3710,64,66.8,6.8,666.666666667,805.167,0
3711,64,66,6.6,666.666666667,225.7,0
3712,64,67.6,7,666.666666667,1382.934,0
3713,64,66,6.6,666.666666667,804.267,0
3714,64,66.4,6.7,666.666666667,223.8,0
3715,64,67.5,6.9,666.666666667,1382.834,0
3716,64,67,6.8,666.666666667,803.867,0
3717,64,66.3,6.8,666.666666667,224.3,0
3718,64,133.6,15.6,666.666666667,1431.934,0
3719,64,84.7,10.9,666.666666667,929.267,0
3720,64,69.3,8,666.666666667,378,1
3721,64,63.6,7.6,666.666666667,1395.534,0
3722,64,53.3,5.5,666.666666667,808.967,0
3723,64,52.7,5.4,666.666666667,212,0
3724,64,79.5,9.5,666.666666667,1400.234,0
3725,64,69.3,8.3,666.666666667,833.667,0
3726,64,69.1,8,666.666666667,256.8,0
3727,64,65.8,8.1,666.666666667,1388.134,0
3728,64,55.5,6.6,666.666666667,803.967,0
3729,64,86,31.6,666.666666667,209.3,0
3730,64,96.6,11.3,666.666666667,1394.234,0
3731,64,88.8,10.7,666.666666667,849.167,0
3732,64,90.8,10.8,666.666666667,296.4,0
3733,64,69,11.9,666.666666667,1386.634,0
3734,64,58,6.7,666.666666667,805.567,0
3735,64,56.2,6.7,666.666666667,213.3,0
3736,64,64.6,7.7,666.666666667,893.134,0
3737,64,53.8,5.7,666.666666667,307.667,0
3738,64,56.2,6.1,666.666666667,1557.6,0
3739,64,53.4,5.3,666.666666667,963.834,0
3740,64,53.3,5.4,666.666666667,367.267,0
3741,64,246.1,133.9,666.666666667,1566.5,0
3742,64,115.1,12.3,666.666666667,1178.334,0
3743,64,79.1,8,666.666666667,651.167,0
3744,64,78.6,7.9,666.666666667,87.9,0
3745,64,74.9,9.4,666.666666667,898.234,0
3746,64,66.3,6.7,666.666666667,326.867,0
3747,64,58.3,6.8,666.666666667,2063.8,0
3748,64,53.5,5.4,666.666666667,1471.534,0
3749,64,53.8,5.6,666.666666667,875.067,0
3750,64,52.9,5.3,666.666666667,292.9,1
3751,64,59.8,7.4,666.666666667,938.434,0
3752,64,53.8,5.7,666.666666667,348.067,0
3753,64,78.9,9.5,666.666666667,1614.9,0
3754,64,69.7,8.2,666.666666667,1047.534,0
3755,64,68.7,7.9,666.666666667,470.867,0
3756,64,94.2,11.2,666.666666667,1621.7,0
3757,64,81.1,8.3,666.666666667,1074.134,0
3758,64,80,8,666.666666667,513.367,0
3759,64,87.7,10.8,666.666666667,1619,0
3760,64,84.7,9.8,666.666666667,1064.834,0
3761,64,83.8,9.8,666.666666667,507.567,0
3762,64,88.3,10.3,666.666666667,1620.8,0
3763,64,81.1,9.8,666.666666667,1066.734,0
3764,64,81.5,9.7,666.666666667,505.567,0
3765,64,130.6,15.5,666.666666667,1650.9,0
3766,64,85.7,10,666.666666667,1147.234,0
3767,64,83.6,9.7,666.666666667,591.267,0
3768,64,84.4,9.9,666.666666667,33,0
3769,64,64.7,9.3,666.666666667,946.134,0
3770,64,57.2,6.7,666.666666667,360.767,0
3771,64,65.2,9.4,666.666666667,1607.5,0
3772,64,57.1,6.8,666.666666667,1022.434,0
3773,64,52.7,5.3,666.666666667,429.167,0
3774,64,56,5.9,666.666666667,1606.4,0
3775,64,55.1,5.7,666.666666667,1012.634,0
3776,64,54.8,5.5,666.666666667,417.767,0
3777,64,62.1,7.9,666.666666667,1625.4,0
3778,64,55.3,5.7,666.666666667,1038.034,0
3779,64,54.7,5.5,666.666666667,443.767,0
3780,64,57.7,6.1,666.666666667,1110,1
3781,64,55,5.7,666.666666667,518.134,0
3782,64,56.5,6,666.666666667,1765.067,0
3783,64,55.1,5.5,666.666666667,1171.8,0
3784,64,55.2,5.7,666.666666667,577.134,0
3785,64,98.5,11.8,666.666666667,1791.267,0
3786,64,85.4,10.3,666.666666667,1248.9,0
3787,64,57.5,6.7,666.666666667,684.734,0
3788,64,58.1,7.1,666.666666667,92.767,0
3789,64,184.5,63.6,666.666666667,1098.9,0
3790,64,87.1,12.3,666.666666667,642.134,0
3791,64,82.4,8.4,666.666666667,87.767,0
3792,64,64.3,7.9,666.666666667,1105.1,0
3793,64,56.6,6.9,666.666666667,519.934,0
3794,64,65.2,7.8,666.666666667,1768.367,0
3795,64,57.8,6.8,666.666666667,1183.3,0
3796,64,57,6.5,666.666666667,590.734,0
3797,64,73.2,8.5,666.666666667,1768.767,0
3798,64,68.7,8.4,666.666666667,1195.6,0
3799,64,67.9,8.2,666.666666667,618.134,0
3800,64,68.2,8.1,666.666666667,39.567,0
3801,64,91.9,10.9,666.666666667,1166,0
3802,64,86.7,9.7,666.666666667,615.434,0
3803,64,85.8,9.7,666.666666667,59.867,0
3804,64,65.3,9,666.666666667,1099.5,0
3805,64,54,5.5,666.666666667,514.734,0
3806,64,68.2,7,666.666666667,1772.467,0
3807,64,66.6,6.8,666.666666667,1194.1,0
3808,64,65.6,10.8,666.666666667,614.334,0
3809,64,55.4,5.6,666.666666667,30.367,0
3810,64,56.9,5.8,666.666666667,1115.5,1
3811,64,55.6,5.6,666.666666667,523.034,0
3812,64,118.6,16.2,666.666666667,1867.067,0
3813,64,83.4,8.4,666.666666667,1348.3,0
3814,64,82.2,8.3,666.666666667,790.434,0
3815,64,82.6,8.4,666.666666667,231.767,0
3816,64,94.4,10.9,666.666666667,1121.8,0
3817,64,87.1,8.8,666.666666667,574.734,0
3818,64,63.9,7.6,666.666666667,1780.567,0
3819,64,56,6.5,666.666666667,1194.6,0
3820,64,55.9,6.5,666.666666667,600.434,0
3821,64,78.8,9.2,666.666666667,1780.767,0
3822,64,66.6,6.7,666.666666667,1213.4,0
3823,64,58.3,6.7,666.666666667,633.934,0
3824,64,53.1,5.4,666.666666667,41.767,0
3825,64,91.5,11.1,666.666666667,1118.3,0
3826,64,82.3,10.2,666.666666667,567.934,0
3827,64,77.8,9.5,666.666666667,1783.867,0
3828,64,70.5,8.8,666.666666667,1215.5,0
3829,64,67.3,8.1,666.666666667,639.734,0
3830,64,68,8.2,666.666666667,60.667,0
3831,64,64.2,8,666.666666667,1108.1,0
3832,64,56.2,6.7,666.666666667,522.134,0
3833,64,76.9,8.8,666.666666667,1777.867,0
3834,64,75.6,8.5,666.666666667,1208.5,0
3835,64,71.4,8,666.666666667,637.834,0
3836,64,71.8,8.1,666.666666667,62.967,0
3837,64,136.1,35.8,666.666666667,1199.3,0
3838,64,123.4,12.4,666.666666667,704.834,0
3839,64,121.8,12.4,666.666666667,196.967,0
3840,64,69.4,7.4,666.666666667,1132.6,1
3841,64,66.6,6.8,666.666666667,555.934,0
3842,64,73.6,9.2,666.666666667,1782.667,0
3843,64,66.2,7,666.666666667,1210.3,0
3844,64,75.9,7.9,666.666666667,630.534,0
3845,64,78.2,7.8,666.666666667,64.167,0
3846,64,67.3,6.9,666.666666667,1120.4,0
3847,64,65.8,6.7,666.666666667,541.634,0
3848,64,67.8,7.2,666.666666667,1781.367,0
3849,64,65.9,6.7,666.666666667,1202.8,0
3850,64,73.5,7.9,666.666666667,622.434,0
3851,64,78.4,8,666.666666667,53.367,0
3852,64,95.4,11.3,666.666666667,1119.3,0
3853,64,86.9,10.5,666.666666667,571.834,0
3854,64,79.9,9.6,666.666666667,1784.167,0
3855,64,70.5,8.5,666.666666667,1218,0
3856,64,75.1,7.8,666.666666667,641.634,0
3857,64,79.2,8.2,666.666666667,73.767,0
3858,64,61.4,7.3,666.666666667,1113.5,0
3859,64,54.9,6.8,666.666666667,524.334,0
3860,64,81.3,9.6,666.666666667,2288.367,0
3861,64,74.4,8.4,666.666666667,1723.8,0
3862,64,71.4,8.3,666.666666667,1152.034,0
3863,64,71.7,8.3,666.666666667,577.367,0
3864,64,93.1,11.7,666.666666667,1632.2,0
3865,64,84.7,10.9,666.666666667,1084.234,0
3866,64,83.4,10.2,666.666666667,526.767,0
3867,64,71.2,12.6,666.666666667,1132.1,0
3868,64,58.6,6.8,666.666666667,553.134,0
3869,64,90.2,11.1,666.666666667,1341.867,0
3870,64,87.1,10.7,666.666666667,804.1,1
3871,64,81.5,8.3,666.666666667,249.034,0
3872,64,60.5,7.6,666.666666667,1325.667,0
3873,64,53.2,5.5,666.666666667,736.1,0
3874,64,52.9,5.4,666.666666667,138.934,0
3875,64,67.7,7,666.666666667,1327.967,0
3876,64,67,6.8,666.666666667,749.5,0
3877,64,65.8,6.6,666.666666667,169.934,0
3878,64,74.7,9.4,666.666666667,1331.667,0
3879,64,66.4,6.8,666.666666667,760.4,0
3880,64,66.3,6.8,666.666666667,180.334,0
3881,64,67.4,7,666.666666667,1328.267,0
3882,64,66,6.7,666.666666667,749.3,0
3883,64,65.4,6.5,666.666666667,169.034,0
3884,64,81.1,26.8,666.666666667,1331.967,0
3885,64,53.3,5.5,666.666666667,763.1,0
3886,64,52.8,5.3,666.666666667,165.834,0
3887,64,79.9,9.4,666.666666667,1335.267,0
3888,64,70.1,8.3,666.666666667,769.1,0
3889,64,68.6,8,666.666666667,192.934,0
3890,64,64.8,7.7,666.666666667,1350.967,0
3891,64,54.3,5.7,666.666666667,765.7,0
3892,64,55.1,5.6,666.666666667,169.834,0
3893,64,57.1,6.1,666.666666667,1327.467,0
3894,64,56.4,5.7,666.666666667,735,0
3895,64,56.1,5.8,666.666666667,141.934,0
3896,64,59.1,7.4,666.666666667,1327.567,0
3897,64,57.3,6.9,666.666666667,737.2,0
3898,64,56.9,6.8,666.666666667,144.934,0
3899,64,103.7,12.4,666.666666667,1350.867,0
3900,64,89.1,10.7,666.666666667,827.6,1
3901,64,88,10.1,666.666666667,275.634,0
3902,64,73.9,9.4,666.666666667,1333.467,0
3903,64,84.1,10,666.666666667,757.8,0
3904,64,60.4,6.8,666.666666667,192.634,0
3905,64,74.6,8.8,666.666666667,1335.167,0
3906,64,66,6.8,666.666666667,763.5,0
3907,64,65.6,6.6,666.666666667,183.234,0
3908,64,72.4,8.9,666.666666667,1338.067,0
3909,64,66.1,6.7,666.666666667,764.2,0
3910,64,65.9,6.7,666.666666667,183.334,0
3911,64,75.3,9.4,666.666666667,1338.967,0
3912,64,67.8,6.9,666.666666667,768.4,0
3913,64,67.2,7.1,666.666666667,190.234,0
3914,64,81.9,8.5,666.666666667,1229.267,0
3915,64,79.5,8.1,666.666666667,669.2,0
3916,64,79.4,8,666.666666667,107.334,0
3917,64,61.4,7.8,666.666666667,1215.167,0
3918,64,53.3,5.5,666.666666667,626.4,0
3919,64,52.5,5.3,666.666666667,29.434,0
3920,64,74.9,9.2,666.666666667,1221.967,0
3921,64,69.9,8.3,666.666666667,650.4,0
3922,64,69.3,8,666.666666667,73.834,0
3923,64,71.8,8.6,666.666666667,1217.267,0
3924,64,66.3,6.7,666.666666667,642.6,0
3925,64,66.5,6.8,666.666666667,62.634,0
3926,64,74.9,8.9,666.666666667,1218.367,0
3927,64,66.5,6.7,666.666666667,646.7,0
3928,64,66.4,6.7,666.666666667,66.634,0
3929,64,76.1,9.4,666.666666667,1219.467,0
3930,64,68.9,8.2,666.666666667,663.1,1
3931,64,68.5,8.2,666.666666667,86.134,0
3932,64,68.5,7.9,666.666666667,1219.367,0
3933,64,56.9,6.5,666.666666667,637.7,0
3934,64,56.1,6.4,666.666666667,44.334,0
3935,64,68,8.3,666.666666667,1231.467,0
3936,64,57.6,7,666.666666667,649.4,0
3937,64,56.1,6.6,666.666666667,56.534,0
3938,64,68.1,9.2,666.666666667,1222.167,0
3939,64,57.9,6.8,666.666666667,640.6,0
3940,64,56.5,6.5,666.666666667,48.534,0
3941,64,95.7,11.3,666.666666667,1230.167,0
3942,64,80.5,8.2,666.666666667,683.8,0
3943,64,80.2,8.1,666.666666667,122.634,0
3944,64,82.2,8.4,666.666666667,1227.967,0
3945,64,80.4,8.1,666.666666667,668.6,0
3946,64,80.3,8.1,666.666666667,107.434,0
3947,64,81.7,8.3,666.666666667,1227.267,0
3948,64,80.8,8.2,666.666666667,667.3,0
3949,64,80.1,8.2,666.666666667,106.634,0
3950,64,81.9,8.4,666.666666667,1226.967,0
3951,64,80.5,8.1,666.666666667,667,0
3952,64,80.2,8.2,666.666666667,105.634,0
3953,64,147.5,34.8,666.666666667,1230.167,0
3954,64,73.6,8.7,666.666666667,738,0
3955,64,70.3,8.1,666.666666667,165.934,0
3956,64,64.1,7.6,666.666666667,1222.667,0
3957,64,55,6.7,666.666666667,636.6,0
3958,64,53.6,5.5,666.666666667,41.234,0
3959,64,63.1,9.2,666.666666667,734.467,0
3960,64,53.8,5.5,666.666666667,159.2,1
3961,64,70,9.1,666.666666667,953.134,0
3962,64,68,8.3,666.666666667,376.567,0
3963,64,91.5,11.2,666.666666667,1629.6,0
3964,64,82.1,10.5,666.666666667,1078.134,0
3965,64,79,8,666.666666667,517.667,0
3966,64,89.5,10.8,666.666666667,1632.2,0
3967,64,84.5,9.7,666.666666667,1079.634,0
3968,64,83.8,9.5,666.666666667,521.367,0
3969,64,92.5,10.2,666.666666667,1629.2,0
3970,64,87.5,9.9,666.666666667,1079.434,0
3971,64,85.7,9.7,666.666666667,524.567,0
3972,64,65.8,9.2,666.666666667,1620.8,0
3973,64,54.3,6.7,666.666666667,1036.534,0
3974,64,52.9,5.5,666.666666667,440.367,0
3975,64,58.4,6.7,666.666666667,1622,0
3976,64,54.4,5.6,666.666666667,1030.434,0
3977,64,58.8,7.9,666.666666667,434.567,0
3978,64,61.2,7.6,666.666666667,1624.3,0
3979,64,53,5.6,666.666666667,1035.634,0
3980,64,52.8,5.3,666.666666667,438.267,0
3981,64,71,7.9,666.666666667,1624.6,0
3982,64,66.7,6.8,666.666666667,1049.534,0
3983,64,66.1,6.8,666.666666667,469.867,0
3984,64,90,11.4,666.666666667,1632.4,0
3985,64,79.4,8,666.666666667,1080.334,0
3986,64,78.6,7.9,666.666666667,517.567,0
3987,64,63.4,7.6,666.666666667,1619.9,0
3988,64,56.6,6.8,666.666666667,1033.134,0
3989,64,56.2,6.6,666.666666667,439.267,0
3990,64,79.8,9.5,666.666666667,1639.5,1
3991,64,67,7.1,666.666666667,1073.134,0
3992,64,66.6,6.8,666.666666667,493.767,0
3993,64,70,8.8,666.666666667,1625.8,0
3994,64,68,8.2,666.666666667,1049.334,0
3995,64,67.3,8,666.666666667,471.167,0
3996,64,69.2,8.2,666.666666667,1128.4,0
3997,64,66.1,6.7,666.666666667,551.234,0
3998,64,58.1,6.5,666.666666667,1789.867,0
3999,64,53.8,5.8,666.666666667,1197.6,0
4000,64,53.3,5.4,666.666666667,600.934,0
4001,64,89.4,11.4,666.666666667,1820.467,0
4002,64,75.1,8.3,666.666666667,1268,0
4003,64,66,6.7,666.666666667,696.834,0
4004,64,65.6,6.6,666.666666667,116.567,0
4005,64,84.7,9.9,666.666666667,1147.3,0
4006,64,73.6,8,666.666666667,585.634,0
4007,64,84.3,9.8,666.666666667,1793.767,0
4008,64,76,8.5,666.666666667,1232.2,0
4009,64,67.4,6.8,666.666666667,662.034,0
4010,64,67.4,6.8,666.666666667,83.267,0
4011,64,96.7,13.8,666.666666667,1141.7,0
4012,64,92.1,11,666.666666667,597.734,0
4013,64,83.4,9.7,666.666666667,48.167,0
4014,64,63.1,7.9,666.666666667,1123.5,0
4015,64,56.4,5.8,666.666666667,537.234,0
4016,64,57.5,6,666.666666667,1789.267,0
4017,64,55.8,5.7,666.666666667,1197.1,0
4018,64,56.1,5.7,666.666666667,603.134,0
4019,64,59.7,6.4,666.666666667,1789.967,0
4020,64,56.7,5.9,666.666666667,1208.3,1
4021,64,56,5.7,666.666666667,615.434,0
4022,64,56.2,5.6,666.666666667,21.967,0
4023,64,89.3,10.6,666.666666667,1136.6,0
4024,64,85.2,10.1,666.666666667,584.634,0
4025,64,85,10,666.666666667,28.567,0
4026,64,102.7,12.3,666.666666667,1143,0
4027,64,77.8,9.6,666.666666667,604.134,0
4028,64,89.4,11.1,666.666666667,40.167,0
4029,64,76.8,9.4,666.666666667,1128.3,0
4030,64,66.3,6.7,666.666666667,559.134,0
4031,64,91.9,11.3,666.666666667,1804.067,0
4032,64,78.9,10.1,666.666666667,1253.9,0
4033,64,67.8,8,666.666666667,686.834,0
4034,64,67.9,8.4,666.666666667,108.567,0
4035,64,60.5,7.7,666.666666667,1124.7,0
4036,64,53,5.4,666.666666667,535.034,0
4037,64,95.6,10.8,666.666666667,1804.667,0
4038,64,95.3,13,666.666666667,1259.2,0
4039,64,87.8,9.6,666.666666667,713.034,0
4040,64,88.8,9.8,666.666666667,159.067,0
4041,64,74.9,9.3,666.666666667,1133.5,0
4042,64,67.4,7,666.666666667,562.334,0
4043,64,63.3,7.8,666.666666667,1792.667,0
4044,64,59.6,7.4,666.666666667,1206.3,0
4045,64,58.4,7,666.666666667,616.034,0
4046,64,58.9,7.2,666.666666667,24.867,0
4047,64,58.8,7.5,666.666666667,1122.9,0
4048,64,55.5,5.7,666.666666667,532.134,0
4049,64,90.8,11,666.666666667,1804.667,0
4050,64,79.2,8.4,666.666666667,1267.4,1
4051,64,54.9,5.6,666.666666667,697.134,0
4052,64,55.1,5.5,666.666666667,102.367,0
4053,64,73.4,9.3,666.666666667,1133.9,0
4054,64,66.4,6.8,666.666666667,561.434,0
4055,64,94.2,11.5,666.666666667,1814.267,0
4056,64,82.3,10,666.666666667,1266.3,0
4057,64,81.7,10,666.666666667,706.434,0
4058,64,81.6,10.2,666.666666667,146.067,0
4059,64,74.2,9.1,666.666666667,1131.2,0
4060,64,69.3,8.5,666.666666667,559.634,0
4061,64,56.3,6.7,666.666666667,1792.867,0
4062,64,55.8,6.8,666.666666667,1199,0
4063,64,56.6,7.9,666.666666667,604.534,0
4064,64,62.8,7.7,666.666666667,1794.567,0
4065,64,54.8,6.7,666.666666667,1207,0
4066,64,54.5,6.7,666.666666667,611.234,0
4067,64,54.2,6.7,666.666666667,15.167,0
4068,64,59,7.2,666.666666667,1133.7,0
4069,64,53.5,5.4,666.666666667,542.134,0
4070,64,100.2,11.9,666.666666667,1817.667,0
4071,64,86.4,9.7,666.666666667,1275.2,0
4072,64,86.2,9.6,666.666666667,718.634,0
4073,64,86.9,10.1,666.666666667,162.167,0
4074,64,61.8,7.6,666.666666667,1135.9,0
4075,64,54.5,6.8,666.666666667,547.534,0
4076,64,96.3,13.9,666.666666667,1823.167,0
4077,64,78.2,9.9,666.666666667,1277.6,0
4078,64,69.1,8.3,666.666666667,709.434,0
4079,64,68.6,8.2,666.666666667,132.167,0
4080,64,72.6,9.3,666.666666667,1144.4,1
4081,64,66.1,6.8,666.666666667,570.934,0
4082,64,61.9,8,666.666666667,1790.767,0
4083,64,54.1,5.5,666.666666667,1202.8,0
4084,64,53.8,5.5,666.666666667,606.934,0
4085,64,68.6,7.1,666.666666667,1792.767,0
4086,64,67.4,6.8,666.666666667,1215.3,0
4087,64,67.3,6.8,666.666666667,636.834,0
4088,64,66.8,6.8,666.666666667,58.367,0
4089,64,70.7,9,666.666666667,1127.5,0
4090,64,69.5,8.6,666.666666667,552.134,0
4091,64,74.4,8.8,666.666666667,1798.267,0
4092,64,70.8,8.6,666.666666667,1226.9,0
4093,64,67.7,8.1,666.666666667,651.834,0
4094,64,67.8,8.2,666.666666667,73.167,0
4095,64,71.2,7.9,666.666666667,1126.9,0
4096,64,68.7,6.8,666.666666667,552.234,0
4097,64,91.5,11.2,666.666666667,1816.967,0
4098,64,78.1,10,666.666666667,1266.5,0
4099,64,67.4,8.1,666.666666667,698.234,0
4100,64,68.9,8.5,666.666666667,119.167,0
4101,64,89.1,11.3,666.666666667,1148.4,0
4102,64,79.3,8.1,666.666666667,595.534,0
4103,64,88,12.2,666.666666667,32.567,0
4104,64,61.7,7.5,666.666666667,1127.4,0
4105,64,55.8,6.5,666.666666667,538.834,0
4106,64,101.3,11.7,666.666666667,1801.767,0
4107,64,94.4,10.9,666.666666667,1260.5,0
4108,64,88.2,10.4,666.666666667,711.934,0
4109,64,88.2,10.4,666.666666667,157.167,0
4110,64,61,7.3,666.666666667,1140.1,1
4111,64,56.7,6.9,666.666666667,550.934,0
4112,64,61,7.9,666.666666667,1795.167,0
4113,64,56.1,6.7,666.666666667,1206,0
4114,64,55,6.6,666.666666667,611.734,0
4115,64,66.1,6.7,666.666666667,18.567,0
4116,64,60.5,7.4,666.666666667,1143.7,0
4117,64,53.7,5.5,666.666666667,554.034,0
4118,64,147,28.7,666.666666667,1873.367,0
4119,64,137.8,34.7,666.666666667,1383.5,0
4120,64,99.6,10.2,666.666666667,883.734,0
4121,64,99.8,10.1,666.666666667,345.067,0
4122,64,75.2,9.6,666.666666667,1136.2,0
4123,64,66.4,6.8,666.666666667,564.934,0
4124,64,78.6,9.6,666.666666667,1797.067,0
4125,64,69.4,8.1,666.666666667,1229.8,0
4126,64,59.9,6.7,666.666666667,652.434,0
4127,64,55.4,6.8,666.666666667,61.967,0
4128,64,59.8,7.4,666.666666667,1129.2,0
4129,64,53.2,5.4,666.666666667,538.534,0
4130,64,60.1,7.5,666.666666667,1790.567,0
4131,64,53.6,5.5,666.666666667,1200.4,0
4132,64,53.8,5.4,666.666666667,603.534,0
4133,64,56.5,6,666.666666667,1800.367,0
4134,64,57.7,7.3,666.666666667,1207.3,0
4135,64,57.2,7,666.666666667,615.134,0
4136,64,57.2,6.8,666.666666667,22.667,0
4137,64,58.4,7.2,666.666666667,1122.8,0
4138,64,55.4,5.6,666.666666667,531.434,0
4139,64,98.6,12,666.666666667,1806.367,0
4140,64,86.8,10.3,666.666666667,1277.3,1
4141,64,85.5,9.9,666.666666667,722.734,0
4142,64,86.8,10.5,666.666666667,166.867,0
4143,64,124.2,26,666.666666667,1156.5,0
4144,64,88.3,10.3,666.666666667,638.034,0
4145,64,81.9,9.4,666.666666667,82.767,0
4146,64,65.1,7.4,666.666666667,1130.1,0
4147,64,53.6,5.6,666.666666667,545.034,0
4148,64,71.6,9.1,666.666666667,1798.767,0
4149,64,69.5,8.2,666.666666667,1224.1,0
4150,64,80.4,9.6,666.666666667,647.134,0
4151,64,82.9,9.9,666.666666667,85.267,0
4152,64,75,9.4,666.666666667,1131.7,0
4153,64,66.8,6.8,666.666666667,560.734,0
4154,64,75.9,9.7,666.666666667,1799.267,0
4155,64,65.8,6.6,666.666666667,1229.2,0
4156,64,65.9,6.7,666.666666667,648.634,0
4157,64,65.7,6.6,666.666666667,68.567,0
4158,64,66.7,6.9,666.666666667,1131.7,0
4159,64,65.5,6.6,666.666666667,552.034,0
4160,64,78.2,9.3,666.666666667,1807.067,0
4161,64,69.9,8.2,666.666666667,1239.2,0
4162,64,58.9,6.6,666.666666667,662.834,0
4163,64,56.1,6.6,666.666666667,71.767,0
4164,64,57.3,6.4,666.666666667,1127.3,0
4165,64,53.3,5.3,666.666666667,534.334,0
4166,64,121.1,48.4,666.666666667,1907.667,0
4167,64,58.6,7.6,666.666666667,1378.5,0
4168,64,53.3,5.3,666.666666667,787.134,0
4169,64,53.5,5.6,666.666666667,190.367,0
4170,64,65.1,7.9,666.666666667,1142.1,1
4171,64,57.4,7,666.666666667,558.134,0
4172,64,64,7.9,666.666666667,1791.267,0
4173,64,56,6.8,666.666666667,1204.9,0
4174,64,54.1,6.6,666.666666667,610.434,0
4175,64,54,6.6,666.666666667,13.867,0
4176,64,98.5,11.3,666.666666667,1149.7,0
4177,64,86.9,9.9,666.666666667,605.634,0
4178,64,86.9,9.8,666.666666667,49.767,0
4179,64,66.1,7.7,666.666666667,1131,0
4180,64,54.2,5.6,666.666666667,546.934,0
4181,64,75.4,9.4,666.666666667,1795.467,0
4182,64,69.8,9.1,666.666666667,1224.7,0
4183,64,68.7,8.8,666.666666667,648.034,0
4184,64,68.4,8.3,666.666666667,70.267,0
4185,64,79.6,11.4,666.666666667,1139.1,0
4186,64,69.1,8.5,666.666666667,572.734,0
4187,64,58.6,7.1,666.666666667,1789.567,0
4188,64,55.2,7.1,666.666666667,1198,0
4189,64,53.1,5.4,666.666666667,602.834,0
4190,64,89.1,10.6,666.666666667,1804.967,0
4191,64,80.1,9.7,666.666666667,1252,0
4192,64,67.5,7.9,666.666666667,685.834,0
4193,64,68.1,8.2,666.666666667,106.767,0
4194,64,62.3,7.4,666.666666667,1129.2,0
4195,64,55.8,6.8,666.666666667,541.234,0
4196,64,58.6,6.9,666.666666667,1794.067,0
4197,64,54.5,6.6,666.666666667,1202.4,0
4198,64,53.2,5.4,666.666666667,606.634,0
4199,64,68.7,7.5,666.666666667,1801.667,0
4200,64,66.4,6.8,666.666666667,1233.3,1
4201,64,65.8,6.7,666.666666667,653.534,0
4202,64,65.6,6.6,666.666666667,72.967,0
4203,64,77,9.5,666.666666667,1135.2,0
4204,64,68.5,8.4,666.666666667,566.234,0
4205,64,90.2,11,666.666666667,1814.667,0
4206,64,87.2,10.9,666.666666667,1262.2,0
4207,64,85.2,10.4,666.666666667,706.534,0
4208,64,85,10.4,666.666666667,148.967,0
4209,64,69.2,8.2,666.666666667,1130.3,0
4210,64,60.1,7,666.666666667,549.634,0
4211,64,75.1,8.4,666.666666667,1795.567,0
4212,64,73.8,8.4,666.666666667,1224.7,0
4213,64,67.3,6.8,666.666666667,652.534,0
4214,64,67.1,6.8,666.666666667,73.467,0
4215,64,92.1,14.2,666.666666667,1145.9,0
4216,64,79.9,10.6,666.666666667,596.134,0
4217,64,68.2,8.3,666.666666667,29.667,0
4218,64,63.9,9,666.666666667,1132.2,0
4219,64,55.9,6.9,666.666666667,546.334,0
4220,64,78.5,9.4,666.666666667,1800.767,0
4221,64,69.3,8.8,666.666666667,1233.8,0
4222,64,54.9,6.4,666.666666667,657.134,0
4223,64,53.1,5.4,666.666666667,61.867,0
4224,64,63.2,7.7,666.666666667,1132.8,0
4225,64,55.7,6.8,666.666666667,546.234,0
4226,64,85.2,10.5,666.666666667,1804.867,0
4227,64,65.8,8.1,666.666666667,1239.9,0
4228,64,60.2,6.6,666.666666667,655.534,0
4229,64,79.7,10.1,666.666666667,68.967,0
4230,64,59.4,7.3,666.666666667,1143.9,1
4231,64,55.2,6.6,666.666666667,553.134,0
4232,64,70.1,8.2,666.666666667,1301.967,0
4233,64,68.8,8.4,666.666666667,726,0
4234,64,67.1,6.7,666.666666667,148.834,0
4235,64,83.6,10.2,666.666666667,1308.067,0
4236,64,82,9.7,666.666666667,749.8,0
4237,64,81.8,9.5,666.666666667,190.134,0
4238,64,75.8,9.2,666.666666667,1309.067,0
4239,64,68.4,8.3,666.666666667,738.8,0
4240,64,68.1,8,666.666666667,161.234,0
4241,64,99.9,11.8,666.666666667,1317.767,0
4242,64,87,10.8,666.666666667,775.4,0
4243,64,86.1,10.4,666.666666667,220.134,0
4244,64,94.8,11.2,666.666666667,1315.367,0
4245,64,83.9,10.1,666.666666667,768.1,0
4246,64,84,10.2,666.666666667,210.834,0
4247,64,59.4,7.1,666.666666667,1305.867,0
4248,64,55.2,6.8,666.666666667,715,0
4249,64,54.4,6.5,666.666666667,119.734,0
4250,64,57.9,7.3,666.666666667,1312.767,0
4251,64,54.8,6.7,666.666666667,720.6,0
4252,64,53.1,5.4,666.666666667,125.434,0
4253,64,60.4,7.5,666.666666667,1305.067,0
4254,64,55.7,7.3,666.666666667,715.3,0
4255,64,54.4,6.7,666.666666667,120.534,0
4256,64,72,8.5,666.666666667,1305.767,0
4257,64,69.5,8.7,666.666666667,731.9,0
4258,64,66.7,6.8,666.666666667,155.434,0
4259,64,62.1,7.4,666.666666667,1306.067,0
4260,64,55.3,6.9,666.666666667,729,1
4261,64,54.8,6.7,666.666666667,134.034,0
4262,64,92.8,11.5,666.666666667,835.967,0
4263,64,73.2,8.1,666.666666667,286.9,0
4264,64,62.4,7.9,666.666666667,1482.834,0
4265,64,55.2,5.7,666.666666667,895.667,0
4266,64,59,9.3,666.666666667,301.2,0
4267,64,62.5,7.6,666.666666667,1478.134,0
4268,64,55.7,6.9,666.666666667,890.467,0
4269,64,54.1,6.7,666.666666667,295.8,0
4270,64,72.5,8.8,666.666666667,1489.334,0
4271,64,68.4,8.2,666.666666667,915.567,0
4272,64,67.7,8,666.666666667,337.6,0
4273,64,69.8,8.3,666.666666667,1506.134,0
4274,64,67.4,7.5,666.666666667,929.267,0
4275,64,55.2,5.7,666.666666667,351.2,0
4276,64,97.6,12.5,666.666666667,1497.234,0
4277,64,92.9,11.1,666.666666667,953.667,0
4278,64,91.5,10.9,666.666666667,405.3,0
4279,64,81.4,9.3,666.666666667,1484.934,0
4280,64,71.5,8.1,666.666666667,919.867,0
4281,64,56.2,6.4,666.666666667,344.9,0
4282,64,63.2,7.3,666.666666667,1484.434,0
4283,64,56.1,7.1,666.666666667,897.467,0
4284,64,60.3,8.4,666.666666667,303.3,0
4285,64,94.8,14.2,666.666666667,1491.134,0
4286,64,87.4,11.1,666.666666667,944.667,0
4287,64,65.5,6.9,666.666666667,385.5,0
4288,64,74.9,9.6,666.666666667,1490.334,0
4289,64,66.1,6.8,666.666666667,919.067,0
4290,64,79.2,8.2,666.666666667,354.7,1
4291,64,69.4,9,666.666666667,1487.634,0
4292,64,68.4,8.5,666.666666667,910.867,0
4293,64,80.7,9.7,666.666666667,333.3,0
4294,64,71.2,8.4,666.666666667,988.734,0
4295,64,67.1,8,666.666666667,413.867,0
4296,64,73.4,8.6,666.666666667,2192,0
4297,64,72.6,8.3,666.666666667,1619.134,0
4298,64,79.1,7.9,666.666666667,1049.667,0
4299,64,78.7,7.9,666.666666667,486.4,0
4300,64,77.3,9.5,666.666666667,1530.634,0
4301,64,74.4,10.2,666.666666667,962.067,0
4302,64,80.8,9.7,666.666666667,393.9,0
4303,64,62.6,7.5,666.666666667,1523.934,0
4304,64,55,6.8,666.666666667,936.467,0
4305,64,54.3,6.4,666.666666667,340.9,0
4306,64,100.5,15.5,666.666666667,1698.334,0
4307,64,80.1,8.1,666.666666667,1157.167,0
4308,64,79.8,8,666.666666667,595.4,0
4309,64,79.3,8,666.666666667,33.534,0
4310,64,102.8,12.5,666.666666667,1375.367,0
4311,64,87,10.7,666.666666667,835.8,0
4312,64,92.8,10.6,666.666666667,279.834,0
4313,64,90.3,10.2,666.666666667,903.367,0
4314,64,98.7,11.3,666.666666667,350,0
4315,64,64.7,8.7,666.666666667,1561.434,0
4316,64,55.4,6.8,666.666666667,975.967,0
4317,64,53,5.4,666.666666667,381.1,0
4318,64,89.5,13.9,666.666666667,1583.434,0
4319,64,68.5,9,666.666666667,1026.867,0
4320,64,67.6,8.4,666.666666667,464.1,1
4321,64,61.9,9.5,666.666666667,1569.334,0
4322,64,53,5.4,666.666666667,980.967,0
4323,64,53.4,5.5,666.666666667,383.4,0
4324,64,92.5,11.3,666.666666667,1577.234,0
4325,64,85.3,10.6,666.666666667,1026.967,0
4326,64,84.6,10.4,666.666666667,469.3,0
4327,64,75.6,10.8,666.666666667,2295.534,0
4328,64,55.2,6.6,666.666666667,1721.067,0
4329,64,54.1,6.4,666.666666667,1125.9,0
4330,64,55,6.8,666.666666667,529.734,0
4331,64,62.8,7.8,666.666666667,1625.267,0
4332,64,53.3,5.5,666.666666667,1038.2,0
4333,64,52.6,5.4,666.666666667,441.134,0
4334,64,80.2,9.5,666.666666667,1628.367,0
4335,64,69.7,8.1,666.666666667,1062.6,0
4336,64,69.2,8.1,666.666666667,485.834,0
4337,64,64.4,7.7,666.666666667,1624.867,0
4338,64,53.3,5.5,666.666666667,1039.1,0
4339,64,52.9,5.3,666.666666667,441.534,0
4340,64,79.1,9.6,666.666666667,1638.367,0
4341,64,67.1,6.8,666.666666667,1071.4,0
4342,64,66.5,6.8,666.666666667,492.434,0
4343,64,74.5,9,666.666666667,1629.967,0
4344,64,73.3,8.3,666.666666667,1058.1,0
4345,64,71.8,8,666.666666667,485.034,0
4346,64,68,7.8,666.666666667,1622.667,0
4347,64,56.3,6.6,666.666666667,1040.3,0
4348,64,54.7,6.3,666.666666667,446.434,0
4349,64,62.3,7.7,666.666666667,1621.667,0
4350,64,54,5.6,666.666666667,1046.9,1
4351,64,53.2,5.5,666.666666667,450.334,0
4352,64,166.2,62.8,666.666666667,1721.067,0
4353,64,106.5,13.3,666.666666667,1250.7,0
4354,64,104.6,13.2,666.666666667,719.934,0
4355,64,104.9,13.6,666.666666667,187.367,0
4356,64,61,7.8,666.666666667,954.1,0
4357,64,53.2,5.3,666.666666667,365.134,0
4358,64,64.2,7.8,666.666666667,1627.467,0
4359,64,56.2,6.6,666.666666667,1041.6,0
4360,64,55.6,6.5,666.666666667,447.434,0
4361,64,63.5,7.4,666.666666667,1622.867,0
4362,64,53.8,5.5,666.666666667,1036.6,0
4363,64,53.2,5.4,666.666666667,440.334,0
4364,64,59.7,7.6,666.666666667,1620.067,0
4365,64,52.8,5.3,666.666666667,1029.5,0
4366,64,52.9,5.3,666.666666667,431.934,0
4367,64,77.5,9,666.666666667,1626.567,0
4368,64,69.7,8.3,666.666666667,1058.1,0
4369,64,69.3,8.2,666.666666667,481.434,0
4370,64,66.1,7.8,666.666666667,1622.367,0
4371,64,54.3,5.6,666.666666667,1038.6,0
4372,64,54.1,5.6,666.666666667,442.634,0
4373,64,59.2,6.6,666.666666667,1618.767,0
4374,64,54,5.5,666.666666667,1027.9,0
4375,64,53.3,5.4,666.666666667,431.734,0
4376,64,236.9,103.1,666.666666667,1646.067,0
4377,64,107.6,12.6,666.666666667,1244.9,0
4378,64,107,12.4,666.666666667,714.634,0
4379,64,110.6,12.9,666.666666667,183.467,0
4380,64,83.5,9.6,666.666666667,982.1,1
4381,64,70.4,8.2,666.666666667,419.434,0
4382,64,60.2,7.1,666.666666667,1624.867,0
4383,64,55.2,6.7,666.666666667,1034.8,0
4384,64,53.3,5.4,666.666666667,439.634,0
4385,64,62.7,9.6,666.666666667,1631.567,0
4386,64,55.6,7.1,666.666666667,1044.1,0
4387,64,55.2,6.7,666.666666667,449.634,0
4388,64,77.8,11.7,666.666666667,1628.567,0
4389,64,66.4,6.7,666.666666667,1060.1,0
4390,64,66,6.6,666.666666667,479.934,0
4391,64,60.9,7.7,666.666666667,1619.067,0
4392,64,53.5,5.5,666.666666667,1029.5,0
4393,64,53.1,5.4,666.666666667,432.134,0
4394,64,87.6,10.8,666.666666667,1629.567,0
4395,64,83.6,9.8,666.666666667,1074.4,0
4396,64,83.1,9.8,666.666666667,515.634,0
4397,64,77.9,9.6,666.666666667,1623.967,0
4398,64,66.9,6.9,666.666666667,1055.6,0
4399,64,65.7,6.6,666.666666667,475.934,0
4400,64,80.7,10.2,666.666666667,1626.367,0
4401,64,97.6,11.7,666.666666667,1068.5,0
4402,64,93.6,11.1,666.666666667,527.334,0
4403,64,65.3,7.5,666.666666667,1632.867,0
4404,64,55.6,6.7,666.666666667,1047.9,0
4405,64,54.9,6.5,666.666666667,453.134,0
4406,64,62.8,7.7,666.666666667,1625.167,0
4407,64,53.7,5.4,666.666666667,1037.8,0
4408,64,53.3,5.4,666.666666667,441.034,0
4409,64,86,10.4,666.666666667,1641.067,0
4410,64,79.6,8,666.666666667,1101.1,1
4411,64,78.4,7.9,666.666666667,538.434,0
4412,64,76.3,9.1,666.666666667,1635.967,0
4413,64,72,8.2,666.666666667,1066,0
4414,64,71.4,8,666.666666667,491.734,0
4415,64,73.5,8.3,666.666666667,1632.667,0
4416,64,67.2,7.9,666.666666667,1059.9,0
4417,64,65.3,6.5,666.666666667,480.834,0
4418,64,68.7,8.2,666.666666667,1632.467,0
4419,64,67,7.9,666.666666667,1054.7,0
4420,64,67,7.8,666.666666667,475.234,0
4421,64,95.8,19.4,666.666666667,1666.967,0
4422,64,69,10.8,666.666666667,1119.3,0
4423,64,53.9,6.8,666.666666667,538.134,0
4424,64,91.6,13.3,666.666666667,2144.767,0
4425,64,82.4,8.4,666.666666667,1593.4,0
4426,64,71.8,8,666.666666667,1029.034,0
4427,64,137.6,50.5,666.666666667,450.567,0
4428,64,99.2,12.1,666.666666667,1172.7,0
4429,64,88.1,10.6,666.666666667,628.734,0
4430,64,88.9,10.6,666.666666667,73.867,0
4431,64,65.5,7.6,666.666666667,1150.6,0
4432,64,54.1,5.4,666.666666667,565.934,0
4433,64,63.2,7.7,666.666666667,1810.767,0
4434,64,55.8,7,666.666666667,1223.9,0
4435,64,54.4,6.6,666.666666667,629.434,0
4436,64,54.8,7.1,666.666666667,33.467,0
4437,64,59.9,7.1,666.666666667,1138.5,0
4438,64,54.9,5.6,666.666666667,548.534,0
4439,64,94.5,11.5,666.666666667,1815.467,0
4440,64,70.2,10.9,666.666666667,1284.9,1
4441,64,55.5,6.6,666.666666667,708.734,0
4442,64,55.7,7,666.666666667,114.167,0
4443,64,75.3,9.6,666.666666667,1145.1,0
4444,64,73.8,13.3,666.666666667,574.234,0
4445,64,124.1,14.4,666.666666667,1825.567,0
4446,64,87.3,12.5,666.666666667,1312.5,0
4447,64,72.2,8.1,666.666666667,753.334,0
4448,64,116.2,13.2,666.666666667,187.467,0
4449,64,91.5,10.6,666.666666667,1150.6,0
4450,64,82.9,8.6,666.666666667,599.534,0
4451,64,81.3,8.3,666.666666667,39.567,0
4452,64,68.5,8.3,666.666666667,648.1,0
4453,64,82.3,8.4,666.666666667,68.634,0
4454,64,98.7,11.9,666.666666667,1324.167,0
4455,64,87.9,10.9,666.666666667,780.3,0
4456,64,76,8.4,666.666666667,225.534,0
4457,64,65.2,9.3,666.666666667,1315.767,0
4458,64,55.3,7,666.666666667,730.9,0
4459,64,53.7,6.5,666.666666667,136.134,0
4460,64,76.5,11.7,666.666666667,1320.867,0
4461,64,66.6,6.7,666.666666667,751.7,0
4462,64,66.1,6.7,666.666666667,172.234,0
4463,64,77,9,666.666666667,1319.867,0
4464,64,69.9,8.1,666.666666667,750.8,0
4465,64,69.6,8,666.666666667,174.534,0
4466,64,65.6,7.7,666.666666667,1314.367,0
4467,64,53.9,5.5,666.666666667,729.8,0
4468,64,54.3,5.7,666.666666667,133.434,0
4469,64,78.6,9.4,666.666666667,1319.467,0
4470,64,69.4,8.7,666.666666667,768.2,1
4471,64,68,8.2,666.666666667,191.434,0
4472,64,72.9,9.1,666.666666667,1316.767,0
4473,64,66.8,6.8,666.666666667,743.6,0
4474,64,66.4,6.7,666.666666667,164.434,0
4475,64,84.3,10.3,666.666666667,1342.367,0
4476,64,82.1,9.9,666.666666667,785,0
4477,64,81.6,9.6,666.666666667,225.334,0
4478,64,63.8,7.7,666.666666667,1311.167,0
4479,64,53.3,5.5,666.666666667,724.8,0
4480,64,52.6,5.3,666.666666667,127.734,0
4481,64,99.5,11.4,666.666666667,1326.267,0
4482,64,91.5,10.7,666.666666667,782.9,0
4483,64,89.4,10.4,666.666666667,231.534,0
4484,64,67,7.8,666.666666667,1313.567,0
4485,64,53.6,5.5,666.666666667,730.7,0
4486,64,53,5.3,666.666666667,134.234,0
4487,64,73.9,9.1,666.666666667,1320.267,0
4488,64,68.4,8.1,666.666666667,748.4,0
4489,64,67.7,7.9,666.666666667,171.034,0
4490,64,215.7,78.3,666.666666667,1316.867,0
4491,64,142.8,47.5,666.666666667,889.3,0
4492,64,129.4,16.4,666.666666667,403.434,0
4493,64,62.4,9.5,666.666666667,1317.367,0
4494,64,55.6,7.2,666.666666667,729.5,0
4495,64,52.7,5.4,666.666666667,134.434,0
4496,64,79.5,9.5,666.666666667,1319.467,0
4497,64,70.3,8.5,666.666666667,753.1,0
4498,64,69.9,8.3,666.666666667,176.734,0
4499,64,66.9,9.5,666.666666667,1310.367,0
